satellite_id,window_length,start,end,duration,burst_fraction,snr_db,detected,full_std_I,full_std_Q,full_signal_power,full_papr,full_kurt_I,full_iq_corr,burst_std_I,burst_std_Q,burst_signal_power,burst_papr,burst_kurt_I,burst_iq_corr
92,11000,6,10999,10994,0.9994545454545455,12.245208927966772,True,0.012130980379879475,0.011002510786056519,0.00026822081417776644,4.415197372436523,-1.520398736000061,0.9496604206483992,0.012131662108004093,0.011001719161868095,0.000268220785073936,4.415197849273682,-1.520032525062561,0.9496470079827267
92,11000,1,10999,10999,0.9999090909090909,11.642150320624392,True,0.009849819354712963,0.012533171102404594,0.0002542391302995384,4.593425750732422,-1.5173648595809937,0.944984604695772,0.009849682450294495,0.012533023953437805,0.0002542317088227719,4.593552589416504,-1.5172830820083618,0.9449782186332197
92,11000,2,10999,10998,0.9998181818181818,11.866511263797406,True,0.01451125368475914,0.015369423665106297,0.0004467992694117129,4.2337141036987305,-1.5134053230285645,0.9741409716959533,0.014510235749185085,0.015369649045169353,0.00044677642290480435,4.233936309814453,-1.5131748914718628,0.9741505002553412
92,11000,2,10999,10998,0.9998181818181818,11.286787216834483,True,0.017942337319254875,0.0173521488904953,0.0006231110892258584,4.680809497833252,-1.5914312601089478,0.9773768938820856,0.01794200763106346,0.017351433634757996,0.0006230768049135804,4.68104887008667,-1.5912319421768188,0.9773725201991716
92,11000,6,10999,10994,0.9994545454545455,12.058834171148554,True,0.023813705891370773,0.02439751662313938,0.001162869855761528,4.155177116394043,-1.6164354085922241,0.9885142485785082,0.0238150916993618,0.024396810680627823,0.001162928412668407,4.154958248138428,-1.6160260438919067,0.988515760081799
92,11000,0,10999,11000,1.0,11.51854479230358,True,0.013698898255825043,0.013411144725978374,0.00036774243926629424,3.4847779273986816,-1.561784029006958,0.9572343229659169,0.013698898255825043,0.013411144725978374,0.00036774243926629424,3.4847779273986816,-1.561784029006958,0.9572343229659169
92,11000,2,10999,10998,0.9998181818181818,11.49643343327522,True,0.029171373695135117,0.028164703398942947,0.0016481756465509534,3.118617296218872,-1.668997883796692,0.9904712532995267,0.029170241206884384,0.028163984417915344,0.001648103236220777,3.118807792663574,-1.6688032150268555,0.9904692615000903
92,11000,3,10999,10997,0.9997272727272727,11.841502498533028,True,0.02672244980931282,0.0270039364695549,0.001443440211005509,3.732357978820801,-1.6378777027130127,0.9929204872605117,0.026721443980932236,0.027003295719623566,0.001443360117264092,3.7325990200042725,-1.6376127004623413,0.9929184168940146
92,11000,0,10991,10992,0.9992727272727273,10.00539930122256,True,0.009225336834788322,0.009368641301989555,0.00017302170454058796,5.0582594871521,-1.4823542833328247,0.9227254697723177,0.009224344976246357,0.009369665756821632,0.0001730284420773387,5.0580902099609375,-1.4817267656326294,0.9227031056191771
92,11000,6,10999,10994,0.9994545454545455,11.370424622668837,True,0.031134847551584244,0.031663015484809875,0.001972922822460532,3.2620253562927246,-1.6424946784973145,0.9941280395434843,0.03113379143178463,0.031662315130233765,0.001972856465727091,3.262171506881714,-1.6419570446014404,0.9941246242328466
92,11000,1,10999,10999,0.9999090909090909,11.59954788441323,True,0.02891215682029724,0.02866603620350361,0.0016578093636780977,3.765353202819824,-1.6861621141433716,0.9916879752518516,0.028911439701914787,0.02866581454873085,0.0016577524365857244,3.765502452850342,-1.6860851049423218,0.9916881419991952
92,11000,1,10996,10996,0.9996363636363637,11.45471224898904,True,0.01765519753098488,0.01751290075480938,0.0006184733938425779,3.851435661315918,-1.5918323993682861,0.9680981941997164,0.017654014751315117,0.017512964084744453,0.0006184316007420421,3.851729393005371,-1.5917118787765503,0.9680932558784731
92,11000,4,10996,10993,0.9993636363636363,12.027222288995699,True,0.0263691283762455,0.026064729318022728,0.0013748228084295988,4.651854038238525,-1.5626060962677002,0.9713350112605567,0.026368586346507072,0.026063358411192894,0.001374720479361713,4.652177333831787,-1.5622353553771973,0.9713293259242252
92,11000,2,10999,10998,0.9998181818181818,12.151783115186937,True,0.018449565395712852,0.019903717562556267,0.0007366661448031664,3.888484239578247,-1.6191264390945435,0.9797997402166432,0.018449006602168083,0.01990331895649433,0.0007366335485130548,3.888676166534424,-1.6189392805099487,0.9797952749188663
92,11000,8,10999,10992,0.9992727272727273,11.807551712986237,True,0.02252812869846821,0.020922021940350533,0.0009454763494431973,3.9662692546844482,-1.527273416519165,0.9583306661164609,0.02253088727593422,0.020918697118759155,0.0009454799583181739,3.966252565383911,-1.526877760887146,0.9583528078442237
92,11000,0,10999,11000,1.0,14.379997829882571,True,0.021110322326421738,0.02012038417160511,0.0008505368023179471,4.418186664581299,-1.464529275894165,0.9500025536385307,0.021110322326421738,0.02012038417160511,0.0008505368023179471,4.418186664581299,-1.464529275894165,0.9500025536385307
92,11000,0,10999,11000,1.0,12.284764244656746,True,0.019607052206993103,0.01991666480898857,0.0007811374380253255,3.866586208343506,-1.6066917181015015,0.9845113724943418,0.019607052206993103,0.01991666480898857,0.0007811374380253255,3.866586208343506,-1.6066917181015015,0.9845113724943418
92,11000,2,10999,10998,0.9998181818181818,11.584516890556351,True,0.023974621668457985,0.02640247531235218,0.0012718996731564403,3.6191084384918213,-1.6546103954315186,0.9879847035887038,0.023973485454916954,0.02640266716480255,0.0012718560174107552,3.619257926940918,-1.654447317123413,0.9879888819550827
92,11000,0,10999,11000,1.0,12.31957981805852,True,0.023799197748303413,0.023619046434760094,0.0011243039043620229,3.4970319271087646,-1.66193425655365,0.9892036651633432,0.023799197748303413,0.023619046434760094,0.0011243039043620229,3.4970319271087646,-1.66193425655365,0.9892036651633432
92,11000,2,10999,10998,0.9998181818181818,10.136319383711786,True,0.014360951259732246,0.01468249037861824,0.0004218332178425044,4.313811302185059,-1.5737861394882202,0.9688249134889174,0.014359431341290474,0.0146825285628438,0.0004217895620968193,4.314260482788086,-1.5736976861953735,0.9688374880206325
92,11000,0,10999,11000,1.0,11.545526312030134,True,0.02969803847372532,0.030778098851442337,0.0018292848253622651,3.6373541355133057,-1.6809707880020142,0.990816060213412,0.02969803847372532,0.030778098851442337,0.0018292848253622651,3.6373541355133057,-1.6809707880020142,0.990816060213412
92,11000,5,10998,10994,0.9994545454545455,11.785147437124957,True,0.011597753502428532,0.011948463506996632,0.0002773417509160936,4.8996076583862305,-1.4974664449691772,0.9626142878861166,0.011598966084420681,0.011947070248425007,0.00027733450406230986,4.899721145629883,-1.4973596334457397,0.96263989484635
92,11000,0,10999,11000,1.0,12.361579052534466,True,0.0187612846493721,0.017290178686380386,0.0006510691018775105,4.43100118637085,-1.6069341897964478,0.9726555808507056,0.0187612846493721,0.017290178686380386,0.0006510691018775105,4.43100118637085,-1.6069341897964478,0.9726555808507056
92,11000,0,10998,10999,0.9999090909090909,12.134478346852882,True,0.023087801411747932,0.02378530614078045,0.0010990985902026296,3.9579620361328125,-1.64985191822052,0.9912775660299201,0.023087570443749428,0.023784799501299858,0.0010990651790052652,3.9580941200256348,-1.649850606918335,0.9912770248370132
92,11000,0,10999,11000,1.0,11.817336815359198,True,0.02671567164361477,0.025562336668372154,0.001367323799058795,3.9446334838867188,-1.6369470357894897,0.9907084997395363,0.02671567164361477,0.025562336668372154,0.001367323799058795,3.9446334838867188,-1.6369470357894897,0.9907084997395363
92,11000,4,10999,10996,0.9996363636363637,13.017168109089337,True,0.027080316096544266,0.02810077928006649,0.0015235613100230694,3.389408588409424,-1.6090195178985596,0.99048573514777,0.02707994356751442,0.028100991621613503,0.0015235746977850795,3.3893702030181885,-1.6087000370025635,0.990482826385068
92,11000,4,10999,10996,0.9996363636363637,12.08968220857628,True,0.008502798154950142,0.007572167553007603,0.00012969266390427947,5.9924702644348145,-1.3990638256072998,0.9114531618023181,0.008500944823026657,0.007572613190859556,0.00012966999202035367,5.993229866027832,-1.3984365463256836,0.911486251529883
92,11000,0,10999,11000,1.0,10.495112976753537,True,0.017358016222715378,0.0177318025380373,0.0006158261094242334,4.3014140129089355,-1.621222734451294,0.9755216439962644,0.017358016222715378,0.0177318025380373,0.0006158261094242334,4.3014140129089355,-1.621222734451294,0.9755216439962644
92,11000,2,10991,10990,0.9990909090909091,11.639233135745588,True,0.01851438358426094,0.019147945567965508,0.0007096317713148892,3.832486629486084,-1.6141059398651123,0.9853049627671405,0.018512466922402382,0.019151141867041588,0.000709695101249963,3.832099199295044,-1.6139110326766968,0.9853372619768855
92,11000,2,10997,10996,0.9996363636363637,11.009845883391678,True,0.028527820482850075,0.027124006301164627,0.0015506984200328588,3.866800308227539,-1.6739888191223145,0.9901117251183587,0.028526030480861664,0.02712234854698181,0.0015505066839978099,3.8673365116119385,-1.673830509185791,0.990108519313722
92,11000,0,10996,10997,0.9997272727272727,12.140527063088333,True,0.017263613641262054,0.015215970575809479,0.0005296571180224419,4.329178810119629,-1.5970441102981567,0.9764235924239872,0.01726355589926243,0.01521639246493578,0.0005296699237078428,4.329073905944824,-1.5970138311386108,0.9764196973204061
92,11000,4,10994,10991,0.9991818181818182,11.344128922324286,True,0.007734459824860096,0.008653540164232254,0.00013485789531841874,5.166370868682861,-1.2283965349197388,0.8951656206373703,0.00773254781961441,0.008653316646814346,0.000134824585984461,5.167443752288818,-1.2276294231414795,0.8951044546990109
92,11000,0,10992,10993,0.9993636363636363,10.936937865233,True,0.011832899414002895,0.011515171267092228,0.0002727367973420769,4.382058143615723,-1.5434237718582153,0.9609406401974506,0.01183203887194395,0.011516374535858631,0.0002727513783611357,4.381825923919678,-1.5431201457977295,0.9609437003471423
92,11000,1,10994,10994,0.9994545454545455,11.8520826875356,True,0.022278953343629837,0.019010838121175766,0.0008581578731536865,3.8839874267578125,-1.6174472570419312,0.9865444533346712,0.022279351949691772,0.019009506329894066,0.0008581325528211892,3.88411545753479,-1.6173986196517944,0.9865444159602605
92,11000,3,10994,10992,0.9992727272727273,9.336737052535177,True,0.02772287279367447,0.02757025882601738,0.0015289871953427792,2.957797050476074,-1.7616372108459473,0.9776134461038636,0.027720361948013306,0.027568770572543144,0.0015287607675418258,2.9584403038024902,-1.7614766359329224,0.9775981133127357
92,11000,11,10996,10986,0.9987272727272727,9.536710865104698,True,0.008540207520127296,0.008005131036043167,0.00013702575233764946,4.5605902671813965,-1.4792269468307495,0.9161605361899794,0.0085380170494318,0.008005097508430481,0.00013698695693165064,4.561820030212402,-1.4781140089035034,0.9161857893318422
92,11000,0,10999,11000,1.0,11.70038766864565,True,0.015192183665931225,0.01205684058368206,0.0003763512650039047,4.893892288208008,-1.444860816001892,0.9386067781545441,0.015192183665931225,0.01205684058368206,0.0003763512650039047,4.893892288208008,-1.444860816001892,0.9386067781545441
92,11000,0,10997,10998,0.9998181818181818,11.023274633109313,True,0.016811957582831383,0.01571953296661377,0.0005299988551996648,3.3834047317504883,-1.6373308897018433,0.9652489512600382,0.016811935231089592,0.015719017013907433,0.000529981218278408,3.383549451828003,-1.6372860670089722,0.9652437772192163
92,11000,0,10999,11000,1.0,11.473310227187731,True,0.013265658169984818,0.01269008032977581,0.000337081088218838,4.003509998321533,-1.5588102340698242,0.9609215911101174,0.013265658169984818,0.01269008032977581,0.000337081088218838,4.003509998321533,-1.5588102340698242,0.9609215911101174
92,11000,0,10999,11000,1.0,12.222745229214409,True,0.019192755222320557,0.018219536170363426,0.0007006644154898822,3.716113805770874,-1.6022223234176636,0.9807643508925772,0.019192755222320557,0.018219536170363426,0.0007006644154898822,3.716113805770874,-1.6022223234176636,0.9807643508925772
92,11000,5,10999,10995,0.9995454545454545,11.422148440039695,True,0.025607913732528687,0.027439193800091743,0.0014092958299443126,3.901838779449463,-1.6227933168411255,0.9925456792966173,0.02560661919414997,0.027438251301646233,0.001409207470715046,3.9021105766296387,-1.6222856044769287,0.9925419087495749
92,11000,0,10992,10993,0.9993636363636363,10.794519485635178,True,0.01188893523067236,0.010900930501520634,0.0002602416789159179,4.889357566833496,-1.51045560836792,0.9295111137268302,0.011887832544744015,0.01090294774621725,0.0002602643799036741,4.888978958129883,-1.5101380348205566,0.9295493252728315
92,11000,0,10995,10996,0.9996363636363637,12.119198803725638,True,0.03681247681379318,0.03682916238903999,0.0027118234429508448,3.542783737182617,-1.655362844467163,0.9932895160616088,0.03681168705224991,0.03683004900813103,0.002711849519982934,3.5427422523498535,-1.6553550958633423,0.9932899675278036
92,11000,0,10999,11000,1.0,12.642308534221803,True,0.011723106727004051,0.013158545829355717,0.0003106548683717847,4.919510841369629,-1.4883078336715698,0.9596585356541798,0.011723106727004051,0.013158545829355717,0.0003106548683717847,4.919510841369629,-1.4883078336715698,0.9596585356541798
92,11000,1,10999,10999,0.9999090909090909,12.917190729903334,True,0.01984497718513012,0.019801290705800056,0.0007861351477913558,4.460208415985107,-1.5042344331741333,0.9655576083575967,0.019844938069581985,0.01980096846818924,0.0007861217600293458,4.460282802581787,-1.5041395425796509,0.9655548031562339
85,11000,0,10999,11000,1.0,11.088268446038395,True,0.009568692184984684,0.009527944959700108,0.00018238724442198873,5.375244140625,-1.4192191362380981,0.9412228878091764,0.009568692184984684,0.009527944959700108,0.00018238724442198873,5.375244140625,-1.4192191362380981,0.9412228878091764
85,11000,2,10999,10998,0.9998181818181818,12.029238649774964,True,0.013755902647972107,0.012841759249567986,0.00035440822830423713,4.648366451263428,-1.522542953491211,0.9609301929796905,0.013754609040915966,0.012842179276049137,0.0003543876809999347,4.648618221282959,-1.5223289728164673,0.9609563533138641
85,11000,10,10992,10983,0.9984545454545455,10.405655883907556,True,0.019314773380756378,0.016646629199385643,0.0006514072301797569,4.494004726409912,-1.525565266609192,0.9411051746976002,0.019318297505378723,0.016639795154333115,0.0006513327825814486,4.494500637054443,-1.5251080989837646,0.941103707236882
85,11000,1,10998,10998,0.9998181818181818,11.385007476817329,True,0.029102858155965805,0.027572982013225555,0.0016075955936685205,3.721257448196411,-1.642399787902832,0.991495569203539,0.029101554304361343,0.02757224254310131,0.0016074787126854062,3.7215733528137207,-1.6423163414001465,0.9914954208562919
85,11000,6,10989,10984,0.9985454545454545,11.322655743494781,True,0.014210677705705166,0.012952132150530815,0.00036987930070608854,5.0960540771484375,-1.5018452405929565,0.947188552652591,0.014208401553332806,0.012956131249666214,0.0003699237131513655,5.095532417297363,-1.5009020566940308,0.9472921912977914
85,11000,0,10999,11000,1.0,10.73428727788677,True,0.021557163447141647,0.01991119608283043,0.0008616024279035628,4.12123441696167,-1.5512161254882812,0.9401828911856094,0.021557163447141647,0.01991119608283043,0.0008616024279035628,4.12123441696167,-1.5512161254882812,0.9401828911856094
85,11000,2,10998,10997,0.9997272727272727,11.042912908200787,True,0.009064746089279652,0.00987129844725132,0.00017965635925065726,4.473484992980957,-1.441685676574707,0.9355666077938687,0.009064660407602787,0.009870218113064766,0.00017963323625735939,4.474042892456055,-1.441515326499939,0.9355556298061304
85,11000,0,10999,11000,1.0,12.193386700635527,True,0.020961454138159752,0.021499602124094963,0.0009025658946484327,3.852391481399536,-1.5886328220367432,0.9876172015821301,0.020961454138159752,0.021499602124094963,0.0009025658946484327,3.852391481399536,-1.5886328220367432,0.9876172015821301
85,11000,1,10996,10996,0.9996363636363637,13.163680856476107,True,0.01787131279706955,0.017605293542146683,0.0006296388455666602,4.153019905090332,-1.5668723583221436,0.9843815513906348,0.01787147857248783,0.017605213448405266,0.0006296464125625789,4.152967929840088,-1.5668054819107056,0.9843780446446333
85,11000,6,10999,10994,0.9994545454545455,11.308547685160812,True,0.01521418709307909,0.014130097813904285,0.0004311499942559749,3.8807785511016846,-1.590386152267456,0.9666229009361231,0.015215221792459488,0.01412828266620636,0.0004311332304496318,3.8809471130371094,-1.590222954750061,0.9666355471370847
85,11000,0,10998,10999,0.9999090909090909,13.399140117155522,True,0.011634108610451221,0.011917964555323124,0.0002776629407890141,5.299230575561523,-1.4726482629776,0.954831491011868,0.011634225957095623,0.011917684227228165,0.00027765784761868417,5.29931116104126,-1.4726721048355103,0.9548323286032272
85,11000,0,10999,11000,1.0,11.6126975715761,True,0.02631431818008423,0.026786766946315765,0.0014103902503848076,3.440656900405884,-1.6557786464691162,0.9786630551724306,0.02631431818008423,0.026786766946315765,0.0014103902503848076,3.440656900405884,-1.6557786464691162,0.9786630551724306
85,11000,0,10999,11000,1.0,13.05375847556088,True,0.02227194979786873,0.020772188901901245,0.0009278380894102156,3.911705493927002,-1.6093829870224,0.9869569558677469,0.02227194979786873,0.020772188901901245,0.0009278380894102156,3.911705493927002,-1.6093829870224,0.9869569558677469
85,11000,1,10999,10999,0.9999090909090909,12.17581812056386,True,0.012767240405082703,0.013211855664849281,0.00033765853731893003,4.479335784912109,-1.4619812965393066,0.9533037893496075,0.012767081148922443,0.013211711309850216,0.00033765172702260315,4.4794230461120605,-1.4618520736694336,0.9532984609312305
85,11000,0,10995,10996,0.9996363636363637,10.67821750856549,True,0.01221410371363163,0.012214016169309616,0.00029891470330767334,5.160774230957031,-1.5246193408966064,0.9367314715161934,0.012215365655720234,0.012213943526148796,0.00029893600731156766,5.160464286804199,-1.5248892307281494,0.9367380304059307
85,11000,0,10999,11000,1.0,11.227346403403613,True,0.009244966320693493,0.009730259887874126,0.0001801540784072131,5.106001377105713,-1.4043300151824951,0.9289833248565275,0.009244966320693493,0.009730259887874126,0.0001801540784072131,5.106001377105713,-1.4043300151824951,0.9289833248565275
85,11000,0,10995,10996,0.9996363636363637,13.069255868052982,True,0.024221841245889664,0.023645078763365746,0.001145809656009078,3.476804256439209,-1.6207650899887085,0.9864350143093009,0.024223007261753082,0.02364514395594597,0.001145868911407888,3.476579427719116,-1.6208490133285522,0.9864340677465985
85,11000,9,10939,10931,0.9937272727272727,10.117292071221433,True,0.010316601023077965,0.008907761424779892,0.00018594285938888788,4.4039201736450195,-1.405083179473877,0.9369659255331285,0.010333859361708164,0.008927181363105774,0.00018663133960217237,4.387869834899902,-1.4082649946212769,0.9369077157610904
85,11000,0,10999,11000,1.0,12.838471435412167,True,0.02219993993639946,0.020637793466448784,0.000918859732337296,4.0629096031188965,-1.620947241783142,0.9866009363749606,0.02219993993639946,0.020637793466448784,0.000918859732337296,4.0629096031188965,-1.620947241783142,0.9866009363749606
85,11000,0,10987,10988,0.9989090909090909,11.054906109926506,True,0.029872441664338112,0.02858266979455948,0.0017100865952670574,3.842803478240967,-1.6191182136535645,0.9809296722760369,0.02987888641655445,0.028586704283952713,0.0017107431776821613,3.8411364555358887,-1.6194489002227783,0.9809196253601821
85,11000,0,10989,10990,0.9990909090909091,13.01992308592888,True,0.03378840908408165,0.032671451568603516,0.0022105718962848186,4.3476152420043945,-1.6176319122314453,0.9861901934267431,0.033794742077589035,0.03267405554652214,0.002211254322901368,4.3462748527526855,-1.617946743965149,0.9861904913129429
85,11000,4,10999,10996,0.9996363636363637,14.360868095568367,True,0.01382637768983841,0.013254787772893906,0.0003671822196338326,4.792756080627441,-1.5483760833740234,0.9667388732432362,0.013826659880578518,0.013254579156637192,0.0003671917656902224,4.7926435470581055,-1.5479849576950073,0.9667287471419933
85,11000,2,10999,10998,0.9998181818181818,12.74597187615118,True,0.03521446883678436,0.03828253969550133,0.002705981023609638,3.4503424167633057,-1.6499639749526978,0.9922275543368281,0.03521334379911423,0.038282375782728195,0.002705878112465143,3.450507640838623,-1.6498044729232788,0.9922276246998455
85,11000,0,10998,10999,0.9999090909090909,12.893550891483576,True,0.025760293006896973,0.02736562117934227,0.0014129446353763342,3.844686985015869,-1.622318983078003,0.9882292104263033,0.025760389864444733,0.0273649413138628,0.0014129170449450612,3.8447723388671875,-1.622322678565979,0.9882316397670046
85,11000,0,10999,11000,1.0,11.739369194643762,True,0.010101867839694023,0.011448414996266365,0.00023320017498917878,4.8369221687316895,-1.498103141784668,0.94202545194478,0.010101867839694023,0.011448414996266365,0.00023320017498917878,4.8369221687316895,-1.498103141784668,0.94202545194478
85,11000,7,10996,10990,0.9990909090909091,9.930389775067749,True,0.008407499641180038,0.009047592990100384,0.00015262153465300798,4.785417079925537,-1.2417194843292236,0.89679300125305,0.00840744748711586,0.009046711027622223,0.00015260504733305424,4.785886287689209,-1.2411699295043945,0.8967287181859911
85,11000,2,10998,10997,0.9997272727272727,11.311172191600612,True,0.016257693991065025,0.017061559483408928,0.0005559040582738817,4.875781536102295,-1.5809686183929443,0.9716203488925633,0.016256432980298996,0.01706130988895893,0.0005558537668548524,4.876174449920654,-1.5807867050170898,0.9716177684389106
85,11000,5,10999,10995,0.9995454545454545,12.611992282944861,True,0.029568610712885857,0.030866539105772972,0.0018275670008733869,3.6809492111206055,-1.6197954416275024,0.9920600464780358,0.029568525031208992,0.030866708606481552,0.0018276006449013948,3.6808700561523438,-1.61936616897583,0.9920565425924587
85,11000,2,10999,10998,0.9998181818181818,11.284590272465422,True,0.03474156931042671,0.034724947065114975,0.002413250505924225,3.367436408996582,-1.6671640872955322,0.9933006917296677,0.03474041447043419,0.034723710268735886,0.0024130968376994133,3.36771297454834,-1.6669660806655884,0.9932990244272292
85,11000,4,10984,10981,0.9982727272727273,10.27996503796048,True,0.018487902358174324,0.020092735067009926,0.0007464083028025925,4.732222080230713,-1.5154463052749634,0.9592589524607261,0.018494823947548866,0.02009223960340023,0.0007466854876838624,4.730610370635986,-1.5161021947860718,0.9593400307168086
85,11000,6,10998,10993,0.9993636363636363,11.192406577613117,True,0.012770986184477806,0.013087869621813297,0.0003344507422298193,3.8918910026550293,-1.6052166223526,0.9673821814195536,0.012770457193255424,0.01308772899210453,0.00033443747088313103,3.8920629024505615,-1.6047419309616089,0.967360863578457
85,11000,3,10999,10997,0.9997272727272727,11.120340457689421,True,0.028229929506778717,0.02896961197257042,0.0016369734657928348,3.9994916915893555,-1.6452460289001465,0.9923657659831625,0.02822933904826641,0.02896842360496521,0.001636893255636096,3.999704360961914,-1.6449707746505737,0.9923638155385236
85,11000,8,10999,10992,0.9992727272727273,10.731037799539553,True,0.010286050848662853,0.010500526987016201,0.00021613537683151662,5.163164138793945,-1.4636129140853882,0.9362895343628725,0.010284570045769215,0.010501356795430183,0.0002161164884455502,5.163543224334717,-1.4624953269958496,0.9362710506954842
85,11000,0,10997,10998,0.9998181818181818,12.163518824690422,True,0.022321321070194244,0.02150098606944084,0.0009606793755665421,4.207951068878174,-1.6124004125595093,0.9864851857851474,0.022321416065096855,0.021499887108802795,0.0009606409003026783,4.208125114440918,-1.612392544746399,0.9864889005361569
85,11000,0,10996,10997,0.9997272727272727,12.257848646474315,True,0.028246130794286728,0.028473522514104843,0.0016087908297777176,3.5277819633483887,-1.6250399351119995,0.9923328255096198,0.02824617363512516,0.02847319096326828,0.0016087839612737298,3.5278005599975586,-1.625023603439331,0.9923309594315288
85,11000,3,10999,10997,0.9997272727272727,12.453583741948131,True,0.036673545837402344,0.03561355173587799,0.002613446908071637,3.700007438659668,-1.6396150588989258,0.9954525090994611,0.036674413830041885,0.03561133146286011,0.002613364951685071,3.700144052505493,-1.6394439935684204,0.9954632219408408
85,11000,0,10999,11000,1.0,12.664150476889091,True,0.0397922620177269,0.040032822638750076,0.0031863527838140726,3.822765350341797,-1.6647354364395142,0.9959094779774866,0.0397922620177269,0.040032822638750076,0.0031863527838140726,3.822765350341797,-1.6647354364395142,0.9959094779774866
85,11000,0,10999,11000,1.0,11.313407287951936,True,0.013736790977418423,0.013239896856248379,0.00036416607326827943,5.048166275024414,-1.5100324153900146,0.9599940996246773,0.013736790977418423,0.013239896856248379,0.00036416607326827943,5.048166275024414,-1.5100324153900146,0.9599940996246773
85,11000,0,10987,10988,0.9989090909090909,12.623931331089537,True,0.011976033449172974,0.010674702934920788,0.0002576167171355337,4.302707672119141,-1.5060757398605347,0.948375629621563,0.011975310742855072,0.010677034966647625,0.00025766564067453146,4.301883220672607,-1.5054148435592651,0.9483708156111139
85,11000,0,10991,10992,0.9992727272727273,12.582969965489756,True,0.038737703114748,0.03686729818582535,0.0028609735891222954,3.6610543727874756,-1.621367335319519,0.9951272858583324,0.0387413389980793,0.03686927631497383,0.00286147091537714,3.66029953956604,-1.6215262413024902,0.9951258538090514
85,11000,8,10994,10987,0.9988181818181818,11.06238215021897,True,0.011499006301164627,0.01140577346086502,0.0002626963541842997,4.741286754608154,-1.5469481945037842,0.9556095830606893,0.011497375555336475,0.0114064309746027,0.0002626811037771404,4.741539001464844,-1.5461269617080688,0.9556653399783344
85,11000,0,10999,11000,1.0,13.145937090336503,True,0.029590163379907608,0.02874581329524517,0.0017022788524627686,3.2930383682250977,-1.660951018333435,0.993115407285175,0.029590163379907608,0.02874581329524517,0.0017022788524627686,3.2930383682250977,-1.660951018333435,0.993115407285175
85,11000,0,10791,10792,0.9810909090909091,12.710289363554574,True,0.008732451125979424,0.008018635213375092,0.00014140944404061884,5.117617607116699,-1.378686785697937,0.8820464800999764,0.008806638419628143,0.008085235953330994,0.00014384958194568753,5.043315887451172,-1.4021047353744507,0.8827343120754524
85,11000,0,10997,10998,0.9998181818181818,11.730863698174277,True,0.03604106977581978,0.03618551045656204,0.002608570037409663,3.3725790977478027,-1.6854627132415771,0.9919292072125786,0.03604019060730934,0.03618569299578667,0.002608516253530979,3.372668981552124,-1.6854641437530518,0.991929754227307
85,11000,7,10998,10992,0.9992727272727273,12.2075253674378,True,0.010702584870159626,0.00975791271775961,0.00020980820409022272,4.597169876098633,-1.415766716003418,0.951161999098308,0.010702253319323063,0.009758819825947285,0.0002098164550261572,4.596999168395996,-1.4149765968322754,0.9511478805265731
85,11000,12,10975,10964,0.9967272727272727,10.040810330683188,True,0.00914333201944828,0.007392421364784241,0.00013825461792293936,5.33845853805542,-1.3682578802108765,0.9115594659723251,0.00915108434855938,0.007396913133561611,0.00013846351066604257,5.331902027130127,-1.369619369506836,0.9116917431642522
85,11000,0,10999,11000,1.0,12.187505402398557,True,0.023968033492565155,0.02493482641875744,0.0011968361213803291,3.5922181606292725,-1.6333732604980469,0.9883743326006019,0.023968033492565155,0.02493482641875744,0.0011968361213803291,3.5922181606292725,-1.6333732604980469,0.9883743326006019
85,11000,0,10992,10993,0.9993636363636363,12.42547612620035,True,0.028484027832746506,0.028264204040169716,0.0016105228569358587,4.106177806854248,-1.6159077882766724,0.9935264544927961,0.028483670204877853,0.028266366571187973,0.001610652427189052,4.105828285217285,-1.6158360242843628,0.9935297297346387
85,11000,0,10996,10997,0.9997272727272727,12.479720276332621,True,0.04314972460269928,0.04387804865837097,0.0037876833230257034,3.7008919715881348,-1.6487265825271606,0.9972579505919447,0.04314950481057167,0.04387768357992172,0.003787656081840396,3.700923442840576,-1.648718237876892,0.9972571851021506
85,11000,4,10999,10996,0.9996363636363637,12.238586976999567,True,0.032102733850479126,0.03169306367635727,0.002036282094195485,3.71688175201416,-1.658772587776184,0.9926666398588229,0.032102156430482864,0.03169305622577667,0.0020362765062600374,3.7168936729431152,-1.6584131717681885,0.9926642631118605
85,11000,0,10993,10994,0.9994545454545455,11.610168019947329,True,0.010972297750413418,0.010577460750937462,0.00023231309023685753,4.478833198547363,-1.5387629270553589,0.9444830714093546,0.010969270020723343,0.010579182766377926,0.00023228564532473683,4.479346752166748,-1.5386884212493896,0.9446139645029533
85,11000,5,10999,10995,0.9995454545454545,11.584590459057296,True,0.034137528389692307,0.03681454434990883,0.0025214138440787792,3.53824520111084,-1.6391284465789795,0.988179895999572,0.03413502499461174,0.03681467846035957,0.00252129347063601,3.538451671600342,-1.6386584043502808,0.988179392857635
85,11000,8,10999,10992,0.9992727272727273,10.362218414637761,True,0.012967508286237717,0.014631099067628384,0.00038231094367802143,4.527622222900391,-1.5492236614227295,0.958733477004369,0.0129640381783247,0.014633690938353539,0.0003823055885732174,4.527683258056641,-1.548580527305603,0.9588313102326652
85,11000,16,10994,10979,0.9980909090909091,11.601580415240402,True,0.010938180610537529,0.011197921819984913,0.0002452918270137161,5.019439697265625,-1.2668585777282715,0.9167382225095552,0.010940328240394592,0.011199042201042175,0.00024537747958675027,5.017923355102539,-1.2654935121536255,0.9166924192332581
85,11000,4,10999,10996,0.9996363636363637,11.89530000293265,True,0.03175989165902138,0.03073553554713726,0.00195340090431273,3.6830854415893555,-1.6420222520828247,0.993406195376411,0.03175974264740944,0.030734822154045105,0.00195335247553885,3.6831929683685303,-1.6417206525802612,0.993404050093979
85,11000,0,10997,10998,0.9998181818181818,11.706347582919198,True,0.032694075256586075,0.03296505659818649,0.0021560261957347393,3.665750503540039,-1.666069746017456,0.9915578413365984,0.032693952322006226,0.03296392783522606,0.0021559554152190685,3.665893077850342,-1.6660332679748535,0.991558097160275
85,11000,1,10999,10999,0.9999090909090909,11.893832205764514,True,0.03149609640240669,0.03200919181108475,0.0020174398086965084,3.1957828998565674,-1.6732512712478638,0.992537862046135,0.03149547427892685,0.032008666545152664,0.0020173753146082163,3.1959218978881836,-1.6731717586517334,0.9925369619921367
85,11000,0,10999,11000,1.0,10.823451484062128,True,0.018913252279162407,0.02041778154671192,0.0007746267947368324,3.5085110664367676,-1.6084152460098267,0.9816716190596153,0.018913252279162407,0.02041778154671192,0.0007746267947368324,3.5085110664367676,-1.6084152460098267,0.9816716190596153
85,11000,0,10996,10997,0.9997272727272727,11.63300251718686,True,0.023816319182515144,0.02302086539566517,0.0010973389726132154,3.972935438156128,-1.6198761463165283,0.9864551836375106,0.023816512897610664,0.023019060492515564,0.0010972683085128665,3.973215103149414,-1.6199065446853638,0.9864616286522047
85,11000,6,10997,10992,0.9992727272727273,11.029804377188885,True,0.014831124804913998,0.014461386948823929,0.00042911642231047153,4.121788024902344,-1.6183745861053467,0.9724034534214665,0.014829261228442192,0.01446228101849556,0.0004290856886655092,4.122098922729492,-1.6178839206695557,0.9724044597098228
85,11000,0,10998,10999,0.9999090909090909,11.783383248143338,True,0.01727912202477455,0.017415236681699753,0.0006018615094944835,4.427417755126953,-1.5651131868362427,0.9733863853009437,0.01727941818535328,0.017414718866348267,0.0006018536514602602,4.427474498748779,-1.5651352405548096,0.9733948376070052
85,11000,1,10999,10999,0.9999090909090909,11.520075404219494,True,0.008960236795246601,0.008959782309830189,0.00016066982061602175,4.884377479553223,-1.4303767681121826,0.9180777147579144,0.00895994808524847,0.00895958673208952,0.00016066092939581722,4.884617805480957,-1.4302799701690674,0.918066219865665
85,11000,0,10999,11000,1.0,13.013244981933237,True,0.01695314608514309,0.017906928434967995,0.0006080993916839361,3.8617258071899414,-1.565075159072876,0.9656880026891687,0.01695314608514309,0.017906928434967995,0.0006080993916839361,3.8617258071899414,-1.565075159072876,0.9656880026891687
85,11000,8,10999,10992,0.9992727272727273,11.17423974981782,True,0.010362619534134865,0.011448780074715614,0.00023846716794651002,4.398530960083008,-1.4582130908966064,0.9458903919482716,0.010361837223172188,0.01144961453974247,0.0002384711115155369,4.398459434509277,-1.4573625326156616,0.945866320794169
85,11000,0,10999,11000,1.0,13.10421497409763,True,0.0471966415643692,0.04617025703191757,0.004359594080597162,3.526677131652832,-1.6343337297439575,0.9945816185439345,0.0471966415643692,0.04617025703191757,0.004359594080597162,3.526677131652832,-1.6343337297439575,0.9945816185439345
87,11000,5,10994,10990,0.9990909090909091,11.294859775964554,True,0.009882642887532711,0.009445460513234138,0.0001870821142802015,5.049156665802002,-1.5250945091247559,0.9384738152355155,0.009882237762212753,0.009444507770240307,0.00018705599359236658,5.049762725830078,-1.524591326713562,0.938411335672459
87,11000,8,10994,10987,0.9988181818181818,11.24022577958522,True,0.017286071553826332,0.01607447862625122,0.000557722756639123,4.160752773284912,-1.4618302583694458,0.9272318295091816,0.017286989837884903,0.016075899824500084,0.0005578101263381541,4.160072326660156,-1.4612245559692383,0.9271851385050806
87,11000,1,10999,10999,0.9999090909090909,12.59809652574253,True,0.02453124150633812,0.024718884378671646,0.0012128804810345173,3.653181552886963,-1.6312071084976196,0.9877429645988368,0.024530818685889244,0.02471848390996456,0.0012128400849178433,3.6533262729644775,-1.6311248540878296,0.9877414465505991
87,11000,0,10993,10994,0.9994545454545455,11.572428402540602,True,0.016158901154994965,0.018194226548075676,0.0005924250581301749,3.671851396560669,-1.6234647035598755,0.9790890318333523,0.01615913398563862,0.018194515258073807,0.0005924563156440854,3.6716222763061523,-1.623429536819458,0.9790783281978168
87,11000,11,10999,10989,0.999,10.469525944248353,True,0.007370103150606155,0.008597011677920818,0.00012841288116760552,4.8784098625183105,-1.4756368398666382,0.9199850764872585,0.0073685841634869576,0.008599654771387577,0.00012844301818404347,4.8773908615112305,-1.4746330976486206,0.9200745545550113
87,11000,17,10995,10979,0.9980909090909091,11.25108445972391,True,0.008766056038439274,0.009611943736672401,0.00016928768309298903,4.998728275299072,-1.329129695892334,0.9258729226976319,0.008772095665335655,0.009613443166017532,0.00016941993089858443,4.995337009429932,-1.3304834365844727,0.9259397534977007
87,11000,0,10996,10997,0.9997272727272727,11.980704788269437,True,0.02501896396279335,0.024689743295311928,0.001235729199834168,3.8781657218933105,-1.6512395143508911,0.9903107639263428,0.025016797706484795,0.0246908999979496,0.0012356871739029884,3.8783133029937744,-1.651191234588623,0.9903376654532354
87,11000,0,10999,11000,1.0,11.216753802663689,True,0.01606013812124729,0.017741480842232704,0.0005727421957999468,3.8459231853485107,-1.6076500415802002,0.9784774702826288,0.01606013812124729,0.017741480842232704,0.0005727421957999468,3.8459231853485107,-1.6076500415802002,0.9784774702826288
87,11000,3,10999,10997,0.9997272727272727,12.034270675834941,True,0.03594621270895004,0.03497437387704849,0.002515855710953474,3.494126796722412,-1.6576902866363525,0.9915225191474384,0.035946670919656754,0.03497275710105896,0.0025157947093248367,3.494231939315796,-1.657468318939209,0.9915256706487855
87,11000,0,10997,10998,0.9998181818181818,12.284599522716075,True,0.01379561796784401,0.01380887720733881,0.0003813333169091493,5.015846252441406,-1.5738226175308228,0.9632640150838122,0.01379575114697218,0.01380806416273117,0.0003813182411249727,5.016017436981201,-1.5738412141799927,0.9632659135027943
87,11000,0,10999,11000,1.0,12.49432106402758,True,0.013213151134550571,0.012874356471002102,0.0003405065508559346,4.469174385070801,-1.5649445056915283,0.9662851258089227,0.013213151134550571,0.012874356471002102,0.0003405065508559346,4.469174385070801,-1.5649445056915283,0.9662851258089227
87,11000,0,10999,11000,1.0,11.228393852764594,True,0.011908338405191898,0.011912810616195202,0.0002841392415575683,4.60556173324585,-1.5046985149383545,0.9580746639430864,0.011908338405191898,0.011912810616195202,0.0002841392415575683,4.60556173324585,-1.5046985149383545,0.9580746639430864
87,11000,1,10984,10984,0.9985454545454545,11.188020153008678,True,0.016951575875282288,0.015941787511110306,0.0005418710061348975,4.382442951202393,-1.5894279479980469,0.9625566986053516,0.016953734681010246,0.015949400141835213,0.0005422102985903621,4.37972354888916,-1.5892666578292847,0.9626388488378571
87,11000,1,10998,10998,0.9998181818181818,12.563421415728783,True,0.0167557243257761,0.017041532322764397,0.0005712066777050495,4.077548027038574,-1.576707124710083,0.9775090500640542,0.016755301505327225,0.017041034996509552,0.0005711757112294436,4.077783107757568,-1.5765997171401978,0.9775041623701717
87,11000,3,10999,10997,0.9997272727272727,12.46928623275856,True,0.00994611345231533,0.01042917650192976,0.00020772968127857894,4.281553268432617,-1.4678322076797485,0.9517128741703178,0.009945234283804893,0.010429326444864273,0.00020771696290466934,4.281818866729736,-1.4675688743591309,0.9517117452589693
87,11000,1,10999,10999,0.9999090909090909,12.658525733926567,True,0.04581739008426666,0.044929247349500656,0.00411806209012866,3.855034351348877,-1.6364350318908691,0.9971127091857399,0.0458165779709816,0.04492886736989021,0.0041179535910487175,3.855149269104004,-1.6363328695297241,0.997112742464238
87,11000,2,10999,10998,0.9998181818181818,11.285469062042477,True,0.029285317286849022,0.02985956333577633,0.001749407034367323,3.5308337211608887,-1.6625820398330688,0.9907980027439737,0.029284171760082245,0.029859034344553947,0.001749312737956643,3.5310678482055664,-1.6624212265014648,0.9907967705891556
87,11000,3,10999,10997,0.9997272727272727,11.78940163758198,True,0.015071220695972443,0.013243510387837887,0.00040255693602375686,4.7124152183532715,-1.5609358549118042,0.9677355004256061,0.015071586705744267,0.013242422603070736,0.0004025383968837559,4.712615489959717,-1.5607463121414185,0.96774244107455
87,11000,1,10993,10993,0.9993636363636363,12.599677167211903,True,0.012345983646810055,0.012780865654349327,0.00031632071477361023,4.971152305603027,-1.5381567478179932,0.9601034755740433,0.012347065843641758,0.012779690325260162,0.00031632930040359497,4.971035003662109,-1.5382122993469238,0.9601036040750273
87,11000,3,10999,10997,0.9997272727272727,12.161694324717923,True,0.011145769618451595,0.010715171694755554,0.0002390655572526157,4.989695072174072,-1.5546196699142456,0.9547967474320829,0.01114615611732006,0.010713914409279823,0.0002390466397628188,4.990038871765137,-1.5545190572738647,0.9548148844919805
87,11000,0,10999,11000,1.0,11.440976836134752,True,0.03677994757890701,0.03548542037606239,0.0026120739057660103,3.6336541175842285,-1.6906957626342773,0.9951429327625342,0.03677994757890701,0.03548542037606239,0.0026120739057660103,3.6336541175842285,-1.6906957626342773,0.9951429327625342
87,11000,0,10990,10991,0.9991818181818182,10.7773410320452,True,0.013411233201622963,0.014297579415142536,0.00038472755113616586,3.7895846366882324,-1.6060166358947754,0.9616451948565394,0.013410563580691814,0.014298791997134686,0.00038476326153613627,3.7891814708709717,-1.6056783199310303,0.9616270075466752
87,11000,0,10999,11000,1.0,10.693607484052272,True,0.012725245207548141,0.013347742147743702,0.0003401822177693248,4.74431848526001,-1.536228895187378,0.9628976408425902,0.012725245207548141,0.013347742147743702,0.0003401822177693248,4.74431848526001,-1.536228895187378,0.9628976408425902
87,11000,12,10997,10986,0.9987272727272727,11.168092459432991,True,0.01592772640287876,0.01505381241440773,0.0004811100661754608,3.7111542224884033,-1.6049031019210815,0.9750732244298009,0.01592840999364853,0.015055058524012566,0.0004812012775801122,3.7103307247161865,-1.6039377450942993,0.9750461453587356
87,11000,0,10999,11000,1.0,12.044966540915938,True,0.03491860628128052,0.036080002784729004,0.0025214499328285456,3.6380343437194824,-1.6760221719741821,0.9931451251435987,0.03491860628128052,0.036080002784729004,0.0025214499328285456,3.6380343437194824,-1.6760221719741821,0.9931451251435987
87,11000,0,10999,11000,1.0,11.275261653083605,True,0.014035984873771667,0.012994891963899136,0.00036610840470530093,4.2765326499938965,-1.577878713607788,0.9583518955221821,0.014035984873771667,0.012994891963899136,0.00036610840470530093,4.2765326499938965,-1.577878713607788,0.9583518955221821
87,11000,0,10996,10997,0.9997272727272727,12.013752326207266,True,0.014995808713138103,0.01462017372250557,0.00043901539174839854,4.4652910232543945,-1.5143225193023682,0.9647895797927103,0.014995221048593521,0.014619742520153522,0.00043899257434532046,4.465516567230225,-1.5142467021942139,0.9647777012659854
87,11000,0,10998,10999,0.9999090909090909,13.019570719766422,True,0.01632758416235447,0.01702168956398964,0.0005563533050008118,4.274673938751221,-1.5883536338806152,0.9726390715693642,0.016327012330293655,0.01702202670276165,0.0005563459126278758,4.274731159210205,-1.5883656740188599,0.9726514744988716
87,11000,1,10999,10999,0.9999090909090909,11.866548297756124,True,0.03226058930158615,0.030959447845816612,0.002001697663217783,3.399401903152466,-1.6579896211624146,0.9916831426874557,0.03226003795862198,0.030959073454141617,0.002001653891056776,3.3994972705841064,-1.6578893661499023,0.9916822450620122
87,11000,0,10996,10997,0.9997272727272727,13.212520465842912,True,0.031221793964505196,0.03020634688436985,0.0018880005227401853,3.7578370571136475,-1.6344959735870361,0.9873759766230714,0.031223416328430176,0.03020434081554413,0.0018880021525546908,3.757833242416382,-1.6345630884170532,0.9873978885520598
87,11000,0,10996,10997,0.9997272727272727,11.109265631503934,True,0.011996157467365265,0.013515722937881947,0.00032695330446586013,4.262623310089111,-1.5460728406906128,0.9467862336374719,0.011994724161922932,0.013515698723495007,0.0003269251901656389,4.262997150421143,-1.5459932088851929,0.9467832741196541
87,11000,0,10998,10999,0.9999090909090909,11.773046215732293,True,0.03808034956455231,0.0387025885283947,0.002948163077235222,3.4455857276916504,-1.6572400331497192,0.992719616283739,0.038080375641584396,0.03870173543691635,0.0029481002129614353,3.4456779956817627,-1.6572457551956177,0.9927211333362937
87,11000,1,10999,10999,0.9999090909090909,12.328804113280306,True,0.02894439734518528,0.028666425496339798,0.0016599228838458657,3.7430474758148193,-1.6340373754501343,0.9913060007264739,0.028944257646799088,0.028665754944086075,0.001659873640164733,3.7431766986846924,-1.6339622735977173,0.991306429711011
87,11000,2,10998,10997,0.9997272727272727,11.123731951582144,True,0.026603994891047478,0.027134587988257408,0.0014442125102505088,3.7227725982666016,-1.6655797958374023,0.991107622453302,0.026602687314152718,0.02713320404291153,0.0014440708328038454,3.723198890686035,-1.6654149293899536,0.9911049159573277
87,11000,0,10999,11000,1.0,12.215089701393275,True,0.02916131168603897,0.028260517865419388,0.0016504995292052627,3.468961477279663,-1.6191009283065796,0.9800253974350676,0.02916131168603897,0.028260517865419388,0.0016504995292052627,3.468961477279663,-1.6191009283065796,0.9800253974350676
87,11000,2,10999,10998,0.9998181818181818,12.139023641855442,True,0.033653274178504944,0.03520935773849487,0.00237577548250556,2.891428232192993,-1.6883412599563599,0.9930860871324573,0.03365267068147659,0.03520907461643219,0.002375750569626689,2.8914737701416016,-1.6881792545318604,0.9930848816098089
87,11000,1,10993,10993,0.9993636363636363,11.795490138337733,True,0.024073975160717964,0.025427844375371933,0.0012264014221727848,4.266438961029053,-1.6444729566574097,0.9895600328208012,0.024074196815490723,0.025425855070352554,0.0012263243552297354,4.266711711883545,-1.6444181203842163,0.989559664559708
87,11000,8,10999,10992,0.9992727272727273,11.975498574320522,True,0.02054434083402157,0.021165093407034874,0.0008704509818926454,4.007771015167236,-1.5938794612884521,0.9832356968092489,0.020546823740005493,0.021164126694202423,0.0008705384097993374,4.007334232330322,-1.5935115814208984,0.9832464595597268
87,11000,3,10999,10997,0.9997272727272727,11.68302574919607,True,0.03364034369587898,0.03310512378811836,0.0022276737727224827,3.647533893585205,-1.6695966720581055,0.9920140217954494,0.03363870829343796,0.03310497850179672,0.0022275587543845177,3.6477580070495605,-1.6693384647369385,0.992014432803863
87,11000,6,10991,10986,0.9987272727272727,12.102657694856454,True,0.020042292773723602,0.020838214084506035,0.0008363772067241371,5.004818439483643,-1.4241701364517212,0.9315798752124252,0.020044144243001938,0.020836010575294495,0.00083635572809726,5.004930019378662,-1.4238486289978027,0.9316550891503097
87,11000,1,10995,10995,0.9995454545454545,11.1873520169089,True,0.022913387045264244,0.024967124685645103,0.0011484421556815505,3.7078773975372314,-1.6695753335952759,0.9875893210920069,0.022913943976163864,0.024965159595012665,0.0011483721900731325,3.7081422805786133,-1.669547438621521,0.9875952007856641
87,11000,21,10993,10973,0.9975454545454545,10.286517463881612,True,0.008239218033850193,0.007298410404473543,0.00012127077934565023,5.320002555847168,-1.3639179468154907,0.8998713685265874,0.008244538679718971,0.007298809941858053,0.00012136917939642444,5.31648063659668,-1.3656352758407593,0.9001819273603936
87,11000,0,10995,10996,0.9996363636363637,11.952041608801737,True,0.024859154596924782,0.024377357214689255,0.0012131049297749996,3.6879465579986572,-1.6490105390548706,0.985963747511592,0.024859176948666573,0.0243766438215971,0.0012130864197388291,3.6880123615264893,-1.6489540338516235,0.9859594088605919
87,11000,2,10999,10998,0.9998181818181818,11.334766763861563,True,0.021936753764748573,0.020856257528066635,0.0009163214708678424,4.202147483825684,-1.614855408668518,0.986571063222165,0.02193615399301052,0.02085525542497635,0.0009162577916868031,4.202448844909668,-1.614654541015625,0.986568442435878
87,11000,1,10998,10998,0.9998181818181818,11.432928903587339,True,0.021417126059532166,0.021548094227910042,0.0009233251912519336,3.6563148498535156,-1.6089622974395752,0.9840106038311539,0.021417105570435524,0.021547097712755203,0.0009232814190909266,3.6565208435058594,-1.6088871955871582,0.9840115578632624
87,11000,1,10998,10998,0.9998181818181818,12.44308120969878,True,0.04217230901122093,0.04335813596844673,0.0036584639456123114,3.668365716934204,-1.6693360805511475,0.9958239223398768,0.04217114299535751,0.04335721954703331,0.00365828606300056,3.6685776710510254,-1.6692557334899902,0.9958236868219019
51,11000,5,10999,10995,0.9995454545454545,10.622793118219874,True,0.010491736233234406,0.012631217017769814,0.00026977446395903826,5.20361852645874,-1.5818904638290405,0.9484017392982623,0.010492163710296154,0.012630847282707691,0.00026977277593687177,5.2036452293396,-1.5816847085952759,0.948384438633072
51,11000,5,10999,10995,0.9995454545454545,11.183140972108014,True,0.024257002398371696,0.023720793426036835,0.0011513466015458107,3.7569191455841064,-1.6635276079177856,0.9864880345221231,0.024256089702248573,0.023720379918813705,0.0011512909550219774,3.757129192352295,-1.6630994081497192,0.9864815447953171
51,11000,6,10998,10993,0.9993636363636363,10.167539285353362,True,0.00835744384676218,0.007370399311184883,0.00012429033813532442,4.88865327835083,-1.2540392875671387,0.8210464513153466,0.008357134647667408,0.007369628641754389,0.00012427382171154022,4.889230251312256,-1.2534778118133545,0.8209174715247959
51,11000,0,10999,11000,1.0,11.05174245854639,True,0.019525451585650444,0.018683649599552155,0.0007303517195396125,4.075969696044922,-1.621611475944519,0.9719528322280558,0.019525451585650444,0.018683649599552155,0.0007303517195396125,4.075969696044922,-1.621611475944519,0.9719528322280558
51,11000,2,10999,10998,0.9998181818181818,11.597518504679364,True,0.018723303452134132,0.020660217851400375,0.0007779166335240006,3.812786340713501,-1.6207619905471802,0.9803169596667783,0.018722867593169212,0.02065930888056755,0.0007778708240948617,3.8130428791046143,-1.6205898523330688,0.9803129173928712
51,11000,1,10984,10984,0.9985454545454545,10.314404103238763,True,0.008264489471912384,0.00844631064683199,0.00013979777577333152,4.862504959106445,-1.4614402055740356,0.9083399297149739,0.008267979137599468,0.008448113687336445,0.00013989390572533011,4.8595194816589355,-1.462158441543579,0.9082961343434354
51,11000,0,10999,11000,1.0,11.302860526563599,True,0.023716825991868973,0.02263101004064083,0.0010748424101620913,4.61155366897583,-1.5711071491241455,0.9586192200552296,0.023716825991868973,0.02263101004064083,0.0010748424101620913,4.61155366897583,-1.5711071491241455,0.9586192200552296
51,11000,1,10997,10997,0.9997272727272727,11.990614000728081,True,0.027665436267852783,0.027552220970392227,0.0015246446710079908,3.7806644439697266,-1.6395008563995361,0.9901693716143132,0.027664946392178535,0.027551522478461266,0.001524579245597124,3.780851125717163,-1.6394233703613281,0.990169586031514
51,11000,1,10998,10998,0.9998181818181818,12.973323238578471,True,0.017028549686074257,0.01614956557750702,0.0005510640912689269,4.335011959075928,-1.6438930034637451,0.9778258255571981,0.01702840067446232,0.016148962080478668,0.0005510392948053777,4.335207462310791,-1.6438218355178833,0.9778244581760641
51,11000,1,10999,10999,0.9999090909090909,13.107222694931803,True,0.018857521936297417,0.019560934975743294,0.0007384626078419387,3.833188533782959,-1.5843658447265625,0.9839894097312266,0.01885712705552578,0.019560907036066055,0.0007384492200799286,3.8332674503326416,-1.5842665433883667,0.9839893041372005
51,11000,431,10996,10566,0.9605454545454546,11.404198099694495,True,0.014901703223586082,0.015617543831467628,0.000467463891254738,5.657168388366699,-1.2919256687164307,0.9150335054624075,0.015186306089162827,0.015896329656243324,0.00048456573858857155,5.501122951507568,-1.3591034412384033,0.9159597125450557
51,11000,0,10995,10996,0.9996363636363637,11.873297742677272,True,0.016794353723526,0.015303325839340687,0.0005162745947018266,4.382452011108398,-1.5935295820236206,0.9751855198102168,0.016793450340628624,0.015304182656109333,0.0005162711022421718,4.382481098175049,-1.5935863256454468,0.9751936170356418
51,11000,6,10996,10991,0.9991818181818182,11.07002900561612,True,0.00932834018021822,0.0077924118377268314,0.00014781358186155558,4.522711753845215,-1.4667370319366455,0.929513026090763,0.009325654245913029,0.007791310548782349,0.00014774801093153656,4.5246381759643555,-1.4659494161605835,0.9294338384857166
51,11000,4,10998,10995,0.9995454545454545,11.496969371800406,True,0.020949991419911385,0.02028500661253929,0.0008511939668096602,4.437169075012207,-1.6535170078277588,0.9828681063930131,0.020948998630046844,0.020285282284021378,0.0008511784835718572,4.437248229980469,-1.6531788110733032,0.982864077267202
51,11000,0,10999,11000,1.0,10.824216707491548,True,0.025606203824281693,0.024895377457141876,0.0012755694333463907,4.206684112548828,-1.5921112298965454,0.9701512116993867,0.025606203824281693,0.024895377457141876,0.0012755694333463907,4.206684112548828,-1.5921112298965454,0.9701512116993867
51,11000,1,10999,10999,0.9999090909090909,11.336184938459192,True,0.027213720604777336,0.025179769843816757,0.0013747820630669594,3.012071132659912,-1.6916160583496094,0.9880818335921457,0.0272132009267807,0.025179114192724228,0.001374723738990724,3.0122554302215576,-1.691548466682434,0.9880803876561369
51,11000,0,10992,10993,0.9993636363636363,10.47406453538375,True,0.008199738338589668,0.010809510014951229,0.00018425557937007397,4.476484775543213,-1.3496838808059692,0.8987695568516973,0.008201159536838531,0.010808956809341908,0.00018427101895213127,4.476120948791504,-1.3498648405075073,0.8987692008676689
51,11000,12,10976,10965,0.9968181818181818,10.54980332014531,True,0.009730497375130653,0.010344897396862507,0.0002018421801039949,4.646740436553955,-1.4776663780212402,0.9210457249887194,0.009733968414366245,0.010352962650358677,0.00020208331989124417,4.641555309295654,-1.4772570133209229,0.9209910463912201
51,11000,3,10996,10994,0.9994545454545455,10.84334328650666,True,0.009596612304449081,0.00935403723269701,0.00017987703904509544,5.236747741699219,-1.5116991996765137,0.9361780826331624,0.009595456533133984,0.009353197179734707,0.00017983868019655347,5.237673759460449,-1.511305332183838,0.9361344132301491
51,11000,7,10999,10993,0.9993636363636363,10.65026236674752,True,0.024289054796099663,0.0246031042188406,0.0011960768606513739,3.5554864406585693,-1.6721245050430298,0.9884719226283236,0.02428789809346199,0.024603664875030518,0.0011960885021835566,3.5554444789886475,-1.6714192628860474,0.9884680601530595
51,11000,0,10997,10998,0.9998181818181818,9.821432767950872,True,0.009426691569387913,0.009646084159612656,0.0001820987818064168,4.757617473602295,-1.5577940940856934,0.9432129709773224,0.00942687876522541,0.009645351208746433,0.00018208757683169097,4.757884979248047,-1.5577939748764038,0.9432197083656162
51,11000,7,10999,10993,0.9993636363636363,10.38014042705564,True,0.009675657376646996,0.010533815249800682,0.00020460219820961356,5.4243879318237305,-1.352223515510559,0.9124739012950255,0.00967524852603674,0.010533755645155907,0.00020459541701711714,5.424531936645508,-1.3516075611114502,0.9124157840744553
51,11000,1,10993,10993,0.9993636363636363,10.596112915226762,True,0.012993193231523037,0.011436798609793186,0.00029984410502947867,5.565868377685547,-1.1463563442230225,0.8169073837800416,0.012993305921554565,0.01143637578934431,0.00029984256252646446,5.565891265869141,-1.1459602117538452,0.8167883650503843
51,11000,0,10995,10996,0.9996363636363637,11.846569243147941,True,0.010686460882425308,0.010919005610048771,0.00023388155386783183,4.86972713470459,-1.3388664722442627,0.90574962850626,0.010684780776500702,0.010920302011072636,0.00023387806140817702,4.869792461395264,-1.3383798599243164,0.9058213634877638
51,11000,3,10994,10992,0.9992727272727273,12.638527798113186,True,0.01222351286560297,0.01256623212248087,0.0003074239066336304,5.195605754852295,-1.4549802541732788,0.9434921759362535,0.01222462859004736,0.012564661912620068,0.0003074136911891401,5.1957502365112305,-1.4549601078033447,0.9435414045941174
51,11000,4,10999,10996,0.9996363636363637,12.223960429447088,True,0.021575238555669785,0.02103341929614544,0.0009079702431336045,4.218725681304932,-1.61593496799469,0.9886746654954529,0.021574975922703743,0.02103310637176037,0.0009079515584744513,4.218814849853516,-1.615545630455017,0.9886702490565414
51,11000,7,10989,10983,0.9984545454545455,14.394978050778644,True,0.02618054673075676,0.02604476548731327,0.0013640625402331352,5.481158256530762,-0.9817161560058594,0.8516001661897155,0.026188554242253304,0.026040030643343925,0.0013642457779496908,5.480575084686279,-0.9817078113555908,0.851589436848704
51,11000,6,10999,10994,0.9994545454545455,11.086596842272922,True,0.010500168427824974,0.009565621614456177,0.00020184586173854768,4.606459617614746,-1.5076984167099,0.9225938719485974,0.010499886237084866,0.00956539623439312,0.0002018350933212787,4.606690883636475,-1.50722074508667,0.9225477435262435
51,11000,6,10998,10993,0.9993636363636363,11.07072181571585,True,0.023976638913154602,0.024416420608758926,0.0011721565388143063,3.915627956390381,-1.5933388471603394,0.9812607705410629,0.023975903168320656,0.024416523054242134,0.0011721575865522027,3.9156241416931152,-1.5928210020065308,0.9812525014658238
51,11000,0,10999,11000,1.0,11.723114942098087,True,0.022569531574845314,0.02333221770823002,0.0010538409696891904,3.3985071182250977,-1.6159911155700684,0.9868741796014618,0.022569531574845314,0.02333221770823002,0.0010538409696891904,3.3985071182250977,-1.6159911155700684,0.9868741796014618
51,11000,1,10999,10999,0.9999090909090909,13.35235259198054,True,0.011039551347494125,0.011862694285809994,0.0002626033965498209,5.476993560791016,-1.3422821760177612,0.917650835090175,0.011039884760975838,0.01186198741197586,0.00026259367587044835,5.477153778076172,-1.3423060178756714,0.9176811774548779
51,11000,5,10999,10995,0.9995454545454545,12.688865859355785,True,0.026546001434326172,0.025836851447820663,0.001372752245515585,4.167409420013428,-1.5776071548461914,0.9775535452889111,0.026547729969024658,0.02583656646311283,0.0013728488702327013,4.167103290557861,-1.5773557424545288,0.9775519294714103
51,11000,4,10999,10996,0.9996363636363637,9.73302282823109,True,0.009576692245900631,0.008795191533863544,0.00016919519111979753,4.602438449859619,-1.5088145732879639,0.9205374964279779,0.00957542471587658,0.008795395493507385,0.0001691744546405971,4.602971076965332,-1.5083519220352173,0.9205262380544266
51,11000,6,10999,10994,0.9994545454545455,11.406413774590508,True,0.006488938350230455,0.006252750754356384,8.161694131558761e-05,6.026501178741455,-1.1393470764160156,0.8593960977160058,0.006489611696451902,0.006250577513128519,8.16060637589544e-05,6.027079105377197,-1.139132022857666,0.8594268771218483
51,11000,0,10999,11000,1.0,12.327262485495382,True,0.018039314076304436,0.01844589225947857,0.0006658718921244144,3.71334171295166,-1.6010315418243408,0.9787205651910867,0.018039314076304436,0.01844589225947857,0.0006658718921244144,3.71334171295166,-1.6010315418243408,0.9787205651910867
51,11000,1,10999,10999,0.9999090909090909,11.12026239428705,True,0.026155345141887665,0.024322813376784325,0.001276311930269003,4.388584136962891,-1.5473008155822754,0.9559689135129965,0.02615458332002163,0.0243228692561388,0.0012762797996401787,4.388693809509277,-1.547183632850647,0.9559680138979486
51,11000,6,10980,10975,0.9977272727272727,12.695414844464183,True,0.01612384058535099,0.017143234610557556,0.0005542593426071107,4.631793022155762,-1.3556263446807861,0.9180491907086955,0.01613299921154976,0.017151836305856705,0.0005548626068048179,4.627068519592285,-1.3564369678497314,0.9179561422058432
51,11000,0,10996,10997,0.9997272727272727,12.383946532543138,True,0.032201699912548065,0.03253905847668648,0.0020962825510650873,3.7055180072784424,-1.6382012367248535,0.9947200459423045,0.03220102936029434,0.03253829851746559,0.0020962103735655546,3.705667495727539,-1.6381763219833374,0.9947183824680367
51,11000,5,10999,10995,0.9995454545454545,10.876429347230971,True,0.02408144250512123,0.024103131145238876,0.001161836669780314,4.084165096282959,-1.5563126802444458,0.9486117086966945,0.024080907925963402,0.02410329505801201,0.0011618492426350713,4.084117889404297,-1.555928111076355,0.9485884559316045
51,11000,0,10996,10997,0.9997272727272727,11.575180380278363,True,0.012025422416627407,0.013220468536019325,0.0003194138698745519,4.313526153564453,-1.5843747854232788,0.9719567553989237,0.012025900185108185,0.01321998331695795,0.00031941311317496,4.313536167144775,-1.5844043493270874,0.9719602775519222
51,11000,0,10998,10999,0.9999090909090909,10.980314272328977,True,0.032359443604946136,0.032259389758110046,0.0020884545519948006,3.124837636947632,-1.6504182815551758,0.9860985081730824,0.03235965594649315,0.03225847706198692,0.00208841054700315,3.1249287128448486,-1.6504193544387817,0.9861024479196062
51,11000,9,10985,10977,0.9979090909090909,11.469583688389243,True,0.009447124786674976,0.007427116855978966,0.00014443362306337804,4.797422409057617,-1.3732484579086304,0.8765486100032857,0.009452132508158684,0.007427696138620377,0.0001445370289729908,4.794314384460449,-1.3738925457000732,0.8764492644295617
51,11000,0,10999,11000,1.0,12.769553024334888,True,0.0354917086660862,0.03505939617753029,0.002489654114469886,3.843858003616333,-1.5804957151412964,0.981570921445817,0.0354917086660862,0.03505939617753029,0.002489654114469886,3.843858003616333,-1.5804957151412964,0.981570921445817
51,11000,13,10996,10984,0.9985454545454545,12.363930610705218,True,0.021394118666648865,0.024323144927620888,0.0010507706319913268,4.532741546630859,-1.5272654294967651,0.973142317641137,0.021399684250354767,0.02432541362941265,0.0010511750588193536,4.531071186065674,-1.5268844366073608,0.9731363774342796
51,11000,0,10997,10998,0.9998181818181818,12.793803749221382,True,0.04016238823533058,0.03942878171801567,0.0031692020129412413,3.59295654296875,-1.646466612815857,0.9944164310432942,0.04016059637069702,0.039429374039173126,0.003169131465256214,3.5930540561676025,-1.6464691162109375,0.9944238085181253
51,11000,11,10992,10982,0.9983636363636363,12.621493097091276,True,0.012607831507921219,0.012723471038043499,0.0003209614660590887,5.175426483154297,-1.2632657289505005,0.9094629708219311,0.012603644281625748,0.012729180976748466,0.0003210058785043657,5.174825191497803,-1.2613427639007568,0.9096590553826165
51,11000,0,10993,10994,0.9994545454545455,12.13290159751358,True,0.036112044006586075,0.03541170805692673,0.002558720763772726,3.521409034729004,-1.673811435699463,0.9956007762308459,0.036110635846853256,0.035414982587099075,0.002558893756940961,3.52111554145813,-1.6737608909606934,0.9956165135296001
51,11000,4,10995,10992,0.9992727272727273,10.609459895154377,True,0.010153964161872864,0.010066618211567402,0.0002045096771325916,5.561838626861572,-1.5175354480743408,0.9437085431561221,0.010152614675462246,0.010066444054245949,0.00020447828865144402,5.56250524520874,-1.5170155763626099,0.9436677051043095
51,11000,1,10998,10998,0.9998181818181818,11.592116975758287,True,0.013236578553915024,0.013995730318129063,0.0003712523612193763,4.4976654052734375,-1.5389822721481323,0.9625881719335724,0.013236693106591702,0.013995147310197353,0.0003712390025611967,4.497821807861328,-1.538942813873291,0.9625993046663547
51,11000,1,10999,10999,0.9999090909090909,11.143606711456544,True,0.02113165892660618,0.021143900230526924,0.0008938945247791708,3.8685197830200195,-1.6236884593963623,0.9865419214845328,0.021130558103322983,0.02114401012659073,0.0008938561659306288,3.868706226348877,-1.623616337776184,0.9865524988866691
51,11000,0,10999,11000,1.0,12.358662568156813,True,0.008979089558124542,0.008494791574776173,0.00015281664673238993,4.428829193115234,-1.4888156652450562,0.9268788240764125,0.008979089558124542,0.008494791574776173,0.00015281664673238993,4.428829193115234,-1.4888156652450562,0.9268788240764125
51,11000,0,10999,11000,1.0,11.590801571146734,True,0.027304325252771378,0.026301952078938484,0.0014389948919415474,3.1173036098480225,-1.687272071838379,0.9915689764621678,0.027304325252771378,0.026301952078938484,0.0014389948919415474,3.1173036098480225,-1.687272071838379,0.9915689764621678
51,11000,0,10999,11000,1.0,12.644293299434286,True,0.04193197935819626,0.04197454825043678,0.0035201897844672203,3.063018560409546,-1.6836074590682983,0.9953434788366179,0.04193197935819626,0.04197454825043678,0.0035201897844672203,3.063018560409546,-1.6836074590682983,0.9953434788366179
51,11000,0,10998,10999,0.9999090909090909,11.92930574768704,True,0.021551916375756264,0.02040000632405281,0.0008818692876957357,4.278779983520508,-1.6124465465545654,0.9811212834228122,0.021551940590143204,0.0203994307667017,0.0008818520582281053,4.278865337371826,-1.6124576330184937,0.9811227404341974
51,11000,6,10999,10994,0.9994545454545455,11.73025500016847,True,0.0320611372590065,0.030925648286938667,0.00198741746135056,3.3666019439697266,-1.6696971654891968,0.9941449707551548,0.03206068277359009,0.030925361439585686,0.0019874584395438433,3.3665120601654053,-1.6691838502883911,0.9941416595738728
51,11000,0,10998,10999,0.9999090909090909,12.618301524034393,True,0.03153741732239723,0.031055008992552757,0.0019591960590332747,3.9710097312927246,-1.65767240524292,0.9912955898484728,0.03153712674975395,0.031054655089974403,0.0019591564778238535,3.971097707748413,-1.6576664447784424,0.9912946392694729
51,11000,1,10993,10993,0.9993636363636363,10.861770614358042,True,0.015479658730328083,0.01527613028883934,0.0004731005756184459,4.00956916809082,-1.647992730140686,0.9683642791957022,0.015480348840355873,0.01527361385524273,0.0004730473447125405,4.0100579261779785,-1.6479430198669434,0.9683725976326637
51,11000,0,10997,10998,0.9998181818181818,11.382213548083444,True,0.014562633819878101,0.013648043386638165,0.00039840012323111296,4.699865341186523,-1.5878245830535889,0.9681953124321733,0.01456153579056263,0.013648009859025478,0.00039836938958615065,4.70020055770874,-1.5878372192382812,0.9681975098320459
51,11000,0,10999,11000,1.0,12.287654275640303,True,0.021077634766697884,0.022745365276932716,0.0009616516181267798,3.7948086261749268,-1.6223608255386353,0.9874844987828862,0.021077634766697884,0.022745365276932716,0.0009616516181267798,3.7948086261749268,-1.6223608255386353,0.9874844987828862
109,11000,2,10999,10998,0.9998181818181818,12.666230011118218,True,0.018261829391121864,0.01674063690006733,0.0006138011231087148,4.265974521636963,-1.6003577709197998,0.9777706808999247,0.018262041732668877,0.0167399849742651,0.00061378552345559,4.266085147857666,-1.600242018699646,0.9777722351786567
109,11000,0,10998,10999,0.9999090909090909,11.094643108238042,True,0.019085953012108803,0.019851237535476685,0.0007583945989608765,4.14076042175293,-1.602238655090332,0.9814029638655815,0.019085727632045746,0.019850878044962883,0.0007583707920275629,4.140896797180176,-1.6022531986236572,0.9814008828611174
109,11000,0,10999,11000,1.0,12.668984032560074,True,0.010739114135503769,0.012193657457828522,0.0002640276215970516,4.177412986755371,-1.5357056856155396,0.9505440601183696,0.010739114135503769,0.012193657457828522,0.0002640276215970516,4.177412986755371,-1.5357056856155396,0.9505440601183696
109,11000,8,10999,10992,0.9992727272727273,10.569020898609045,True,0.02622213214635849,0.026705622673034668,0.0014036678476259112,3.6906564235687256,-1.6415858268737793,0.979697567876664,0.026221180334687233,0.026707695797085762,0.0014038179069757462,3.690192461013794,-1.6408402919769287,0.9796931572012764
109,11000,25,10997,10973,0.9975454545454545,10.395717559343744,True,0.016289884224534035,0.016704991459846497,0.0005455970531329513,4.04306697845459,-1.5418072938919067,0.9685372567666173,0.016296757385134697,0.016716251149773598,0.0005462639383040369,4.03776216506958,-1.540513515472412,0.9685437847639435
109,11000,1,10993,10993,0.9993636363636363,12.158932861114573,True,0.015240289270877838,0.012970611453056335,0.0004008668183814734,4.589978218078613,-1.6202044486999512,0.9693732972306759,0.015240877866744995,0.01297042891383171,0.0004008872783742845,4.589756488800049,-1.6201928853988647,0.9693647718693993
109,11000,0,10994,10995,0.9995454545454545,10.695175281979099,True,0.007631117012351751,0.009082513861358166,0.0001407707459293306,4.5840911865234375,-1.4266122579574585,0.9139225957959566,0.007631692569702864,0.009082095697522163,0.0001407698291586712,4.58411979675293,-1.4267566204071045,0.9139036859890037
109,11000,6,10999,10994,0.9994545454545455,11.534423275111198,True,0.015291247516870499,0.014797131530940533,0.0004527887504082173,4.1947021484375,-1.5595848560333252,0.968387540704848,0.015292088501155376,0.014795848168432713,0.0004527791461441666,4.19479513168335,-1.5591083765029907,0.9683869746596667
109,11000,1,10994,10994,0.9994545454545455,10.500672000639744,True,0.022547908127307892,0.02145651914179325,0.0009692480089142919,3.622098445892334,-1.6550170183181763,0.9854396661689839,0.02254530042409897,0.021456755697727203,0.0009691569139249623,3.622506856918335,-1.6548587083816528,0.9854635444285815
109,11000,7,10999,10993,0.9993636363636363,12.463655876468247,True,0.014699747785925865,0.014755336567759514,0.0004342049651313573,4.186600685119629,-1.5899708271026611,0.9696754149368235,0.014700336381793022,0.014755025506019592,0.00043422955786809325,4.186354637145996,-1.5895169973373413,0.9696597162616696
109,11000,0,10996,10997,0.9997272727272727,11.645573732323742,True,0.014837212860584259,0.014123544096946716,0.0004196270601823926,3.9433298110961914,-1.6145946979522705,0.9743256041117494,0.014837400987744331,0.014122340828180313,0.0004195974615868181,3.943636178970337,-1.6145668029785156,0.9743308919163304
109,11000,0,10999,11000,1.0,10.704228661518432,True,0.018986906856298447,0.020630940794944763,0.0007862680358812213,3.9450571537017822,-1.6172362565994263,0.9722256473469602,0.018986906856298447,0.020630940794944763,0.0007862680358812213,3.9450571537017822,-1.6172362565994263,0.9722256473469602
109,11000,1,10998,10998,0.9998181818181818,11.830648470488882,True,0.03400503471493721,0.033211883157491684,0.0022599450312554836,3.28568959236145,-1.645872950553894,0.9896840268299587,0.0340048149228096,0.033210933208465576,0.0022598672658205032,3.285839557647705,-1.645798921585083,0.98968292097224
109,11000,0,10998,10999,0.9999090909090909,11.972962147610911,True,0.0353579968214035,0.03844783455133438,0.002728556515648961,3.6208577156066895,-1.6816121339797974,0.9929465360511527,0.03535810112953186,0.03844695910811424,0.0027284971438348293,3.6209521293640137,-1.681612253189087,0.99294876197079
109,11000,0,10999,11000,1.0,12.713998839279403,True,0.013006597757339478,0.013751977123320103,0.00035841608769260347,4.815099716186523,-1.5262463092803955,0.9718165088828854,0.013006597757339478,0.013751977123320103,0.00035841608769260347,4.815099716186523,-1.5262463092803955,0.9718165088828854
109,11000,3,10999,10997,0.9997272727272727,11.40266074312498,True,0.02472844161093235,0.022327302023768425,0.0011114325607195497,3.2053873538970947,-1.6902672052383423,0.9842277248875808,0.024727774783968925,0.02232641540467739,0.0011113835498690605,3.2055792808532715,-1.6900233030319214,0.9842226116224675
109,11000,6,10999,10994,0.9994545454545455,12.470367895787955,True,0.019244221970438957,0.018217146396636963,0.000702535908203572,3.827359914779663,-1.6418356895446777,0.9767130612614597,0.019244344905018806,0.01821766048669815,0.0007025754312053323,3.827115297317505,-1.6413815021514893,0.9767016235842015
109,11000,9,10991,10983,0.9984545454545455,11.582559319773836,True,0.02039354480803013,0.020808130502700806,0.0008490829495713115,3.55391788482666,-1.513866662979126,0.9430448882892228,0.02039470709860325,0.02081376500427723,0.0008493616478517652,3.552493095397949,-1.5133991241455078,0.9430251201411896
109,11000,3,10999,10997,0.9997272727272727,10.519392428490606,True,0.015268259681761265,0.01577836275100708,0.00048253076965920627,4.045246601104736,-1.539444923400879,0.9570460389561755,0.015268203802406788,0.015776697546243668,0.0004824816423933953,4.045688629150391,-1.5391037464141846,0.9570434532551045
109,11000,0,10985,10986,0.9987272727272727,11.473120502519041,True,0.00852766539901495,0.009879118762910366,0.0001706190378172323,5.813624858856201,-1.422531247138977,0.9349033544631414,0.008525710552930832,0.009883766062557697,0.00017069309251382947,5.811739921569824,-1.421890377998352,0.935109819459841
109,11000,0,10999,11000,1.0,11.70562194152913,True,0.03739485517144203,0.03605247288942337,0.00269862893037498,3.172008991241455,-1.6638236045837402,0.9935856147544441,0.03739485517144203,0.03605247288942337,0.00269862893037498,3.172008991241455,-1.6638236045837402,0.9935856147544441
109,11000,6,10999,10994,0.9994545454545455,11.385321034611824,True,0.015453977510333061,0.016143465414643288,0.0004998173681087792,4.05622673034668,-1.6244711875915527,0.9769715962490452,0.015454704873263836,0.01614188775420189,0.0004998041549697518,4.056341648101807,-1.6241304874420166,0.9769757368338483
109,11000,9,10999,10991,0.9991818181818182,11.886864519775388,True,0.009871859103441238,0.00830627977848053,0.0001665466115809977,5.356775283813477,-1.4510219097137451,0.9189210893035268,0.009873857721686363,0.008305379189550877,0.0001665702002355829,5.3561601638793945,-1.4508112668991089,0.9189324415659725
109,11000,3,10999,10997,0.9997272727272727,10.97516815934118,True,0.018620891496539116,0.017512917518615723,0.0006541170878335834,3.743415117263794,-1.5590413808822632,0.9422961200288946,0.018620992079377174,0.01751132868230343,0.0006540765753015876,3.7436840534210205,-1.5588221549987793,0.9422886234854804
109,11000,4,10999,10996,0.9996363636363637,12.627969658292262,True,0.03190681338310242,0.02910596877336502,0.0018673106096684933,3.2782225608825684,-1.6506977081298828,0.9889938965118861,0.03190728649497032,0.02910557948052883,0.0018673600861802697,3.2781074047088623,-1.650441288948059,0.988991015106268
109,11000,16,10998,10983,0.9984545454545455,12.056087947803487,True,0.011862204410135746,0.011118537746369839,0.00026490166783332825,3.9882049560546875,-1.538085699081421,0.9545982710469663,0.011865808628499508,0.011122851632535458,0.00026510460884310305,3.9848790168762207,-1.5374478101730347,0.9545648894691476
109,11000,5,10999,10995,0.9995454545454545,10.392101637724396,True,0.009220164269208908,0.01000953558832407,0.00018532168178353459,4.136425971984863,-1.5036797523498535,0.9354102615713631,0.009218579158186913,0.01000894233584404,0.00018528512737248093,4.137282848358154,-1.5031414031982422,0.9353752533837215
109,11000,11,10995,10985,0.9986363636363637,9.234939247310217,True,0.00813411083072424,0.006446194835007191,0.00010771861707326025,6.662562370300293,-1.4243882894515991,0.897153349499718,0.00813448615372181,0.006444786675274372,0.00010770685912575573,6.663036823272705,-1.4234073162078857,0.8970193932710738
109,11000,0,10999,11000,1.0,12.510636777138522,True,0.03547864034771919,0.03764316067099571,0.0026759242173284292,3.2731711864471436,-1.6946696043014526,0.9954955992758189,0.03547864034771919,0.03764316067099571,0.0026759242173284292,3.2731711864471436,-1.6946696043014526,0.9954955992758189
109,11000,2,10995,10994,0.9994545454545455,10.520300375098506,True,0.008982473984360695,0.010598753578960896,0.00019348014029674232,5.57763671875,-1.3712406158447266,0.9263602848381894,0.008979410864412785,0.01059816312044859,0.00019341373990755528,5.579127788543701,-1.3710566759109497,0.9263524115981018
109,11000,1,10997,10997,0.9997272727272727,11.59225735934626,True,0.01292132306843996,0.011457818560302258,0.0002983100130222738,4.042969226837158,-1.5601707696914673,0.9344951824278401,0.012920679524540901,0.011457582004368305,0.00029828777769580483,4.04329252243042,-1.5600522756576538,0.934478931566689
109,11000,6,10998,10993,0.9993636363636363,10.018067391691169,True,0.009538755752146244,0.008672122843563557,0.00016663092537783086,5.553586959838867,-1.388976812362671,0.9051091049807144,0.009539390914142132,0.008670716546475887,0.00016661194968037307,5.554081916809082,-1.3887046575546265,0.9050769381987759
109,11000,0,10987,10988,0.9989090909090909,11.102894240491262,True,0.013783788308501244,0.014052281156182289,0.0003875588590744883,4.139573097229004,-1.5300999879837036,0.9436027924002677,0.01378575712442398,0.014055676758289337,0.0003877123526763171,4.137853622436523,-1.5301214456558228,0.9435699954758978
109,11000,0,10999,11000,1.0,11.573981874464398,True,0.013404001481831074,0.013717484660446644,0.0003678712819237262,4.956709384918213,-1.3834646940231323,0.926757305655833,0.013404001481831074,0.013717484660446644,0.0003678712819237262,4.956709384918213,-1.3834646940231323,0.926757305655833
109,11000,2,10999,10998,0.9998181818181818,11.95850014610495,True,0.035233594477176666,0.03529701381921768,0.002488768892362714,3.5423710346221924,-1.6456737518310547,0.9956627515553114,0.03523312881588936,0.035295724868774414,0.0024886694736778736,3.5425448417663574,-1.6454832553863525,0.9956629138148051
109,11000,7,10999,10993,0.9993636363636363,10.654180992003564,True,0.016439270228147507,0.015749491751194,0.000518782704602927,3.8025002479553223,-1.641507863998413,0.9747490009719203,0.016439318656921387,0.01574881002306938,0.0005187837523408234,3.802490711212158,-1.6409556865692139,0.9747335104302071
109,11000,5,10996,10992,0.9992727272727273,12.058583855579077,True,0.02374948188662529,0.02249196358025074,0.0010702675208449364,3.3477883338928223,-1.682255506515503,0.9883993357213325,0.02375008910894394,0.02249067835509777,0.0010702444706112146,3.347881317138672,-1.6820367574691772,0.988399406189521
109,11000,4,10994,10991,0.9991818181818182,12.12427384321648,True,0.009116178378462791,0.009585477411746979,0.00017500421381555498,5.109345436096191,-1.3933767080307007,0.9302941429651149,0.009117369540035725,0.009584075771272182,0.00017499887326266617,5.109477519989014,-1.3932992219924927,0.9302929246743423
109,11000,3,10999,10997,0.9997272727272727,10.758735770093397,True,0.02385454811155796,0.02455669268965721,0.0011728893732652068,3.0906639099121094,-1.7070238590240479,0.9819608196790433,0.023853452876210213,0.02455499768257141,0.0011727740056812763,3.0910909175872803,-1.7068332433700562,0.981954523601183
109,11000,0,10999,11000,1.0,11.826540300043057,True,0.011640864424407482,0.011430933140218258,0.0002664629428181797,4.5844550132751465,-1.5034595727920532,0.9473214595434776,0.011640864424407482,0.011430933140218258,0.0002664629428181797,4.5844550132751465,-1.5034595727920532,0.9473214595434776
109,11000,10,10999,10990,0.9990909090909091,11.586851736841071,True,0.011397856287658215,0.010812552645802498,0.000247032759943977,5.130954265594482,-1.4911682605743408,0.9433474230101377,0.011396734975278378,0.010814694687724113,0.00024704125826247036,5.130805015563965,-1.4899921417236328,0.94335796597902
92,11000,3,10999,10997,0.9997272727272727,11.665727748593248,True,0.016916492953896523,0.014889445155858994,0.0005078745889477432,4.058765888214111,-1.4779555797576904,0.9335844245837749,0.016916945576667786,0.014889543876051903,0.0005078919930383563,4.058617115020752,-1.4778190851211548,0.9335693716909375
92,11000,0,10999,11000,1.0,12.793568635269947,True,0.017849965021014214,0.017108412459492683,0.0006116596632637084,4.0228705406188965,-1.6005139350891113,0.9789184802256826,0.017849965021014214,0.017108412459492683,0.0006116596632637084,4.0228705406188965,-1.6005139350891113,0.9789184802256826
92,11000,0,10996,10997,0.9997272727272727,10.433453034028732,True,0.017788115888834,0.017525875940918922,0.0006235830369405448,3.745720386505127,-1.6077790260314941,0.9572114966713035,0.017787722870707512,0.01752484403550625,0.0006235319306142628,3.7460765838623047,-1.6076923608779907,0.9571982694180897
92,11000,3,10997,10995,0.9995454545454545,10.80407796946403,True,0.015726041048765182,0.015173980966210365,0.00047758393338881433,3.861686944961548,-1.5624243021011353,0.9527818607576947,0.015723247081041336,0.01517366524785757,0.00047748663928359747,3.8625714778900146,-1.5621305704116821,0.952770762188953
92,11000,0,10999,11000,1.0,11.830445076758538,True,0.01618463173508644,0.016725752502679825,0.0005417275824584067,4.30212926864624,-1.6119126081466675,0.9790602988798464,0.01618463173508644,0.016725752502679825,0.0005417275824584067,4.30212926864624,-1.6119126081466675,0.9790602988798464
92,11000,0,10999,11000,1.0,11.248239686583773,True,0.02006647177040577,0.018915286287665367,0.0007606043363921344,4.313694953918457,-1.5414093732833862,0.9583717600354195,0.02006647177040577,0.018915286287665367,0.0007606043363921344,4.313694953918457,-1.5414093732833862,0.9583717600354195
92,11000,0,10999,11000,1.0,11.798445675620918,True,0.009572004899382591,0.009032122790813446,0.00017329241381958127,4.370768070220947,-1.4766381978988647,0.9298342684781882,0.009572004899382591,0.009032122790813446,0.00017329241381958127,4.370768070220947,-1.4766381978988647,0.9298342684781882
92,11000,0,10998,10999,0.9999090909090909,11.48147974906735,True,0.016716737300157547,0.014934826642274857,0.0005025071441195905,4.493298053741455,-1.6061131954193115,0.9795993691595697,0.016716396436095238,0.014934741891920567,0.0005024936981499195,4.493414402008057,-1.6061196327209473,0.9795978979212657
92,11000,0,10999,11000,1.0,11.626176964355135,True,0.015541800297796726,0.016314946115016937,0.0005085106240585446,3.8298380374908447,-1.6050949096679688,0.9700232503014188,0.015541800297796726,0.016314946115016937,0.0005085106240585446,3.8298380374908447,-1.6050949096679688,0.9700232503014188
92,11000,6,10993,10988,0.9989090909090909,9.930921106116784,True,0.02101488970220089,0.01921294629573822,0.0008179771830327809,5.693169593811035,-0.8452577590942383,0.5864767206023888,0.021015748381614685,0.019207080826163292,0.0008176963310688734,5.6946611404418945,-0.845836877822876,0.5866416713795501
92,11000,3,10999,10997,0.9997272727272727,11.756769126716096,True,0.018681470304727554,0.01958361268043518,0.0007331973756663501,4.378462791442871,-1.5994796752929688,0.9787230458129099,0.018681898713111877,0.019582437351346016,0.0007331801461987197,4.378564834594727,-1.5992387533187866,0.9787277934195936
92,11000,0,10998,10999,0.9999090909090909,13.453197934586733,True,0.019018640741705894,0.019401205703616142,0.0007389949169009924,4.145798206329346,-1.5432313680648804,0.9645995516052001,0.01901855506002903,0.019400985911488533,0.0007389881066046655,4.145838260650635,-1.5432164669036865,0.9645959903120962
92,11000,2,10999,10998,0.9998181818181818,12.512632105904224,True,0.019534600898623466,0.01934288814663887,0.000756475084926933,4.321017742156982,-1.4634393453598022,0.9645520705736303,0.01953364536166191,0.01934225857257843,0.0007564236293546855,4.321313381195068,-1.4631484746932983,0.9645432548582377
92,11000,2,10997,10996,0.9996363636363637,11.400092613328404,True,0.02062208019196987,0.02023298665881157,0.0008348668925464153,4.416430473327637,-1.6441893577575684,0.981515243931245,0.02062094211578369,0.020232411101460457,0.000834796519484371,4.416796684265137,-1.6440250873565674,0.9815123226342104
92,11000,0,10996,10997,0.9997272727272727,11.71283197636283,True,0.02201773226261139,0.021363316103816032,0.0009412559447810054,3.563107490539551,-1.6319754123687744,0.9835056390017622,0.022015782073140144,0.02136511169373989,0.0009412516374140978,3.563127279281616,-1.631963849067688,0.9835613848488916
92,11000,4,10999,10996,0.9996363636363637,12.485447538000523,True,0.01927603967487812,0.01867705024778843,0.0007204447756521404,4.542108535766602,-1.6071938276290894,0.9826943979043647,0.019275108352303505,0.018677394837141037,0.0007204186986200511,4.542265892028809,-1.6068350076675415,0.9826932979303926
92,11000,3,10999,10997,0.9997272727272727,11.998572680385895,True,0.01839401386678219,0.01741466298699379,0.0006416353862732649,4.067628383636475,-1.6331747770309448,0.9788917781568071,0.01839393749833107,0.017413845285773277,0.0006416064570657909,4.067824363708496,-1.6329671144485474,0.978887786710701
92,11000,166,10999,10834,0.984909090909091,9.963712381507134,True,0.009219844825565815,0.008496187627315521,0.0001582194963702932,5.268082141876221,-1.4614382982254028,0.9204358493043995,0.009257607161998749,0.008539052680134773,0.0001599032257217914,5.222109794616699,-1.4622759819030762,0.920220511166917
92,11000,7,10997,10991,0.9991818181818182,10.487032151875033,True,0.008184310980141163,0.009273038245737553,0.00015319627709686756,4.79312801361084,-1.3793245553970337,0.9184247686503664,0.008183475583791733,0.009270456619560719,0.0001531298621557653,4.795011043548584,-1.378473162651062,0.9183461068216588
92,11000,1,10996,10996,0.9996363636363637,11.298329069181534,True,0.025301365181803703,0.024831190705299377,0.0012570114340633154,3.7335948944091797,-1.656293272972107,0.989222473772657,0.02529890276491642,0.024830995127558708,0.0012568774400278926,3.734057903289795,-1.656215786933899,0.9892260774099432
92,11000,5,10996,10992,0.9992727272727273,11.579438535739188,True,0.027389468625187874,0.026209603995084763,0.0014372564619407058,3.8748745918273926,-1.6020327806472778,0.9763622017540923,0.02738800272345543,0.026208942756056786,0.0014371389988809824,3.8752293586730957,-1.6015853881835938,0.9763441004741354
92,11000,0,10997,10998,0.9998181818181818,12.508353766164124,True,0.020624056458473206,0.022275473922491074,0.0009217813494615257,5.067012786865234,-1.4211902618408203,0.9601420079806747,0.020624320954084396,0.022274937480688095,0.0009217708720825613,5.0670623779296875,-1.4212056398391724,0.9601378672554257
92,11000,3,10999,10997,0.9997272727272727,12.048691607648891,True,0.01901904307305813,0.02002514712512493,0.0007632874767296016,4.211181640625,-1.6452383995056152,0.9810024605283179,0.019018959254026413,0.020023953169584274,0.0007632466149516404,4.211413860321045,-1.6449822187423706,0.9810006086694283
92,11000,5,10999,10995,0.9995454545454545,11.69971311699628,True,0.016453763470053673,0.015216215513646603,0.0005025385180488229,4.350170135498047,-1.599270224571228,0.9739137884992457,0.01645216904580593,0.015217282809317112,0.0005025294958613813,4.350247859954834,-1.598799228668213,0.9739312089712208
92,11000,1,10997,10997,0.9997272727272727,12.141318606946976,True,0.021482089534401894,0.02131761610507965,0.0009164231014437973,3.8630199432373047,-1.6178022623062134,0.983738762486305,0.021482644602656364,0.02131658047437668,0.000916399760171771,3.863130569458008,-1.617782473564148,0.9837436878543115
92,11000,0,10918,10919,0.9926363636363637,12.268477664955316,True,0.013441015034914017,0.011896152049303055,0.00032251159427687526,4.67552375793457,-1.5299546718597412,0.9563621839065439,0.013474411331117153,0.011926230974495411,0.00032420322531834245,4.652803421020508,-1.5369608402252197,0.9563291071945496
92,11000,0,10997,10998,0.9998181818181818,11.95535341314692,True,0.030466631054878235,0.02915254421532154,0.0017784081865102053,3.796398401260376,-1.6420365571975708,0.9910237157374474,0.030465498566627502,0.029153089970350266,0.001778378733433783,3.7964704036712646,-1.642041802406311,0.9910298803784813
92,11000,9,10992,10984,0.9985454545454545,8.940090678188035,True,0.008823912590742111,0.008793982677161694,0.00015521637396886945,5.581164836883545,-1.2138655185699463,0.8547392075896961,0.00882056076079607,0.008793670684099197,0.00015515071572735906,5.58300256729126,-1.2121258974075317,0.8550294014409464
92,11000,8,10999,10992,0.9992727272727273,11.493275266069144,True,0.011668558232486248,0.009724889881908894,0.00023073083139024675,5.094633102416992,-1.540669322013855,0.9446324915231739,0.011668484658002853,0.009724918752908707,0.00023072923067957163,5.094663619995117,-1.5399529933929443,0.9445925942211694
92,11000,1,10999,10999,0.9999090909090909,13.008592485271937,True,0.01646038331091404,0.015941545367240906,0.0005255509167909622,4.046810626983643,-1.5962823629379272,0.9719313624400421,0.01646018773317337,0.01594153232872486,0.0005255418363958597,4.0468854904174805,-1.5961858034133911,0.9719290391031548
92,11000,3,10994,10992,0.9992727272727273,11.29964494321241,True,0.010675935074687004,0.010445828549563885,0.00022314366651698947,4.444998741149902,-1.5548794269561768,0.944585250763073,0.010675251483917236,0.010444666258990765,0.0002231044345535338,4.4457621574401855,-1.5545525550842285,0.9445394636459721
92,11000,7,10999,10993,0.9993636363636363,11.665783932165091,True,0.032594069838523865,0.02904418855905533,0.0019106691470369697,3.7424139976501465,-1.6177194118499756,0.9231440816862332,0.032591238617897034,0.029047926887869835,0.0019107982516288757,3.7421205043792725,-1.6173955202102661,0.9231388321240296
92,11000,1,10999,10999,0.9999090909090909,12.644199707776407,True,0.032993853092193604,0.03335410729050636,0.0022014600690454245,3.670389175415039,-1.6418664455413818,0.9918426651313945,0.03299351781606674,0.03335379809141159,0.0022014211863279343,3.6704659461975098,-1.641769528388977,0.9918417678428146
92,11000,2,10999,10998,0.9998181818181818,10.754777917970102,True,0.0325799323618412,0.03305540978908539,0.0021551079116761684,3.071539878845215,-1.7173192501068115,0.9838328317085594,0.03257901966571808,0.03305483236908913,0.0021550285164266825,3.071699619293213,-1.7171937227249146,0.9838294009904821
92,11000,0,10992,10993,0.9993636363636363,11.641793879989349,True,0.012416431680321693,0.013011571019887924,0.00032351742265746,5.1330060958862305,-1.4883878231048584,0.9168965132867595,0.012419365346431732,0.01301000639796257,0.00032354664290323853,5.132613658905029,-1.4890391826629639,0.9169946741115408
92,11000,3,10999,10997,0.9997272727272727,12.293629067543108,True,0.01774420775473118,0.01669456623494625,0.0005939389229752123,4.264275074005127,-1.5957921743392944,0.9767199334269828,0.01774403266608715,0.0166940838098526,0.0005939235561527312,4.264387607574463,-1.595516562461853,0.9767132688138378
92,11000,6,10998,10993,0.9993636363636363,12.649778806153286,True,0.022323332726955414,0.02254740707576275,0.001007205923087895,3.873150110244751,-1.5639379024505615,0.9757814412522438,0.022322237491607666,0.02254762314260006,0.0010071858996525407,3.8732361793518066,-1.563416600227356,0.9757753810658893
92,11000,0,10999,11000,1.0,12.645822329428352,True,0.023220209404826164,0.022620363160967827,0.001051000552251935,3.655607223510742,-1.623952865600586,0.9856127767424305,0.023220209404826164,0.022620363160967827,0.001051000552251935,3.655607223510742,-1.623952865600586,0.9856127767424305
92,11000,6,10999,10994,0.9994545454545455,12.150632494876497,True,0.026232270523905754,0.02503523975610733,0.001315466477535665,3.8145110607147217,-1.609576940536499,0.9899148564105614,0.026229701936244965,0.025036940351128578,0.0013154350453987718,3.814614772796631,-1.6088694334030151,0.9899335077113521
92,11000,3,10999,10997,0.9997272727272727,12.72408090609037,True,0.03353259339928627,0.03282512351870537,0.0022025303915143013,3.57049560546875,-1.640676498413086,0.9911506847087378,0.03353288024663925,0.03282322734594345,0.0022024449426680803,3.5706639289855957,-1.6404504776000977,0.9911547109934437
92,11000,9,10997,10989,0.999,11.046729092579564,True,0.011682369746267796,0.012248816899955273,0.000286576512735337,4.816253185272217,-1.4434540271759033,0.9508820847403204,0.011684112250804901,0.012248203158378601,0.00028659781673923135,4.815930366516113,-1.4434270858764648,0.9508941415399138
92,11000,1,10999,10999,0.9999090909090909,11.530951321931644,True,0.025591904297471046,0.024475671350955963,0.0012551831314340234,3.0719997882843018,-1.6263235807418823,0.9800256228479405,0.02559179998934269,0.024475134909152985,0.001255155773833394,3.072094440460205,-1.6262401342391968,0.9800246677508
92,11000,11,10999,10989,0.999,10.601006654136075,True,0.013306385837495327,0.01188966166228056,0.00031886028591543436,4.780445575714111,-1.6188075542449951,0.9534522728555314,0.013307436369359493,0.011890241876244545,0.0003189243143424392,4.779573440551758,-1.6181520223617554,0.9534121611768761
92,11000,19,10999,10981,0.9982727272727273,11.143525956938802,True,0.011246643960475922,0.0108964117243886,0.000245450995862484,5.1551289558410645,-1.4546303749084473,0.9460488584300751,0.011252021417021751,0.010898841544985771,0.00024564520572312176,5.151693820953369,-1.4544975757598877,0.9460258197343542
85,11000,0,10992,10993,0.9993636363636363,10.312863783677464,True,0.011572865769267082,0.01226196251809597,0.0002848730655387044,4.565762042999268,-1.381361484527588,0.8940812623764982,0.011573168449103832,0.012261025607585907,0.0002848423318937421,4.566230773925781,-1.3810384273529053,0.8940162567919757
85,11000,3,10997,10995,0.9995454545454545,11.603675973760318,True,0.012585650198161602,0.013983752578496933,0.00035395126906223595,4.3616108894348145,-1.514115571975708,0.9655407558724822,0.012584255076944828,0.013983574695885181,0.00035391136771067977,4.362100124359131,-1.5137839317321777,0.9655292320081466
85,11000,0,10999,11000,1.0,11.753708915348671,True,0.02547081932425499,0.022065456956624985,0.00113573856651783,3.5245208740234375,-1.6425691843032837,0.9878962265422166,0.02547081932425499,0.022065456956624985,0.00113573856651783,3.5245208740234375,-1.6425691843032837,0.9878962265422166
85,11000,6,10995,10990,0.9990909090909091,11.001350085508875,True,0.01120448112487793,0.01121486909687519,0.0002515980158932507,5.65354061126709,-1.3550775051116943,0.9115748081765039,0.011204678565263748,0.011212434619665146,0.0002515513333491981,5.654346466064453,-1.3544635772705078,0.9115155615361025
85,11000,0,10999,11000,1.0,11.764052001117932,True,0.0235414020717144,0.023318924009799957,0.0010992190800607204,3.8740434646606445,-1.5779831409454346,0.9667654267702809,0.0235414020717144,0.023318924009799957,0.0010992190800607204,3.8740434646606445,-1.5779831409454346,0.9667654267702809
85,11000,0,10991,10992,0.9992727272727273,10.375321107551407,True,0.013603719882667065,0.01395969558507204,0.00037998449988663197,4.809612274169922,-1.4203943014144897,0.9124913127594395,0.01360600907355547,0.013957628980278969,0.0003799829864874482,4.809629917144775,-1.4206525087356567,0.9125041022783923
85,11000,0,10999,11000,1.0,10.96811484045056,True,0.0071609546430408955,0.007397908717393875,0.00010603385453578085,6.22715425491333,-1.1345120668411255,0.8711391648456647,0.0071609546430408955,0.007397908717393875,0.00010603385453578085,6.22715425491333,-1.1345120668411255,0.8711391648456647
85,11000,0,10996,10997,0.9997272727272727,12.982933880531448,True,0.024053921923041344,0.025697238743305206,0.001240366604179144,4.023875713348389,-1.6186574697494507,0.9854099421774715,0.024051165208220482,0.025699041783809662,0.0012403408763930202,4.023965835571289,-1.6187138557434082,0.9854647586182514
85,11000,0,10990,10991,0.9991818181818182,13.68571581372718,True,0.023876532912254333,0.02343803271651268,0.0011203981703147292,3.8850176334381104,-1.6040146350860596,0.9902751318807175,0.02388043887913227,0.02343994751572609,0.0011207173811271787,3.8837804794311523,-1.604260802268982,0.9902754432696379
85,11000,0,10999,11000,1.0,12.476755253121807,True,0.02438529208302498,0.022957807406783104,0.001122782938182354,3.108306884765625,-1.6345891952514648,0.9867319142927432,0.02438529208302498,0.022957807406783104,0.001122782938182354,3.108306884765625,-1.6345891952514648,0.9867319142927432
85,11000,2,10999,10998,0.9998181818181818,10.687102018606904,True,0.015034245327115059,0.015126314014196396,0.0004553505277726799,4.309970855712891,-1.6142213344573975,0.9737801489690473,0.015033934265375137,0.015125682577490807,0.0004553284961730242,4.3101806640625,-1.613993525505066,0.9737746467375096
85,11000,12,10999,10988,0.9989090909090909,11.749847422180718,True,0.013513943180441856,0.013957975432276726,0.0003777025267481804,4.142245769500732,-1.5887432098388672,0.970099482153303,0.013516745530068874,0.013958156108856201,0.00037779263220727444,4.141210079193115,-1.5884599685668945,0.9700953694152463
85,11000,0,10993,10994,0.9994545454545455,11.839336457363425,True,0.03536355122923851,0.03535955399274826,0.002502623712643981,3.6328840255737305,-1.6698687076568604,0.9920731987300241,0.03536166250705719,0.03536267578601837,0.0025027748197317123,3.6326215267181396,-1.6697942018508911,0.992089214725678
85,11000,2,10998,10997,0.9997272727272727,10.843636469258964,True,0.024556832388043404,0.01242411881685257,0.0007581974496133626,4.742213249206543,-1.4467006921768188,0.8767654485814171,0.024556027725338936,0.01242009736597538,0.0007580652018077672,4.742970943450928,-1.4465131759643555,0.8768525935089573
85,11000,0,10996,10997,0.9997272727272727,11.6119695369459,True,0.009723685681819916,0.010991758666932583,0.00021558911248575896,4.955756187438965,-1.3659504652023315,0.9160880321598001,0.009724798612296581,0.010990288108587265,0.00021558208391070366,4.955897808074951,-1.366297721862793,0.9162017195229865
85,11000,7,10993,10987,0.9988181818181818,11.30389783398124,True,0.009206602349877357,0.008877375163137913,0.00016402118490077555,5.45162296295166,-1.3282654285430908,0.9050577359269161,0.00920657254755497,0.008876275271177292,0.00016400517779402435,5.452047348022461,-1.327366828918457,0.9049413562303246
85,11000,7,10999,10993,0.9993636363636363,10.274773921478195,True,0.010020799934864044,0.010458782315254211,0.00020981402485631406,4.832222938537598,-1.340833067893982,0.8953127766112978,0.010021606460213661,0.010457715950906277,0.0002098072145599872,4.832364082336426,-1.3407152891159058,0.8952697356896391
85,11000,0,10997,10998,0.9998181818181818,12.321207835676496,True,0.03480764850974083,0.03615853935480118,0.002519052242860198,3.8826215267181396,-1.6218461990356445,0.9921465887910019,0.034808143973350525,0.03615725040435791,0.0025189912412315607,3.8827266693115234,-1.6218721866607666,0.9921512295135365
85,11000,3,10998,10996,0.9996363636363637,10.737109915012478,True,0.028836579993367195,0.02833710052073002,0.0016349874204024673,3.2522342205047607,-1.6615203619003296,0.9806077016839921,0.028836065903306007,0.02833607606589794,0.001634908257983625,3.252444267272949,-1.6613528728485107,0.9806071560712867
85,11000,0,10998,10999,0.9999090909090909,12.802092737318333,True,0.02275402843952179,0.02318575605750084,0.001055374275892973,4.1480607986450195,-1.6348713636398315,0.9849344235037164,0.02275322563946247,0.023186208680272102,0.00105535879265517,4.148124694824219,-1.6348919868469238,0.9849479996145148
85,11000,0,10999,11000,1.0,10.639490407727594,True,0.00696807075291872,0.007083577569574118,9.891308582155034e-05,5.471630573272705,-1.2091474533081055,0.8853091618931008,0.00696807075291872,0.007083577569574118,9.891308582155034e-05,5.471630573272705,-1.2091474533081055,0.8853091618931008
85,11000,0,10992,10993,0.9993636363636363,12.04084965182802,True,0.007373129948973656,0.00688070897012949,0.00010221342381555587,5.67709493637085,-1.3201854228973389,0.8803529372634333,0.0073713622987270355,0.006881758105009794,0.00010221176489721984,5.677165508270264,-1.3196531534194946,0.8803820081685243
85,11000,0,10999,11000,1.0,12.610151737810884,True,0.03701726719737053,0.036711663007736206,0.0027181163895875216,3.552379846572876,-1.6447882652282715,0.9957969598286012,0.03701726719737053,0.036711663007736206,0.0027181163895875216,3.552379846572876,-1.6447882652282715,0.9957969598286012
85,11000,0,10989,10990,0.9990909090909091,11.765763337659081,True,0.012999903410673141,0.01198814157396555,0.0003134511935058981,4.389072418212891,-1.535675048828125,0.9625273387932528,0.013001945801079273,0.01198651921004057,0.00031349205528385937,4.388506889343262,-1.5358176231384277,0.9625436374713914
85,11000,0,10999,11000,1.0,12.472159380231837,True,0.030889401212334633,0.02979343943297863,0.0018426364986225963,2.8774218559265137,-1.6787902116775513,0.992281209547029,0.030889401212334633,0.02979343943297863,0.0018426364986225963,2.8774218559265137,-1.6787902116775513,0.992281209547029
85,11000,1,10992,10992,0.9992727272727273,9.810191120098228,True,0.013334846124053001,0.011234485544264317,0.0003044596523977816,4.554275035858154,-1.578748345375061,0.9557349501957787,0.013332569971680641,0.011235712096095085,0.0003044389304704964,4.55457067489624,-1.578519582748413,0.9557655345538444
85,11000,9,10999,10991,0.9991818181818182,11.49877813949091,True,0.010704975575208664,0.010099230334162712,0.00021672045113518834,5.234665393829346,-1.488910436630249,0.9503635089028916,0.010708186775445938,0.010096748359501362,0.00021674270101357251,5.234219551086426,-1.489288330078125,0.950554879651509
85,11000,0,10999,11000,1.0,12.883819181780293,True,0.019058233126997948,0.017203224822878838,0.0006592132267542183,4.419187545776367,-1.485129714012146,0.9470035089252091,0.019058233126997948,0.017203224822878838,0.0006592132267542183,4.419187545776367,-1.485129714012146,0.9470035089252091
85,11000,0,10999,11000,1.0,12.68814770350028,True,0.02824033796787262,0.027605967596173286,0.0015596417943015695,3.667752265930176,-1.6192141771316528,0.9937381712359402,0.02824033796787262,0.027605967596173286,0.0015596417943015695,3.667752265930176,-1.6192141771316528,0.9937381712359402
85,11000,3,10999,10997,0.9997272727272727,11.559453849474512,True,0.03158663213253021,0.03172339126467705,0.002005776623263955,3.527086019515991,-1.6361278295516968,0.9852183411603096,0.03158558905124664,0.03172369673848152,0.002005761256441474,3.5271196365356445,-1.6358470916748047,0.9852170676638827
85,11000,9,10999,10991,0.9991818181818182,14.242650560371398,True,0.011699621565639973,0.01132919266819954,0.00026581279234960675,5.6346235275268555,-1.3910777568817139,0.9539965469981386,0.011700603179633617,0.01133076660335064,0.00026588846230879426,5.633387088775635,-1.390265703201294,0.9539722923396068
85,11000,11,10999,10989,0.999,9.84238027222357,True,0.013655601069331169,0.014306576922535896,0.0003911566163878888,4.898167133331299,-1.441948652267456,0.9307075081176409,0.013655518181622028,0.014307334087789059,0.0003911782114300877,4.897927761077881,-1.4413237571716309,0.9306432253550573
85,11000,0,10999,11000,1.0,13.108605493145621,True,0.00921218004077673,0.009908007457852364,0.00018316772184334695,5.099905967712402,-1.4576938152313232,0.938842971067429,0.00921218004077673,0.009908007457852364,0.00018316772184334695,5.099905967712402,-1.4576938152313232,0.938842971067429
85,11000,0,10999,11000,1.0,12.388394933778773,True,0.022432098165154457,0.02101980708539486,0.0009452483500353992,3.9236350059509277,-1.6221414804458618,0.9823476061217827,0.022432098165154457,0.02101980708539486,0.0009452483500353992,3.9236350059509277,-1.6221414804458618,0.9823476061217827
85,11000,4,10994,10991,0.9991818181818182,11.607241101595147,True,0.01638483628630638,0.013798180967569351,0.00045923414290882647,4.549923419952393,-1.6158044338226318,0.9630525910211205,0.016386449337005615,0.013795028440654278,0.0004592009063344449,4.55023717880249,-1.6157150268554688,0.9630767314996694
87,11000,463,10999,10537,0.9579090909090909,11.313510072109295,True,0.008812423795461655,0.010884999297559261,0.0001968032302102074,4.856147766113281,-1.3860331773757935,0.9316453786308518,0.008984190411865711,0.011061820201575756,0.00020394859893713146,4.701262474060059,-1.4414719343185425,0.9372936589340477
87,11000,4,10996,10993,0.9993636363636363,10.969401335737759,True,0.03356919810175896,0.03530162200331688,0.002374944742769003,3.2179832458496094,-1.699473261833191,0.9799715320350958,0.033568501472473145,0.035299163311719894,0.0023747405502945185,3.2183570861816406,-1.6992387771606445,0.9799602263304957
87,11000,1,10999,10999,0.9999090909090909,12.235364959216266,True,0.018621008843183517,0.01907345838844776,0.0007105707190930843,3.945878028869629,-1.6225792169570923,0.981148425143068,0.018620412796735764,0.01907353289425373,0.0007105518598109484,3.945993423461914,-1.6225056648254395,0.9811517369239242
87,11000,1,10999,10999,0.9999090909090909,12.204048937091933,True,0.03484243154525757,0.03509313240647316,0.0024456155952066183,3.4900574684143066,-1.6808443069458008,0.9950498844836607,0.03484201431274414,0.035092368721961975,0.0024455355014652014,3.4901998043060303,-1.6807628870010376,0.9950496449986059
87,11000,9,10999,10991,0.9991818181818182,11.027097196219056,True,0.013403465040028095,0.010657908394932747,0.0002939715632237494,4.466918468475342,-1.5484309196472168,0.9484304509000067,0.01340375654399395,0.010658114217221737,0.0002939755213446915,4.466859817504883,-1.5476264953613281,0.9483903954320861
87,11000,4,10998,10995,0.9995454545454545,11.025707182520787,True,0.008255457505583763,0.006826982833445072,0.00011490017641335726,4.662112236022949,-1.358687400817871,0.9010798369998818,0.00825527310371399,0.006826179102063179,0.00011488857853692025,4.662550449371338,-1.3583158254623413,0.9010319073108084
87,11000,4,10999,10996,0.9996363636363637,12.57154747710214,True,0.032934725284576416,0.030475199222564697,0.0020160817075520754,3.6846823692321777,-1.6197452545166016,0.9929155215377466,0.032934729009866714,0.03047358989715576,0.002016037004068494,3.6847784519195557,-1.6193910837173462,0.9929159427544815
87,11000,7,10999,10993,0.9993636363636363,10.969236364505381,True,0.025460608303546906,0.024281583726406097,0.001238639815710485,4.021193981170654,-1.615647315979004,0.9725740567417643,0.025462981313467026,0.024280374869704247,0.0012387408642098308,4.020839691162109,-1.6153615713119507,0.972575357140302
87,11000,4,10985,10982,0.9983636363636363,9.319495177634677,True,0.010583204217255116,0.009821661747992039,0.0002086195454467088,4.801093578338623,-1.534560203552246,0.924678946174699,0.010581063106656075,0.009826473891735077,0.0002086634049192071,4.800180912017822,-1.534028172492981,0.9247720747013743
87,11000,0,10995,10996,0.9996363636363637,11.288630061453414,True,0.007746796123683453,0.007393835578113794,0.00011469671153463423,6.817624092102051,-1.3310598134994507,0.9010526953174752,0.007746940944343805,0.007393379230052233,0.00011469280434539542,6.817771911621094,-1.331055760383606,0.901020481134899
87,11000,3,10996,10994,0.9994545454545455,11.247513181365207,True,0.020497091114521027,0.021000437438488007,0.0008613874088041484,4.224048137664795,-1.6657661199569702,0.9802612942951971,0.020494230091571808,0.021001171320676804,0.0008613007958047092,4.224484443664551,-1.6655570268630981,0.9802811577592464
87,11000,0,10994,10995,0.9995454545454545,10.987861520010703,True,0.012986685149371624,0.013343405909836292,0.00034671457251533866,4.116252899169922,-1.560778260231018,0.9622420776649333,0.012986929155886173,0.013342475518584251,0.000346694840118289,4.116499900817871,-1.5607784986495972,0.9622308216199061
87,11000,0,10999,11000,1.0,11.514926351028244,True,0.0227502454072237,0.02401149272918701,0.0010941295186057687,4.41644811630249,-1.5651664733886719,0.9521222701404556,0.0227502454072237,0.02401149272918701,0.0010941295186057687,4.41644811630249,-1.5651664733886719,0.9521222701404556
87,11000,0,10999,11000,1.0,12.675423052278049,True,0.015262399800121784,0.01650724560022354,0.0005054783541709185,3.766472101211548,-1.6226612329483032,0.9734930297832523,0.015262399800121784,0.01650724560022354,0.0005054783541709185,3.766472101211548,-1.6226612329483032,0.9734930297832523
87,11000,1,10999,10999,0.9999090909090909,12.417127313832703,True,0.031626760959625244,0.030986178666353226,0.0019605180714279413,3.2251510620117188,-1.6508979797363281,0.9929733077766869,0.031626518815755844,0.030985670164227486,0.0019604740664362907,3.225248098373413,-1.6508309841156006,0.9929728362012334
87,11000,1,10999,10999,0.9999090909090909,12.847048870550331,True,0.02883024699985981,0.0306687168776989,0.0017719987081363797,3.690305709838867,-1.6115243434906006,0.9864056869767573,0.02882961556315422,0.0306688342243433,0.0017719732131808996,3.690368175506592,-1.6114294528961182,0.9864073054062783
87,11000,2,10998,10997,0.9997272727272727,11.014952395846475,True,0.020640727132558823,0.02045118436217308,0.0008447469444945455,3.404940366744995,-1.66713285446167,0.9801190280393955,0.020640509203076363,0.0204500500112772,0.0008446905994787812,3.4052305221557617,-1.667014718055725,0.9801272433451917
87,11000,0,10995,10996,0.9996363636363637,12.771625658453152,True,0.02129611000418663,0.020507605746388435,0.0008741990895941854,4.574440956115723,-1.5158170461654663,0.948972663384595,0.02129628323018551,0.020508820191025734,0.0008742513600736856,4.574181079864502,-1.5158449411392212,0.9489619873954619
87,11000,2,10999,10998,0.9998181818181818,10.458683728490271,True,0.007999886758625507,0.0073404014110565186,0.00011788927076850086,5.949195861816406,-1.280521273612976,0.8936700956330266,0.00799994170665741,0.0073399534448981285,0.0001178840029751882,5.949389934539795,-1.2802881002426147,0.8936549582327176
87,11000,2,10999,10998,0.9998181818181818,11.744821479650742,True,0.03098040260374546,0.03049524873495102,0.0018909048521891236,3.1962270736694336,-1.6618188619613647,0.9924864448018916,0.030979150906205177,0.030494263395667076,0.0018907870398834348,3.1964972019195557,-1.6616594791412354,0.9924846611303724
87,11000,0,10991,10992,0.9992727272727273,12.050820420928712,True,0.018633153289556503,0.01923360489308834,0.0007177752559073269,4.214204788208008,-1.6225605010986328,0.9844025346215819,0.018635567277669907,0.01923350989818573,0.0007178861415013671,4.213533878326416,-1.62273371219635,0.9844084299471662
87,11000,0,10999,11000,1.0,12.163716254686587,True,0.02942787855863571,0.03100520931184292,0.0018274735193699598,3.3740234375,-1.6522403955459595,0.9930287325445568,0.02942787855863571,0.03100520931184292,0.0018274735193699598,3.3740234375,-1.6522403955459595,0.9930287325445568
87,11000,1,10999,10999,0.9999090909090909,11.351192161680482,True,0.027773438021540642,0.026665210723876953,0.0014825937105342746,4.092138290405273,-1.6339234113693237,0.9879146074826717,0.027773015201091766,0.02666480839252472,0.0014825521502643824,4.092259883880615,-1.633819818496704,0.9879131425791362
87,11000,2,10999,10998,0.9998181818181818,11.925343185267787,True,0.01629605144262314,0.015822285786271095,0.000516774074640125,3.7898764610290527,-1.6169897317886353,0.9653051762205531,0.01629566214978695,0.01582169719040394,0.0005167510826140642,3.790069103240967,-1.6167761087417603,0.9652971087052772
87,11000,4,10997,10994,0.9994545454545455,10.156470864658885,True,0.027550872415304184,0.027847178280353546,0.001535748247988522,2.720905303955078,-1.743160367012024,0.9857367576339362,0.02754957228899002,0.027847599238157272,0.001535714720375836,2.7209999561309814,-1.7429739236831665,0.9857404339703537
87,11000,1,10998,10998,0.9998181818181818,11.857133022793594,True,0.03607902675867081,0.03788045793771744,0.002737127710133791,3.626052141189575,-1.6664518117904663,0.9928298773589215,0.03607776761054993,0.03787967935204506,0.002736977068707347,3.626291275024414,-1.6663717031478882,0.9928292633194301
87,11000,6,10997,10992,0.9992727272727273,11.392234264362969,True,0.008620004169642925,0.008174844086170197,0.00014138472033664584,5.447290420532227,-1.4737792015075684,0.901678203343783,0.008621064946055412,0.008174117654561996,0.00014138809638097882,5.4471869468688965,-1.4737284183502197,0.9016475750655457
87,11000,0,10999,11000,1.0,12.457285597091687,True,0.03681543096899986,0.03717668727040291,0.0027380380779504776,2.825221061706543,-1.6560207605361938,0.9938847325635746,0.03681543096899986,0.03717668727040291,0.0027380380779504776,2.825221061706543,-1.6560207605361938,0.9938847325635746
87,11000,1,10999,10999,0.9999090909090909,13.269910554859703,True,0.023673363029956818,0.022343039512634277,0.0010601213434711099,4.165648937225342,-1.5984399318695068,0.9878889040373954,0.023672835901379585,0.022342873737215996,0.0010600890964269638,4.165781021118164,-1.598345160484314,0.9878883496553537
87,11000,0,10999,11000,1.0,12.713541610492637,True,0.028849754482507706,0.02986297570168972,0.0017246229108422995,3.707705020904541,-1.6647534370422363,0.9932668518181396,0.028849754482507706,0.02986297570168972,0.0017246229108422995,3.707705020904541,-1.6647534370422363,0.9932668518181396
87,11000,4,10997,10994,0.9994545454545455,9.32892523522114,True,0.01735452003777027,0.01448518130928278,0.000514174229465425,4.407394886016846,-1.596481442451477,0.9258144754677456,0.017353594303131104,0.014481955207884312,0.0005140391876921058,4.408535480499268,-1.596200704574585,0.9257783740939142
87,11000,0,10999,11000,1.0,11.66298779941516,True,0.03049316816031933,0.02980784885585308,0.0018184263026341796,2.916159152984619,-1.659191608428955,0.9900556033308296,0.03049316816031933,0.02980784885585308,0.0018184263026341796,2.916159152984619,-1.659191608428955,0.9900556033308296
87,11000,0,10987,10988,0.9989090909090909,12.435381796869418,True,0.018936412408947945,0.019002096727490425,0.0007199223036877811,3.626598358154297,-1.6542940139770508,0.9813392982816306,0.018942197784781456,0.01900617592036724,0.0007203115965239704,3.624251127243042,-1.6548182964324951,0.9813360601116359
87,11000,1,10999,10999,0.9999090909090909,11.978949180727607,True,0.033868540078401566,0.03113817609846592,0.0021169022656977177,3.790261745452881,-1.6480627059936523,0.9939345018084204,0.03386843577027321,0.031137190759181976,0.002116838702932,3.7903926372528076,-1.64797842502594,0.9939370343654161
87,11000,0,10997,10998,0.9998181818181818,10.92734687660139,True,0.030005428940057755,0.029274769127368927,0.001757503836415708,2.7894105911254883,-1.7069834470748901,0.9813150440416374,0.03000614047050476,0.029273975640535355,0.0017574939411133528,2.7894351482391357,-1.706984281539917,0.9813187046781698
87,11000,0,10989,10990,0.9990909090909091,11.80990311424318,True,0.02036592736840248,0.020846953615546227,0.0008496338850818574,3.870143413543701,-1.6194546222686768,0.9875426072566196,0.020365744829177856,0.020851539447903633,0.0008498377283103764,3.8691015243530273,-1.6193931102752686,0.9875725339748259
87,11000,3,10999,10997,0.9997272727272727,12.99980398818705,True,0.016669852659106255,0.016633104532957077,0.0005547227920033038,4.589405536651611,-1.5774738788604736,0.9747019922091673,0.01666938327252865,0.01663285121321678,0.0005547035252675414,4.5895562171936035,-1.5771985054016113,0.9746942605078358
87,11000,0,10999,11000,1.0,11.697430214543028,True,0.014619431458413601,0.01421140693128109,0.00041590689215809107,3.741807699203491,-1.5806593894958496,0.9657236496859476,0.014619431458413601,0.01421140693128109,0.00041590689215809107,3.741807699203491,-1.5806593894958496,0.9657236496859476
87,11000,0,10997,10998,0.9998181818181818,13.449869150964641,True,0.0329996719956398,0.033496491611003876,0.0022110515274107456,3.199983596801758,-1.6364814043045044,0.993436965002586,0.032999854534864426,0.03349608555436134,0.002211038488894701,3.200009346008301,-1.6364736557006836,0.9934365654245839
87,11000,0,10999,11000,1.0,10.391592839207895,True,0.019793955609202385,0.02017677202820778,0.0007991231395862997,3.919837236404419,-1.586676001548767,0.9663400445876036,0.019793955609202385,0.02017677202820778,0.0007991231395862997,3.919837236404419,-1.586676001548767,0.9663400445876036
87,11000,0,10999,11000,1.0,11.219711644053607,True,0.017104927450418472,0.017292436212301254,0.0005919217364862561,4.216302394866943,-1.5896995067596436,0.9555376314072465,0.017104927450418472,0.017292436212301254,0.0005919217364862561,4.216302394866943,-1.5896995067596436,0.9555376314072465
87,11000,1,10994,10994,0.9994545454545455,10.514775585167722,True,0.033732764422893524,0.03476160019636154,0.002346367808058858,3.0583105087280273,-1.7214386463165283,0.9881999006495852,0.0337296687066555,0.034764278680086136,0.002346356399357319,3.058331251144409,-1.7212945222854614,0.9882295761065071
87,11000,6,10999,10994,0.9994545454545455,11.930341591910384,True,0.02674172632396221,0.026766469702124596,0.0014317681780084968,4.020287036895752,-1.6253139972686768,0.9922919780736812,0.026739422231912613,0.026768231764435768,0.0014317585155367851,4.020315647125244,-1.624670386314392,0.9923084007278189
87,11000,11,10991,10981,0.9982727272727273,13.479673632432014,True,0.009433728642761707,0.00894173700362444,0.0001690308126853779,5.332089424133301,-1.1138358116149902,0.8782034030633213,0.009436780586838722,0.00894082710146904,0.0001690722128842026,5.331026077270508,-1.1138217449188232,0.8780998269215082
87,11000,24,10999,10976,0.9978181818181818,11.695294661851943,True,0.02118479274213314,0.0238774586468935,0.0010200364049524069,5.1313252449035645,-1.4813902378082275,0.949659056902793,0.02119324542582035,0.023893233388662338,0.0010212541092187166,5.126143455505371,-1.4804521799087524,0.9496365237467846
87,11000,0,10991,10992,0.9992727272727273,11.995233882700688,True,0.008434887044131756,0.00844640750437975,0.00014254824782256037,5.743862152099609,-1.3289058208465576,0.8948341130881337,0.008434598334133625,0.008448559790849686,0.00014257660950534046,5.7429986000061035,-1.3284971714019775,0.8948717836966692
87,11000,5,10999,10995,0.9995454545454545,11.24899668702416,True,0.010544799268245697,0.01058156043291092,0.00022318839910440147,4.38584566116333,-1.5066477060317993,0.9448209066023469,0.01054596621543169,0.010580223985016346,0.00022318576520774513,4.385896682739258,-1.5066345930099487,0.9448590099364094
87,11000,0,10999,11000,1.0,12.003956582980704,True,0.027129709720611572,0.02800513058900833,0.0015203298535197973,3.8266053199768066,-1.6559839248657227,0.9908277678029952,0.027129709720611572,0.02800513058900833,0.0015203298535197973,3.8266053199768066,-1.6559839248657227,0.9908277678029952
51,11000,0,10992,10993,0.9993636363636363,12.781847061926577,True,0.023649487644433975,0.024103613570332527,0.001140961772762239,3.8814446926116943,-1.6075600385665894,0.987752064274454,0.023651665076613426,0.024103283882141113,0.0011410819133743644,3.8809871673583984,-1.6076388359069824,0.9877553427082316
51,11000,0,10998,10999,0.9999090909090909,11.821951720041014,True,0.03354139253497124,0.03269951045513153,0.002195734763517976,3.8215134143829346,-1.5945295095443726,0.9708302516427664,0.0335414819419384,0.03269948810338974,0.002195729175582528,3.8215246200561523,-1.5945295095443726,0.9708277185399249
51,11000,0,10996,10997,0.9997272727272727,12.37674357090488,True,0.018221478909254074,0.016797464340925217,0.0006144128274172544,3.713949203491211,-1.5849822759628296,0.9776481963667099,0.01822078786790371,0.016797076910734177,0.000614380813203752,3.7141754627227783,-1.5849711894989014,0.9776410684250015
51,11000,0,10535,10536,0.9578181818181818,10.51729826616988,True,0.007624391466379166,0.007307496853172779,0.00011223478941246867,4.944436073303223,-1.3769645690917969,0.8963450866149549,0.007758318912237883,0.0074397968128323555,0.00011633334361249581,4.788669109344482,-1.426229476928711,0.8984156429043858
51,11000,0,10999,11000,1.0,12.110669384334038,True,0.018866216763854027,0.01666206866502762,0.0006336098304018378,3.6538445949554443,-1.633518099784851,0.9800550897684306,0.018866216763854027,0.01666206866502762,0.0006336098304018378,3.6538445949554443,-1.633518099784851,0.9800550897684306
51,11000,7,10995,10989,0.999,11.883933747906564,True,0.04313141107559204,0.04060489684343338,0.0035140409599989653,5.0014777183532715,-1.4835588932037354,0.9564120191606023,0.04313157498836517,0.04060230776667595,0.003513817675411701,5.001753807067871,-1.482964038848877,0.9563991334294244
51,11000,233,10999,10767,0.9788181818181818,10.910851156119003,True,0.007866056635975838,0.008465437218546867,0.00013382658653426915,5.108786582946777,-1.3008143901824951,0.8948899222980741,0.007937096990644932,0.008527358062565327,0.00013612165639642626,5.034937858581543,-1.3225839138031006,0.8970934952736845
51,11000,0,10994,10995,0.9995454545454545,11.071978766741346,True,0.009122260846197605,0.009201127104461193,0.0001681636495050043,5.076111793518066,-1.340501070022583,0.9000851263026951,0.009123185649514198,0.009198881685733795,0.0001681464200373739,5.076556205749512,-1.3406944274902344,0.9001354369461693
51,11000,11,10999,10989,0.999,10.445257463802939,True,0.02085181698203087,0.024455402046442032,0.00103631557431072,5.358388423919678,-0.4707956314086914,0.717045208246896,0.020859189331531525,0.024448465555906296,0.0010361969470977783,5.358886241912842,-0.4708678722381592,0.7170346514519014
51,11000,1,10996,10996,0.9996363636363637,12.027591329181082,True,0.017712581902742386,0.016141312196850777,0.0005745847010985017,4.725343704223633,-1.5589808225631714,0.9736548382080191,0.017712458968162537,0.01614043302834034,0.0005745565285906196,4.725556373596191,-1.5588607788085938,0.9736466629577611
51,11000,2,10999,10998,0.9998181818181818,12.322337967313523,True,0.03607017174363136,0.03800671547651291,0.0027460518758744,3.4671192169189453,-1.6626075506210327,0.9946685195854095,0.03606962785124779,0.038005802780389786,0.0027459573466330767,3.467268466949463,-1.6624401807785034,0.9946675288861114
51,11000,0,10997,10998,0.9998181818181818,12.453982614566515,True,0.0318998321890831,0.03160422295331955,0.0020180654246360064,3.705735445022583,-1.6768687963485718,0.9913983872917106,0.03189823031425476,0.0316048227250576,0.0020180181600153446,3.7058374881744385,-1.6768742799758911,0.9914081080686469
51,11000,4,10999,10996,0.9996363636363637,11.95541294378221,True,0.0261506587266922,0.027177909389138222,0.0014227828942239285,3.7584404945373535,-1.5899401903152466,0.9848696912962036,0.02614934928715229,0.027177851647138596,0.0014227255014702678,3.7586159706115723,-1.5895951986312866,0.9848661717872268
51,11000,5,10999,10995,0.9995454545454545,12.481935673006276,True,0.035688985139131546,0.03456884250044823,0.002469495637342334,3.632807731628418,-1.6482021808624268,0.9957799302554387,0.035688262432813644,0.034567974507808685,0.0024694267194718122,3.6329288482666016,-1.647767186164856,0.9957778469710448
51,11000,2,10999,10998,0.9998181818181818,10.617443112159048,True,0.007192167919129133,0.006077831145375967,8.893565973266959e-05,5.891481399536133,-1.3464592695236206,0.8704232066223034,0.00719164265319705,0.006077447906136513,8.892117330105975e-05,5.892189025878906,-1.3462105989456177,0.8703821646194437
51,11000,3,10999,10997,0.9997272727272727,11.94369423587387,True,0.04528730735182762,0.04492402449250221,0.004070903640240431,3.286309242248535,-1.6481534242630005,0.9891631112948965,0.04528758302330971,0.04492061212658882,0.004070674069225788,3.2865543365478516,-1.6479716300964355,0.9891693697098204
51,11000,0,10999,11000,1.0,11.402747938484847,True,0.02292891964316368,0.022983355447649956,0.0010541625088080764,3.830960988998413,-1.6508407592773438,0.99033504518163,0.02292891964316368,0.022983355447649956,0.0010541625088080764,3.830960988998413,-1.6508407592773438,0.99033504518163
51,11000,1,10985,10985,0.9986363636363637,10.91859011963323,True,0.010585220530629158,0.010333574377000332,0.00021896979887969792,4.798872947692871,-1.4661811590194702,0.9430484255161676,0.010588608682155609,0.010333034209907055,0.00021902704611420631,4.797738075256348,-1.4667671918869019,0.9430557574774155
51,11000,5,10994,10990,0.9990909090909091,11.052447939807323,True,0.03290208429098129,0.035035472363233566,0.0023122543934732676,4.834681034088135,-1.347978115081787,0.9216513224718769,0.03289905562996864,0.03503972291946411,0.002312354976311326,4.834491729736328,-1.3471839427947998,0.9216707273643269
51,11000,14,10999,10986,0.9987272727272727,10.904301045013474,True,0.04148009791970253,0.03870566934347153,0.0032195267267525196,5.121130466461182,-1.121068000793457,0.8889965115316397,0.04149235412478447,0.038707029074430466,0.003220542334020138,5.119760513305664,-1.120497703552246,0.888928557616352
51,11000,21,10999,10979,0.9980909090909091,11.473850769307239,True,0.03051912970840931,0.027572154998779297,0.001692056655883789,5.55621337890625,-1.0768306255340576,0.8269831714125221,0.030534394085407257,0.027591677382588387,0.0016941109206527472,5.550943374633789,-1.0769858360290527,0.826928182643504
51,11000,7,10989,10983,0.9984545454545455,11.269877580005783,True,0.01623668521642685,0.015914516523480415,0.0005170923541299999,4.8662943840026855,-1.5789648294448853,0.8872136934028664,0.01624119095504284,0.015912260860204697,0.0005171612720005214,4.865715980529785,-1.5796456336975098,0.8874104633457268
51,11000,6,10994,10989,0.999,11.721349181827119,True,0.020405739545822144,0.01944417878985405,0.0007949114660732448,4.186445713043213,-1.5279672145843506,0.9730398983196195,0.020402582362294197,0.019445741549134254,0.0007948473212309182,4.186796188354492,-1.5272341966629028,0.973055529315175
51,11000,0,10996,10997,0.9997272727272727,12.318565993764148,True,0.03665968030691147,0.03522084280848503,0.002584645990282297,3.5264060497283936,-1.6569995880126953,0.9936001806591482,0.036659374833106995,0.03521987795829773,0.0025845696218311787,3.526534080505371,-1.656996726989746,0.993598798456193
51,11000,0,10993,10994,0.9994545454545455,11.097469415337052,True,0.022918496280908585,0.02281365357339382,0.0010468120453879237,3.6308300495147705,-1.5656543970108032,0.9340614326259082,0.022916419431567192,0.02281733974814415,0.0010468527907505631,3.6306610107421875,-1.5656002759933472,0.9341026348970082
51,11000,0,10991,10992,0.9992727272727273,11.150477469976911,True,0.008342868648469448,0.007907969877123833,0.00013224633585195988,5.0264787673950195,-1.3546593189239502,0.9116024055801886,0.008344834670424461,0.00790522899478674,0.00013224041322246194,5.026673793792725,-1.3552675247192383,0.9117640932428919
51,11000,0,10999,11000,1.0,12.796015692287849,True,0.044830840080976486,0.04340814799070358,0.0038945104461163282,3.5097849369049072,-1.6631969213485718,0.9947202494942731,0.044830840080976486,0.04340814799070358,0.0038945104461163282,3.5097849369049072,-1.6631969213485718,0.9947202494942731
51,11000,9,10995,10987,0.9988181818181818,11.64595660167446,True,0.011865390464663506,0.01104434859007597,0.00026299466844648123,4.870577335357666,-1.5012229681015015,0.9553318461164376,0.011866199783980846,0.011045340448617935,0.000263042253209278,4.869791507720947,-1.5004498958587646,0.95530639265673
51,11000,0,10999,11000,1.0,12.593009258504173,True,0.017480315640568733,0.016098523512482643,0.000564909481909126,3.9221034049987793,-1.5596868991851807,0.9755291993922425,0.017480315640568733,0.016098523512482643,0.000564909481909126,3.9221034049987793,-1.5596868991851807,0.9755291993922425
51,11000,4,10999,10996,0.9996363636363637,12.695774510890805,True,0.028032727539539337,0.029264727607369423,0.0016423780471086502,3.995495319366455,-1.5687450170516968,0.9654712120347071,0.02803029678761959,0.02926555648446083,0.001642299466766417,3.9957032203674316,-1.5683503150939941,0.96547262528401
51,11000,0,10999,11000,1.0,12.13831872515616,True,0.033110301941633224,0.03300199285149574,0.0021857370156794786,3.76513934135437,-1.6672667264938354,0.9931194813363377,0.033110301941633224,0.03300199285149574,0.0021857370156794786,3.76513934135437,-1.6672667264938354,0.9931194813363377
51,11000,2,10998,10997,0.9997272727272727,10.787071842477616,True,0.015295225195586681,0.015633130446076393,0.0004786082135979086,4.048928737640381,-1.6463321447372437,0.9741044563973751,0.015294672921299934,0.015631958842277527,0.0004785559722222388,4.049402236938477,-1.6461666822433472,0.9740979163391721
51,11000,0,10996,10997,0.9997272727272727,11.802186944434926,True,0.033155739307403564,0.03363034874200821,0.002230792073532939,3.309272527694702,-1.6700128316879272,0.9944925915653966,0.0331546850502491,0.03363024443387985,0.002230734098702669,3.309384822845459,-1.6699868440628052,0.9944922236282574
51,11000,10,10991,10982,0.9983636363636363,9.581919170821536,True,0.008526107296347618,0.006518120411783457,0.0001152154291048646,5.641756534576416,-1.3364421129226685,0.8401944234872795,0.008526920340955257,0.00651519512757659,0.00011519104009494185,5.642675876617432,-1.335585117340088,0.8399548319456139
51,11000,0,10999,11000,1.0,10.596932158275463,True,0.009954342618584633,0.007520013954490423,0.00015565571084152907,4.759066104888916,-1.4295138120651245,0.8834069339994719,0.009954342618584633,0.007520013954490423,0.00015565571084152907,4.759066104888916,-1.4295138120651245,0.8834069339994719
51,11000,3,10999,10997,0.9997272727272727,10.455393465556515,True,0.033708442002534866,0.03343355283141136,0.0022559205535799265,3.1043858528137207,-1.7299174070358276,0.9860903671891574,0.033706068992614746,0.0334337092936039,0.0022557955235242844,3.104626178741455,-1.7297483682632446,0.986094051247338
51,11000,1,10999,10999,0.9999090909090909,11.07550930264381,True,0.00913329143077135,0.00991030503064394,0.00018172062118537724,5.226698875427246,-1.5075019598007202,0.9280238671356096,0.009133060462772846,0.00991007313132286,0.00018171171541325748,5.226912021636963,-1.5074399709701538,0.9280138291447848
51,11000,1,10999,10999,0.9999090909090909,11.936060302842368,True,0.03956019505858421,0.03846336528658867,0.003046416910365224,3.703615188598633,-1.6455705165863037,0.9880352234706107,0.03956006467342377,0.03846229612827301,0.0030463405419141054,3.703723907470703,-1.6454887390136719,0.9880362512920974
51,11000,0,10999,11000,1.0,11.584708126148849,True,0.044574204832315445,0.04612209275364876,0.004114151932299137,3.6682772636413574,-1.6570093631744385,0.9946477723202464,0.044574204832315445,0.04612209275364876,0.004114151932299137,3.6682772636413574,-1.6570093631744385,0.9946477723202464
51,11000,0,10997,10998,0.9998181818181818,10.779213426531717,True,0.019730105996131897,0.018677353858947754,0.000738173199351877,4.207581043243408,-1.6154143810272217,0.9851639065469622,0.019729280844330788,0.01867765747010708,0.0007381532923318446,4.207697868347168,-1.6154148578643799,0.9851690937437857
51,11000,0,10995,10996,0.9996363636363637,12.081418656535233,True,0.010995722375810146,0.01199063379317522,0.00026473429170437157,4.45571756362915,-1.5198354721069336,0.9529271640018092,0.010995610617101192,0.011990498751401901,0.00026472611352801323,4.455852031707764,-1.5197490453720093,0.9529090335667632
51,11000,0,10999,11000,1.0,12.554795847173798,True,0.012672428041696548,0.01143098995089531,0.00029144587460905313,4.489563941955566,-1.5401338338851929,0.9595474479650031,0.012672428041696548,0.01143098995089531,0.00029144587460905313,4.489563941955566,-1.5401338338851929,0.9595474479650031
51,11000,6,10999,10994,0.9994545454545455,12.172975077483956,True,0.03198668360710144,0.03265571594238281,0.0020904853008687496,3.643644332885742,-1.6413763761520386,0.9899939475467768,0.03198736533522606,0.0326554998755455,0.002090558409690857,3.6434924602508545,-1.640932321548462,0.9899893963667944
51,11000,0,10999,11000,1.0,11.994410992237533,True,0.026378612965345383,0.02726542018353939,0.0014392813900485635,3.627779006958008,-1.6422346830368042,0.9915475417311022,0.026378612965345383,0.02726542018353939,0.0014392813900485635,3.627779006958008,-1.6422346830368042,0.9915475417311022
51,11000,2,10996,10995,0.9995454545454545,11.30455368216187,True,0.015334317460656166,0.014025630429387093,0.00043230829760432243,4.335453987121582,-1.567402958869934,0.9720959300639969,0.015333123505115509,0.014024125412106514,0.00043223233660683036,4.336217403411865,-1.5671619176864624,0.9720798934377399
51,11000,0,10996,10997,0.9997272727272727,10.834183709282472,True,0.017013119533658028,0.016629140824079514,0.0005662186304107308,3.939225673675537,-1.6390531063079834,0.9748203590693093,0.01701069436967373,0.016630403697490692,0.0005661851027980447,3.9394826889038086,-1.6391388177871704,0.9748916089985653
51,11000,3,10994,10992,0.9992727272727273,10.876607263007118,True,0.025209035724401474,0.02483135461807251,0.001252800109796226,4.392249584197998,-1.542238473892212,0.9571096958197182,0.0252069104462862,0.024828871712088585,0.001252577523700893,4.393021583557129,-1.5418715476989746,0.9570716306968295
51,11000,1,10999,10999,0.9999090909090909,12.357283108997592,True,0.019887058064341545,0.019938597455620766,0.0007932250155135989,3.8683462142944336,-1.5998562574386597,0.9817022573980356,0.019886493682861328,0.019938256591558456,0.0007931915461085737,3.8685295581817627,-1.5997827053070068,0.9817002335193998
51,11000,2,10999,10998,0.9998181818181818,11.901747099543215,True,0.030370447784662247,0.028601782396435738,0.0017407337436452508,4.3868727684021,-1.6114434003829956,0.9942768889762081,0.030370023101568222,0.02860097959637642,0.0017406695988029242,4.387032985687256,-1.6112405061721802,0.9942760587775549
51,11000,12,10997,10986,0.9987272727272727,11.593206391493007,True,0.012436979450285435,0.01465919241309166,0.00037025936762802303,4.887438774108887,-1.4245394468307495,0.9429098166147515,0.01243522111326456,0.014662064611911774,0.00037032520049251616,4.886667251586914,-1.4231293201446533,0.942889746297229
109,11000,0,10995,10996,0.9996363636363637,11.85721788657824,True,0.012337698601186275,0.013158760033547878,0.00032566129812039435,4.523446083068848,-1.5420129299163818,0.9559436231360069,0.012336913496255875,0.013159369118511677,0.0003256650234106928,4.5233964920043945,-1.5419487953186035,0.9559432423170219
109,11000,0,10999,11000,1.0,12.839722632211696,True,0.03274298459291458,0.03216185420751572,0.0021066453773528337,3.575275421142578,-1.646378993988037,0.9932310196292552,0.03274298459291458,0.03216185420751572,0.0021066453773528337,3.575275421142578,-1.646378993988037,0.9932310196292552
109,11000,1,10996,10996,0.9996363636363637,11.040085904005007,True,0.027710136026144028,0.027159608900547028,0.0015057092532515526,3.8956332206726074,-1.653727412223816,0.9891925082102248,0.027709664776921272,0.027157071977853775,0.001505551510490477,3.8960883617401123,-1.65362548828125,0.9891939404189755
109,11000,13,10999,10987,0.9988181818181818,11.951793408665047,True,0.016443636268377304,0.016527405008673668,0.0005445637507364154,3.901492118835449,-1.6249908208847046,0.9780732176917135,0.016445931047201157,0.016530469059944153,0.0005447883158922195,3.8997015953063965,-1.6241520643234253,0.9780566214589509
109,11000,8,10999,10992,0.9992727272727273,10.923656628839701,True,0.00794217549264431,0.00795416347682476,0.00012645851529669017,4.411678791046143,-1.392493486404419,0.8797817525013446,0.007942574098706245,0.007954191416501999,0.000126464685308747,4.4114670753479,-1.3921700716018677,0.8797025692635189
109,11000,2,10994,10993,0.9993636363636363,10.53316693309543,True,0.014576000161468983,0.014399483799934387,0.0004202544514555484,3.871809244155884,-1.6440068483352661,0.9722830419882159,0.01457369513809681,0.014398543164134026,0.0004201686242595315,3.8726959228515625,-1.6438719034194946,0.9722785637648172
109,11000,5,10999,10995,0.9995454545454545,10.216695133144674,True,0.00926746241748333,0.009534223936498165,0.00017682377074379474,5.212301731109619,-1.4284186363220215,0.9219005577258681,0.009266977198421955,0.009534124284982681,0.00017681218741927296,5.212586402893066,-1.4278755187988281,0.921862209412423
109,11000,7,10996,10990,0.9990909090909091,10.912702790286431,True,0.022833196446299553,0.023328116163611412,0.0010661316337063909,3.7420570850372314,-1.6377867460250854,0.9891349673209748,0.022830652073025703,0.023327937349677086,0.001066023949533701,3.7424957752227783,-1.6371577978134155,0.9891304191376226
109,11000,0,10995,10996,0.9996363636363637,11.602689112504702,True,0.00814053975045681,0.00849531777203083,0.0001384517236147076,4.566667556762695,-1.3834813833236694,0.9027685584496595,0.008140631951391697,0.008495064452290535,0.00013844815839547664,4.566779613494873,-1.3833261728286743,0.9027336748513044
109,11000,11,10998,10988,0.9989090909090909,10.925431701366996,True,0.013257693499326706,0.014579178765416145,0.0003887687053065747,4.611070156097412,-1.5211338996887207,0.9587664105846231,0.013255685567855835,0.014581579715013504,0.00038880566717125475,4.610657215118408,-1.520119071006775,0.9588127652700438
109,11000,0,10999,11000,1.0,11.739609715272596,True,0.012500815093517303,0.013043184764683247,0.0003264736442361027,4.110311508178711,-1.5594233274459839,0.9573978607664319,0.012500815093517303,0.013043184764683247,0.0003264736442361027,4.110311508178711,-1.5594233274459839,0.9573978607664319
109,11000,6,10998,10993,0.9993636363636363,11.432046406348038,True,0.011406351812183857,0.011757832951843739,0.0002685549552552402,4.593779563903809,-1.4812555313110352,0.9541094900864965,0.011407403275370598,0.011757003143429756,0.00026856191107071936,4.593667030334473,-1.481034755706787,0.9541134343072866
109,11000,3,10999,10997,0.9997272727272727,10.25225958852526,True,0.016771426424384117,0.015358071774244308,0.0005175112164579332,4.105983734130859,-1.6237562894821167,0.9674501610312795,0.016770996153354645,0.015357205644249916,0.0005174620309844613,4.106396675109863,-1.6235551834106445,0.9674399469622431
109,11000,23,10997,10975,0.9977272727272727,10.84029445829583,True,0.00728486618027091,0.006989204790443182,0.00010206976730842143,5.5051798820495605,-1.313684105873108,0.8540642590785417,0.007291723974049091,0.006987820379436016,0.00010216139344265684,5.501282691955566,-1.316273808479309,0.8544256199443331
109,11000,0,10999,11000,1.0,11.147441226680625,True,0.03232533484697342,0.03141475468873978,0.0020329314284026623,2.9916155338287354,-1.7070176601409912,0.984972900064472,0.03232533484697342,0.03141475468873978,0.0020329314284026623,2.9916155338287354,-1.7070176601409912,0.984972900064472
109,11000,1,10997,10997,0.9997272727272727,12.86762319142069,True,0.025960462167859077,0.024717111140489578,0.0012849302729591727,3.7066874504089355,-1.6004390716552734,0.980492386865868,0.02595929242670536,0.024717526510357857,0.0012848889455199242,3.706827163696289,-1.6003365516662598,0.9804934790598533
109,11000,0,10999,11000,1.0,11.364361432586627,True,0.01316823624074459,0.012181601487100124,0.00032185818417929113,4.855762958526611,-1.560555100440979,0.9497377343201358,0.01316823624074459,0.012181601487100124,0.00032185818417929113,4.855762958526611,-1.560555100440979,0.9497377343201358
109,11000,6,10999,10994,0.9994545454545455,11.622031198588141,True,0.02673632651567459,0.02699432335793972,0.0014457068173214793,3.4627559185028076,-1.6501429080963135,0.9868702970264854,0.02673598751425743,0.026993785053491592,0.0014457200886681676,3.4627156257629395,-1.6496899127960205,0.9868627502171421
109,11000,19,10999,10981,0.9982727272727273,11.824892003069715,True,0.010739211924374104,0.008077075704932213,0.00018073922547046095,4.527557373046875,-1.4696564674377441,0.9202017444271784,0.010743350721895695,0.008077948354184628,0.00018085769261233509,4.524711608886719,-1.468817949295044,0.9201414438939266
109,11000,1,10999,10999,0.9999090909090909,11.87218673920188,True,0.024364452809095383,0.023368023335933685,0.0011403715470805764,3.8203582763671875,-1.6130223274230957,0.9792454029199282,0.024363907054066658,0.02336764521896839,0.0011403325479477644,3.820507526397705,-1.6129218339920044,0.9792428660950543
109,11000,2,10997,10996,0.9996363636363637,10.802210109150796,True,0.02852100320160389,0.029156772419810295,0.0016635698266327381,3.9049265384674072,-1.6489359140396118,0.9877039206018391,0.02851908840239048,0.029155204072594643,0.001663369475863874,3.9054501056671143,-1.6487653255462646,0.9876989989492664
109,11000,0,10998,10999,0.9999090909090909,11.407529254299455,True,0.025667058303952217,0.025545775890350342,0.0013115840265527368,4.189508438110352,-1.6444036960601807,0.9858765451303123,0.025666791945695877,0.025545593351125717,0.0013115578331053257,4.1895952224731445,-1.6444064378738403,0.9858750590415938
109,11000,1,10996,10996,0.9996363636363637,12.90148881260299,True,0.01968798041343689,0.019475605338811874,0.0007670974009670317,4.189215183258057,-1.5875325202941895,0.9852058172586712,0.019687490537762642,0.019474942237138748,0.0007670556078664958,4.189451694488525,-1.5874196290969849,0.9852037341802363
109,11000,1,10999,10999,0.9999090909090909,11.412916172769878,True,0.022598525509238243,0.02114020846784115,0.0009579628822393715,4.127139091491699,-1.6560468673706055,0.9826594064922167,0.02259838953614235,0.021139467135071754,0.0009579214965924621,4.127326011657715,-1.655978798866272,0.9826603215250422
109,11000,0,10999,11000,1.0,12.770313219530909,True,0.030165566131472588,0.030518868938088417,0.0018416383536532521,3.9771547317504883,-1.6452101469039917,0.9907010357664014,0.030165566131472588,0.030518868938088417,0.0018416383536532521,3.9771547317504883,-1.6452101469039917,0.9907010357664014
109,11000,0,10999,11000,1.0,13.206343182669002,True,0.02785932645201683,0.029726460576057434,0.001660123118199408,3.8052427768707275,-1.6113098859786987,0.9888710279324405,0.02785932645201683,0.029726460576057434,0.001660123118199408,3.8052427768707275,-1.6113098859786987,0.9888710279324405
109,11000,6,10999,10994,0.9994545454545455,12.325949338083252,True,0.01610194332897663,0.014721091836690903,0.00047627213643863797,3.72807240486145,-1.6164039373397827,0.9758541659718308,0.016102373600006104,0.014719597063958645,0.00047625566367059946,3.728222608566284,-1.6159274578094482,0.9758526163049968
109,11000,0,10999,11000,1.0,13.42401667456306,True,0.02877121977508068,0.028273805975914,0.0016274714143946767,3.719501256942749,-1.6517374515533447,0.9925974567059093,0.02877121977508068,0.028273805975914,0.0016274714143946767,3.719501256942749,-1.6517374515533447,0.9925974567059093
109,11000,4,10999,10996,0.9996363636363637,11.60395999906643,True,0.029190223664045334,0.030313044786453247,0.0017714586574584246,3.5754528045654297,-1.6567074060440063,0.990615428366361,0.029188981279730797,0.030312955379486084,0.0017714035930112004,3.575587749481201,-1.656337022781372,0.9906135053102473
109,11000,9,10994,10986,0.9987272727272727,9.841262403993646,True,0.012954466044902802,0.01187560148537159,0.0003090450190939009,4.282040596008301,-1.575947880744934,0.9626297269709266,0.012952122837305069,0.011876143515110016,0.00030900261481292546,4.282637596130371,-1.5750001668930054,0.9625955735664596
109,11000,1,10993,10993,0.9993636363636363,9.274953486434628,True,0.02604392170906067,0.024811990559101105,0.0012940519955009222,3.1644952297210693,-1.7424529790878296,0.9856138442890425,0.026042625308036804,0.024813108146190643,0.0012940306914970279,3.1645667552948,-1.7423917055130005,0.9856214937097336
109,11000,7,10999,10993,0.9993636363636363,12.09059977414758,True,0.03513222187757492,0.036374449729919434,0.0025585603434592485,3.5953617095947266,-1.6481890678405762,0.9951809099613326,0.03513159975409508,0.036375053226947784,0.002558628562837839,3.5952460765838623,-1.6475883722305298,0.9951787676121217
109,11000,15,10999,10985,0.9986363636363637,11.044364232349853,True,0.008919363841414452,0.01178721059113741,0.00021870476484764367,4.671274185180664,-1.470099925994873,0.9375452044967991,0.008919825777411461,0.011789600364863873,0.000218785266042687,4.669675350189209,-1.4687687158584595,0.9374890561655042
109,11000,6,10999,10994,0.9994545454545455,11.787854206448872,True,0.013232767581939697,0.013716612942516804,0.000363486644346267,4.519957542419434,-1.5724278688430786,0.9655544469271161,0.013233927078545094,0.013715163804590702,0.00036348775029182434,4.519944667816162,-1.5721651315689087,0.9655692241310155
109,11000,0,10999,11000,1.0,11.84313692910859,True,0.03588072583079338,0.0361618809401989,0.0025955145247280598,3.5596325397491455,-1.6698654890060425,0.9915479727941077,0.03588072583079338,0.0361618809401989,0.0025955145247280598,3.5596325397491455,-1.6698654890060425,0.9915479727941077
109,11000,1,10999,10999,0.9999090909090909,11.923580617534114,True,0.012782584875822067,0.014478306286036968,0.0003730571479536593,3.8319661617279053,-1.54883873462677,0.9627978586520848,0.01278252899646759,0.014478011056780815,0.0003730471362359822,3.832082748413086,-1.5487749576568604,0.9627946727969194
109,11000,5,10999,10995,0.9995454545454545,11.367160779436901,True,0.015302635729312897,0.014943740330636501,0.00045755619066767395,4.146756172180176,-1.629577875137329,0.972067104708149,0.01530322153121233,0.014943497255444527,0.00045757138286717236,4.146612167358398,-1.6292388439178467,0.9720584785507939
109,11000,0,10996,10997,0.9997272727272727,12.320034189371981,True,0.018588624894618988,0.02045864798128605,0.0007645497680641711,3.817946434020996,-1.6295742988586426,0.9789297734771653,0.018587984144687653,0.020458819344639778,0.0007645426085218787,3.8179872035980225,-1.6295212507247925,0.97892655412722
109,11000,0,10997,10998,0.9998181818181818,12.731021679001483,True,0.02679613046348095,0.026777302846312523,0.001435071462765336,3.3832197189331055,-1.639061450958252,0.9904073443173017,0.026795703917741776,0.026777291670441628,0.0014350481797009706,3.3832902908325195,-1.6390444040298462,0.9904060548181485
109,11000,2,10999,10998,0.9998181818181818,11.737759839815274,True,0.03563670441508293,0.035820625722408295,0.0025536026805639267,3.3027398586273193,-1.6739850044250488,0.9939352189003474,0.035635460168123245,0.03581991046667099,0.0025534757878631353,3.3029556274414062,-1.673807144165039,0.9939342561591191
109,11000,9,10998,10990,0.9990909090909091,10.757433287043806,True,0.018361596390604973,0.021782660856842995,0.0008117518154904246,3.581559896469116,-1.6468384265899658,0.9732076993388408,0.018357066437602043,0.021785905584692955,0.0008117410470731556,3.5816173553466797,-1.6464673280715942,0.973270763248675
109,11000,3,10999,10997,0.9997272727272727,11.613876376501267,True,0.01003499049693346,0.00993683934211731,0.00019970447465311736,4.811193466186523,-1.546872615814209,0.9490891462383746,0.010034728795289993,0.009935988113284111,0.00019968691049143672,4.811575889587402,-1.5466129779815674,0.9490742138161294
109,11000,0,10988,10989,0.999,14.058999960706311,True,0.018357930704951286,0.01780599355697632,0.0006542463088408113,4.04100227355957,-1.5497113466262817,0.965697177848845,0.018360767513513565,0.017810413613915443,0.000654524308629334,4.039157390594482,-1.5500478744506836,0.9656844057559736
109,11000,3,10994,10992,0.9992727272727273,11.423722383196038,True,0.02082538977265358,0.022439930588006973,0.0009376848465763032,3.700615167617798,-1.5896384716033936,0.9634419462375033,0.020826255902647972,0.02243756130337715,0.0009376195957884192,3.7009167671203613,-1.589511752128601,0.9634469988506462
109,11000,5,10999,10995,0.9995454545454545,11.877239410316946,True,0.028463101014494896,0.030052030459046364,0.001713437493890524,3.4347760677337646,-1.6465929746627808,0.9941322788224191,0.028462449088692665,0.03005192056298256,0.0017134100198745728,3.4348461627960205,-1.6461796760559082,0.994129857990366
109,11000,16,10999,10984,0.9985454545454545,10.579321125962375,True,0.008959735743701458,0.009129929356276989,0.0001636877132114023,4.775665283203125,-1.5328723192214966,0.9370946572007427,0.008958889171481133,0.009135600179433823,0.00016378327563870698,4.773130893707275,-1.5316386222839355,0.9373744811842764
109,11000,7,10999,10993,0.9993636363636363,11.275042668308853,True,0.010224780067801476,0.010609620250761509,0.0002176451962441206,5.137148380279541,-1.4584057331085205,0.9479264070260133,0.010223692283034325,0.010609210468828678,0.0002176279085688293,5.137494087219238,-1.4574724435806274,0.9478886446735504
109,11000,0,10989,10990,0.9990909090909091,12.740080056322958,True,0.015354745090007782,0.013339974917471409,0.00041432472062297165,5.1261420249938965,-1.4403873682022095,0.9442806291776435,0.015356957912445068,0.013340198434889317,0.00041442346991971135,5.125107765197754,-1.4404314756393433,0.944249829521021
109,11000,0,10999,11000,1.0,12.995364700721268,True,0.020631881430745125,0.0195092111825943,0.0008068152237683535,4.058223724365234,-1.6112333536148071,0.9835362584107595,0.020631881430745125,0.0195092111825943,0.0008068152237683535,4.058223724365234,-1.6112333536148071,0.9835362584107595
109,11000,0,10999,11000,1.0,11.27131102035917,True,0.01265741977840662,0.012040426023304462,0.0003056081768590957,4.3894877433776855,-1.5368269681930542,0.9476101549018222,0.01265741977840662,0.012040426023304462,0.0003056081768590957,4.3894877433776855,-1.5368269681930542,0.9476101549018222
109,11000,0,10980,10981,0.9982727272727273,10.51039252065964,True,0.009771594777703285,0.00967366062104702,0.000189540209248662,5.374596118927002,-1.3384428024291992,0.8993131976277193,0.009772361256182194,0.009679235517978668,0.00018968860968016088,5.371196746826172,-1.3376643657684326,0.8993344721272729
109,11000,0,10999,11000,1.0,12.534946647173989,True,0.024013902992010117,0.025062503293156624,0.0012049184879288077,3.7287187576293945,-1.631431221961975,0.9879709559551488,0.024013902992010117,0.025062503293156624,0.0012049184879288077,3.7287187576293945,-1.631431221961975,0.9879709559551488
109,11000,3,10995,10993,0.9993636363636363,11.878064392989797,True,0.03362121433019638,0.03465655446052551,0.0023318759631365538,3.4682223796844482,-1.667965054512024,0.9939543838506548,0.03362103924155235,0.034654296934604645,0.0023317127488553524,3.4685263633728027,-1.6677730083465576,0.993955332456858
109,11000,19,10979,10961,0.9964545454545455,10.807205188362435,True,0.00739560229703784,0.006157437339425087,9.262686216970906e-05,5.54527473449707,-1.4206181764602661,0.8661171264145703,0.007401200011372566,0.006165759172290564,9.281136590288952e-05,5.536633014678955,-1.4212919473648071,0.866080887349655
109,11000,4,10999,10996,0.9996363636363637,10.696062605950429,True,0.015570340678095818,0.018088649958372116,0.0005697810556739569,3.6947953701019287,-1.6585283279418945,0.9821695327893822,0.01556789968162775,0.018088804557919502,0.0005697168526239693,3.695284366607666,-1.6582728624343872,0.9821878497772049
109,11000,0,10993,10994,0.9994545454545455,13.411375113467312,True,0.01401438657194376,0.012737344019114971,0.0003588238323573023,4.550582408905029,-1.3880589008331299,0.9209544259317688,0.014014193788170815,0.01273945439606905,0.0003588648105505854,4.550086498260498,-1.3879565000534058,0.9209670614142251
109,11000,4,10998,10995,0.9995454545454545,10.401028418420976,True,0.013558042235672474,0.012581497430801392,0.00034227484138682485,4.557598114013672,-1.558168649673462,0.9643015101380283,0.013557080179452896,0.01258059311658144,0.00034222964313812554,4.55817174911499,-1.5578235387802124,0.9642811092897869
109,11000,4,10999,10996,0.9996363636363637,11.165324854058822,True,0.016028592362999916,0.015524212270975113,0.0004980422672815621,4.570691108703613,-1.622441053390503,0.9724128824445353,0.016027919948101044,0.01552372332662344,0.0004980085650458932,4.570985317230225,-1.6221163272857666,0.972400951675236
109,11000,2,10997,10996,0.9996363636363637,11.53576331064749,True,0.03536476939916611,0.03600645810365677,0.002547269221395254,3.491438388824463,-1.6696224212646484,0.993156844953375,0.03536360710859299,0.03600458428263664,0.0025470524560660124,3.491807460784912,-1.669467806816101,0.9931541927851777
109,11000,6,10999,10994,0.9994545454545455,12.40528069934285,True,0.03140075504779816,0.032185327261686325,0.002023329958319664,3.732374906539917,-1.63778817653656,0.9944717765903488,0.03140222281217575,0.032184772193431854,0.0020234407857060432,3.732137680053711,-1.6373800039291382,0.9944729243447384
109,11000,8,10994,10987,0.9988181818181818,10.825286060877595,True,0.008748077787458897,0.007619560230523348,0.00013508171832654625,6.124743938446045,-1.2551774978637695,0.9143606073234596,0.008749722503125668,0.007617331575602293,0.00013507535913959146,6.124947547912598,-1.2550169229507446,0.9143549312250722
109,11000,0,10992,10993,0.9993636363636363,11.841431140184778,True,0.010015199892222881,0.010462265461683273,0.00020990666234865785,4.532512664794922,-1.4708484411239624,0.9338333794812066,0.010017053224146366,0.010460744611918926,0.00020991775090806186,4.532282829284668,-1.4712433815002441,0.9338938686179953
109,11000,0,10996,10997,0.9997272727272727,11.399758097356498,True,0.012735264375805855,0.013722947798669338,0.00035059216315858066,4.360474109649658,-1.5655039548873901,0.9681904562011985,0.0127355782315135,0.01372204814106226,0.0003505759814288467,4.360674858093262,-1.5655423402786255,0.9681937673585741
109,11000,0,10999,11000,1.0,10.636528513083825,True,0.014088601805269718,0.014409265480935574,0.00040616642218083143,4.1309123039245605,-1.5669900178909302,0.9691327342511874,0.014088601805269718,0.014409265480935574,0.00040616642218083143,4.1309123039245605,-1.5669900178909302,0.9691327342511874
85,11000,9,10999,10991,0.9991818181818182,11.20271878263716,True,0.007958797737956047,0.008227013982832432,0.0001311937958234921,4.942013740539551,-1.2796199321746826,0.8766368495613307,0.007957846857607365,0.008229035884141922,0.0001312181120738387,4.941209316253662,-1.278507113456726,0.8766558074230162
87,11000,7,10998,10992,0.9992727272727273,10.866772251216597,True,0.014250552281737328,0.013611425645649433,0.00038837891770526767,6.762814044952393,-0.8807713985443115,0.7930838795429714,0.01425161026418209,0.013610555790364742,0.000388384738471359,6.762748718261719,-0.8801312446594238,0.7929551358682899
92,11000,5,10999,10995,0.9995454545454545,12.717774619856057,True,0.012593070045113564,0.015565111301839352,0.00040086268563754857,4.6371870040893555,-1.5597776174545288,0.9714035835168306,0.012593453750014305,0.015564443543553352,0.0004008519172202796,4.637303829193115,-1.5594727993011475,0.9713960728043853
92,11000,1,10990,10990,0.9990909090909091,12.505238171877778,True,0.01869095116853714,0.018293697386980057,0.0006840492715127766,5.079573631286621,-1.4425370693206787,0.9387004979425236,0.018695246428251266,0.01829542964696884,0.0006842687726020813,5.078179836273193,-1.4430546760559082,0.9386806389636673
92,11000,7,10999,10993,0.9993636363636363,13.206973504655268,True,0.020565824583172798,0.019497014582157135,0.000804524403065443,3.8821816444396973,-1.5659037828445435,0.9690871811711117,0.02056681364774704,0.01949559524655342,0.0008045532158575952,3.882026195526123,-1.5654000043869019,0.9690778809635067
92,11000,1,10985,10985,0.9986363636363637,11.180468882436296,True,0.012231732718646526,0.011363024823367596,0.0002787622215691954,4.262673377990723,-1.5280417203903198,0.9547239259117555,0.012235205620527267,0.011363359168171883,0.0002788499987218529,4.261305809020996,-1.5284992456436157,0.9547109618791448
92,11000,13,10999,10987,0.9988181818181818,10.983445223564935,True,0.010476317256689072,0.009481806308031082,0.00019971784786321223,5.041896820068359,-1.5760518312454224,0.9520676975357535,0.010480288416147232,0.009482934139668941,0.0001998236693907529,5.039596080780029,-1.5763498544692993,0.9520871792216067
92,11000,39,10999,10961,0.9964545454545455,11.241219730157038,True,0.006555672734975815,0.00771335931494832,0.00010251695493934676,5.569594383239746,-1.1006962060928345,0.886879836237043,0.00656558433547616,0.007720467634499073,0.00010274948726873845,5.559754848480225,-1.1049212217330933,0.8869285248514611
92,11000,4,10996,10993,0.9993636363636363,10.87282289051952,True,0.009723799303174019,0.01107705570757389,0.0002172603999497369,4.283820152282715,-1.5162248611450195,0.9489546680557902,0.00972268171608448,0.01107492670416832,0.00021719184587709606,4.285190582275391,-1.5157864093780518,0.9489575191282049
92,11000,1,10999,10999,0.9999090909090909,12.532282794768115,True,0.013078229501843452,0.014093618839979172,0.00037045765202492476,5.098833084106445,-1.5534199476242065,0.9741633183352457,0.013078437186777592,0.014093337580561638,0.0003704575647134334,5.0988335609436035,-1.5533841848373413,0.9741678787605313
92,11000,1,10998,10998,0.9998181818181818,11.076184058716613,True,0.02919611521065235,0.02885964885354042,0.0016853436827659607,3.6709678173065186,-1.6431556940078735,0.9887715916053333,0.029194263741374016,0.02885952964425087,0.0016852285480126739,3.671265125274658,-1.6430882215499878,0.9887771060666622
92,11000,0,10992,10993,0.9993636363636363,10.767204126459882,True,0.008447825908660889,0.006553465034812689,0.00011438087676651776,6.208623886108398,-1.4317505359649658,0.8621547133337675,0.00844629667699337,0.006553766317665577,0.00011436292697908357,6.2093048095703125,-1.4312015771865845,0.8620825480951186
92,11000,4,10999,10996,0.9996363636363637,12.911504991856042,True,0.03250604495406151,0.03084074705839157,0.002009517513215542,3.38620662689209,-1.6160359382629395,0.9924915043633562,0.03250574693083763,0.030840326100587845,0.0020095144864171743,3.3862128257751465,-1.6156389713287354,0.9924886314486193
92,11000,16,10999,10984,0.9985454545454545,10.13013719363032,True,0.007914614863693714,0.010554802604019642,0.00017418750212527812,5.397293567657471,-1.5119493007659912,0.9327785234898687,0.007913530804216862,0.010558838956058025,0.00017426522390451282,5.395356178283691,-1.5107425451278687,0.9328150895348176
92,11000,4,10990,10987,0.9988181818181818,10.838646462974111,True,0.015381372533738613,0.015733379870653152,0.0004847956879530102,4.718707084655762,-1.5897831916809082,0.9699017805053696,0.015383398160338402,0.01573101617395878,0.00048479653196409345,4.7186994552612305,-1.5897184610366821,0.9699375745249164
92,11000,0,10999,11000,1.0,12.779955412243492,True,0.037886109203100204,0.03816743195056915,0.002892252756282687,3.4307870864868164,-1.656243085861206,0.9944244546085439,0.037886109203100204,0.03816743195056915,0.002892252756282687,3.4307870864868164,-1.656243085861206,0.9944244546085439
92,11000,6,10999,10994,0.9994545454545455,11.085556700458008,True,0.00963961984962225,0.010293378494679928,0.00019890538533218205,4.699256896972656,-1.5095099210739136,0.9430961354820142,0.009636003524065018,0.010295822285115719,0.00019888320821337402,4.699741363525391,-1.509382963180542,0.9434381763444352
92,11000,0,10997,10998,0.9998181818181818,11.852607666560768,True,0.021460773423314095,0.020903466269373894,0.0008980013080872595,3.6486034393310547,-1.6559302806854248,0.9839694565620648,0.02146052196621895,0.020903490483760834,0.0008979838457889855,3.648688316345215,-1.6559268236160278,0.9839668068050132
92,11000,1,10995,10995,0.9995454545454545,9.435112184784904,True,0.017759790644049644,0.018028624355793,0.0006409711786545813,3.924349308013916,-1.5941673517227173,0.9367710535244861,0.01775784231722355,0.01802852749824524,0.0006408889312297106,3.9249064922332764,-1.5940449237823486,0.9367483080479827
92,11000,3,10987,10985,0.9986363636363637,11.181653594107628,True,0.008715683594346046,0.009929333813488483,0.00017499481327831745,4.874325275421143,-1.3020013570785522,0.8958456973547477,0.008714222349226475,0.009933670051395893,0.00017504820425529033,4.873000621795654,-1.3011305332183838,0.8959583447790985
92,11000,5,10999,10995,0.9995454545454545,10.326156662891314,True,0.014437597244977951,0.012927942909300327,0.0003770201001316309,4.605064392089844,-1.5262452363967896,0.9319048374776071,0.014437412843108177,0.012925666756927967,0.00037698063533753157,4.6055192947387695,-1.5257930755615234,0.9318820819444895
92,11000,5,10999,10995,0.9995454545454545,11.53638392458692,True,0.025786204263567924,0.02757478691637516,0.0014259807066991925,4.064913749694824,-1.6406725645065308,0.9890925661092471,0.02578647807240486,0.027573464438319206,0.0014259482268244028,4.065012454986572,-1.640304446220398,0.989090696922633
92,11000,2,10999,10998,0.9998181818181818,13.791226331841997,True,0.008244086056947708,0.008917264640331268,0.00014758220640942454,5.761980056762695,-1.3215798139572144,0.9033752166252313,0.008243032731115818,0.008917735889554024,0.00014757485769223422,5.762196063995361,-1.3213335275650024,0.9034246390915758
92,11000,2,10997,10996,0.9996363636363637,12.323154952215365,True,0.018244536593556404,0.017691316083073616,0.0006460506119765341,4.104948997497559,-1.6517685651779175,0.9799172863888695,0.018243925645947456,0.017690643668174744,0.0006460052682086825,4.105254173278809,-1.6516118049621582,0.979913137995754
92,11000,5,10998,10994,0.9994545454545455,11.119127497424326,True,0.017988866195082664,0.017095530405640602,0.0006161676137708127,4.0109992027282715,-1.5953506231307983,0.9809559590153873,0.017988229170441628,0.01709436997771263,0.0006161130149848759,4.011384010314941,-1.5948312282562256,0.9809472671082117
92,11000,0,10992,10993,0.9993636363636363,11.360992766573174,True,0.02490607462823391,0.02264590561389923,0.0011338143376633525,3.569772243499756,-1.6618725061416626,0.9853847256282319,0.024903031066060066,0.022650012746453285,0.001133881974965334,3.5695133209228516,-1.6617882251739502,0.9854626078626667
92,11000,0,10992,10993,0.9993636363636363,11.788871702683117,True,0.027801912277936935,0.027746066451072693,0.0015429450431838632,3.7847790718078613,-1.6362600326538086,0.9878374945227573,0.027801265940070152,0.02774944342672825,0.0015430828789249063,3.784391403198242,-1.6364095211029053,0.98785087195867
92,11000,38,10996,10959,0.9962727272727273,10.236035236629274,True,0.011571217328310013,0.009917529299855232,0.00023241277085617185,5.114322185516357,-1.4198639392852783,0.8948819116560457,0.011582992970943451,0.009929513558745384,0.00023294423590414226,5.104403018951416,-1.4203050136566162,0.8949346637369499
92,11000,4,10999,10996,0.9996363636363637,11.462682616110323,True,0.016762852668762207,0.017873605713248253,0.0006007520714774728,3.858069896697998,-1.6079620122909546,0.9746976708778843,0.01676126942038536,0.01787334680557251,0.0006006960175000131,3.8584747314453125,-1.6075588464736938,0.9746925279593313
92,11000,0,10994,10995,0.9995454545454545,10.89305204004602,True,0.01040072925388813,0.008993349969387054,0.00018915667897090316,5.107995986938477,-1.4023973941802979,0.908662912382748,0.010401018895208836,0.008992986753582954,0.0001891590072773397,5.107943534851074,-1.4023444652557373,0.9086253477242259
92,11000,3,10999,10997,0.9997272727272727,11.86838145839194,True,0.022260168567299843,0.02285046875476837,0.0010177558287978172,4.259626388549805,-1.6325503587722778,0.9888321573679535,0.022259460762143135,0.0228494293987751,0.0010176767827942967,4.2599639892578125,-1.632279396057129,0.9888285249077727
92,11000,1,10999,10999,0.9999090909090909,12.04520355050143,True,0.022945748642086983,0.024284424260258675,0.0011166121112182736,4.199648380279541,-1.642757773399353,0.9874336376960902,0.02294495515525341,0.024284353479743004,0.0011165712494403124,4.199808120727539,-1.6426663398742676,0.9874359870267164
92,11000,1,10992,10992,0.9992727272727273,12.13490572860336,True,0.012560423463582993,0.012879692949354649,0.0003238747885916382,4.464818954467773,-1.6408241987228394,0.9652447495322185,0.012560322880744934,0.012880884110927582,0.0003238977224100381,4.464511394500732,-1.640841007232666,0.9652457442640207
92,11000,0,10993,10994,0.9994545454545455,11.672182612922109,True,0.012992556206882,0.01336826104670763,0.00034950589179061353,4.418282985687256,-1.5563950538635254,0.9631390121419147,0.012994084507226944,0.013366439379751682,0.0003495261480566114,4.418030738830566,-1.5564261674880981,0.9631786139017688
92,11000,10,10995,10986,0.9987272727272727,12.466384444307213,True,0.009780307300388813,0.00965326838195324,0.00018896133406087756,5.148778915405273,-1.4325957298278809,0.9211486485766699,0.009783189743757248,0.009653531946241856,0.000189024765859358,5.147321701049805,-1.4327739477157593,0.9211796144902575
92,11000,1,10999,10999,0.9999090909090909,12.060146338063118,True,0.012969734147191048,0.012585874646902084,0.00032688817009329796,4.647799491882324,-1.5038336515426636,0.91467944313885,0.012969955801963806,0.012585360556840897,0.00032688237843103707,4.647877216339111,-1.5038301944732666,0.9146853695416708
92,11000,5,10996,10992,0.9992727272727273,11.52127439142635,True,0.01675933040678501,0.015623144805431366,0.0005255600553937256,4.078803062438965,-1.5464967489242554,0.9644650046681015,0.016758184880018234,0.015622553415596485,0.000525512732565403,4.07919454574585,-1.5460442304611206,0.9644833557129252
92,11000,8,10999,10992,0.9992727272727273,11.959006474706129,True,0.012626202777028084,0.011707036755979061,0.00029652946977876127,4.658928394317627,-1.565418004989624,0.9562060225509529,0.012626396492123604,0.01170627772808075,0.00029652088414877653,4.659053802490234,-1.5648844242095947,0.9561761403320549
92,11000,0,10990,10991,0.9991818181818182,11.223076893685043,True,0.020524147897958755,0.020016437396407127,0.000821933033876121,3.713212013244629,-1.6322628259658813,0.9868056026345076,0.02052726410329342,0.02001681923866272,0.0008220823365263641,3.7124228477478027,-1.6325606107711792,0.9868108335286037
92,11000,0,10984,10985,0.9986363636363637,13.282700076852054,True,0.010932515375316143,0.010638204403221607,0.00023286019859369844,4.725812911987305,-1.4973913431167603,0.954935210933112,0.0109353456646204,0.010641787201166153,0.00023301133478526026,4.722994804382324,-1.4977070093154907,0.9549073392773226
92,11000,0,10999,11000,1.0,12.56975333533386,True,0.01593676023185253,0.015398219227790833,0.0004911800497211516,4.4434967041015625,-1.5746372938156128,0.9721356346476367,0.01593676023185253,0.015398219227790833,0.0004911800497211516,4.4434967041015625,-1.5746372938156128,0.9721356346476367
92,11000,1,10995,10995,0.9995454545454545,12.045662740013604,True,0.013680395670235157,0.014130319468677044,0.00038707494968548417,5.101403713226318,-1.6004624366760254,0.9661659902724963,0.0136787174269557,0.014131286181509495,0.0003870613290928304,5.101556301116943,-1.6003336906433105,0.9661991857817841
92,11000,9,10996,10988,0.9989090909090909,14.21858461362531,True,0.01902702823281288,0.018953271210193634,0.0007213233620859683,5.324912071228027,-1.4167163372039795,0.9372790667909474,0.01902623474597931,0.018956966698169708,0.0007214408833533525,5.324204444885254,-1.4156062602996826,0.9372506770555125
92,11000,6,10999,10994,0.9994545454545455,11.738189328715492,True,0.01884905993938446,0.020217642188072205,0.000764284108299762,3.818793773651123,-1.6050479412078857,0.9821840716958412,0.018849210813641548,0.02021794393658638,0.0007643161807209253,3.8186116218566895,-1.6046032905578613,0.9821748178669775
92,11000,0,10999,11000,1.0,11.921446225325736,True,0.016377810388803482,0.015952229499816895,0.0005227594519965351,3.771880626678467,-1.6130304336547852,0.9738867584837744,0.016377810388803482,0.015952229499816895,0.0005227594519965351,3.771880626678467,-1.6130304336547852,0.9738867584837744
92,11000,0,10999,11000,1.0,13.137561247497674,True,0.009196063503623009,0.009733115322887897,0.00017955771181732416,4.710644721984863,-1.258638858795166,0.9092868362172382,0.009196063503623009,0.009733115322887897,0.00017955771181732416,4.710644721984863,-1.258638858795166,0.9092868362172382
92,11000,4,10990,10987,0.9988181818181818,12.613385163496481,True,0.037411317229270935,0.03623753786087036,0.0027128078509122133,4.285684585571289,-1.4526007175445557,0.9471904111022227,0.03741662949323654,0.036231573671102524,0.002712770365178585,4.2857441902160645,-1.4527857303619385,0.947347193869546
92,11000,18,10999,10982,0.9983636363636363,11.088731176048093,True,0.007206691894680262,0.0077261910773813725,0.00011170694779139012,4.690730094909668,-1.3281056880950928,0.8933567018383283,0.007208684924989939,0.0077298590913414955,0.00011179785360582173,4.687197685241699,-1.3277027606964111,0.8932848229261066
92,11000,0,10996,10997,0.9997272727272727,11.502437767537813,True,0.009055725298821926,0.006736145820468664,0.00012793898349627852,6.034565448760986,-1.320705771446228,0.8791498763251483,0.009056107141077518,0.006736030802130699,0.00012794086069334298,6.034502983093262,-1.3207898139953613,0.8791272429757857
92,11000,0,10998,10999,0.9999090909090909,12.404886963338797,True,0.025662926957011223,0.023733310401439667,0.0012225130340084434,4.330670356750488,-1.6225491762161255,0.9885731888644463,0.025662092491984367,0.023733437061309814,0.0012224812526255846,4.330782890319824,-1.6225651502609253,0.9885780621318875
92,11000,2,10997,10996,0.9996363636363637,11.142534409740856,True,0.03509262949228287,0.035426683723926544,0.002486851066350937,3.5276601314544678,-1.663107991218567,0.9929873984687863,0.035091616213321686,0.03542415052652359,0.0024865996092557907,3.5280990600585938,-1.6629565954208374,0.9929879642956402
92,11000,0,10996,10997,0.9997272727272727,11.441999849433945,True,0.016873741522431374,0.01593993790447712,0.0005389569560065866,4.02278470993042,-1.5940231084823608,0.978423163131485,0.016873780637979507,0.01593942940235138,0.0005389369907788932,4.022945404052734,-1.59406578540802,0.9784185900660023
92,11000,1,10999,10999,0.9999090909090909,11.767436075680333,True,0.04698020964860916,0.04565870761871338,0.004291956312954426,3.7641379833221436,-1.6469312906265259,0.9955366106816838,0.0469793863594532,0.045657943934202194,0.004291811026632786,3.764284610748291,-1.646832823753357,0.9955360545230642
92,11000,3,10999,10997,0.9997272727272727,12.57223304326359,True,0.011958491988480091,0.01395639218389988,0.00033779689692892134,4.6164164543151855,-1.5619138479232788,0.9725137608762242,0.011958536691963673,0.013955644331872463,0.0003377772809471935,4.616668701171875,-1.5616329908370972,0.9725100348053861
92,11000,6,10994,10989,0.999,9.086727335115743,True,0.009254196658730507,0.00992086436599493,0.0001841716730268672,4.820215225219727,-1.2784544229507446,0.8817347495736418,0.009252038784325123,0.009917501360177994,0.0001840675249695778,4.822671413421631,-1.277882695198059,0.8817175667516053
92,11000,0,10995,10996,0.9996363636363637,13.682206187362095,True,0.021028384566307068,0.020205838605761528,0.0008506227168254554,4.378986835479736,-1.5152745246887207,0.9562647949498689,0.021026868373155594,0.020206553861498833,0.0008505801670253277,4.379204273223877,-1.515134334564209,0.9562620002852933
92,11000,0,10999,11000,1.0,12.848137664384547,True,0.028814343735575676,0.02893810160458088,0.0016688368050381541,3.346958637237549,-1.6529074907302856,0.9885009134631569,0.028814343735575676,0.02893810160458088,0.0016688368050381541,3.346958637237549,-1.6529074907302856,0.9885009134631569
92,11000,3,10999,10997,0.9997272727272727,10.158991210419297,True,0.03460289165377617,0.03459645062685013,0.002398872282356024,2.524609088897705,-1.7080872058868408,0.9905062607714848,0.03460174426436424,0.034595243632793427,0.0023987710010260344,2.5247926712036133,-1.7078720331192017,0.9905030313904625
92,11000,8,10999,10992,0.9992727272727273,11.953233325391249,True,0.015027983114123344,0.01381526980549097,0.00041705582407303154,4.999570846557617,-1.5237756967544556,0.9633270801549624,0.015026046894490719,0.013817969709634781,0.00041707747732289135,4.999345779418945,-1.522840976715088,0.9633879074044283
92,11000,41,10980,10940,0.9945454545454545,10.943455820566449,True,0.008560821413993835,0.008321650326251984,0.00014341801579575986,6.2906084060668945,-0.9583423137664795,0.7234205063233587,0.00857821386307478,0.008334404788911343,0.0001439182524336502,6.275486469268799,-0.9645450115203857,0.7235896210010473
92,11000,6,10998,10993,0.9993636363636363,10.560641702136683,True,0.01599413901567459,0.015915969386696815,0.0005100334528833628,4.125734329223633,-1.5824583768844604,0.9761392741534352,0.015993943437933922,0.01591518335044384,0.0005100223934277892,4.125828742980957,-1.581883430480957,0.9761259113155547
92,11000,0,10993,10994,0.9994545454545455,11.194755297446765,True,0.010874143801629543,0.013109736144542694,0.00029022415401414037,4.5646772384643555,-1.4852063655853271,0.9556384316150978,0.01087438128888607,0.013109241612255573,0.0002902225824072957,4.564701080322266,-1.4850629568099976,0.9556168055156754
92,11000,0,10999,11000,1.0,12.286389388497273,True,0.008028252050280571,0.008224645629525185,0.00013249168114271015,5.871991157531738,-1.365612506866455,0.9048544270699345,0.008028252050280571,0.008224645629525185,0.00013249168114271015,5.871991157531738,-1.365612506866455,0.9048544270699345
85,11000,0,10996,10997,0.9997272727272727,12.779081665200213,True,0.016772938892245293,0.017461735755205154,0.0005865994025953114,4.325380802154541,-1.5958151817321777,0.9725925564473579,0.016772901639342308,0.017461564391851425,0.0005866002175025642,4.325375080108643,-1.5957744121551514,0.9725848510846868
85,11000,0,10999,11000,1.0,12.38445335668715,True,0.034255653619766235,0.03327392414212227,0.0022815419360995293,3.7634286880493164,-1.6448904275894165,0.995037790345674,0.034255653619766235,0.03327392414212227,0.0022815419360995293,3.7634286880493164,-1.6448904275894165,0.995037790345674
85,11000,1,10999,10999,0.9999090909090909,11.630635092023034,True,0.0271516814827919,0.027748728170990944,0.0015073477989062667,3.8138959407806396,-1.6404414176940918,0.9839628780598922,0.027151137590408325,0.027748433873057365,0.0015073030954226851,3.8140249252319336,-1.6403529644012451,0.9839613016792738
85,11000,0,10998,10999,0.9999090909090909,12.433374629958056,True,0.029592078179121017,0.028374360874295235,0.0016808556392788887,3.9201273918151855,-1.6124857664108276,0.9930979300441314,0.029591940343379974,0.028373951092362404,0.001680822460912168,3.920212984085083,-1.612494945526123,0.9930975883177988
85,11000,2,10999,10998,0.9998181818181818,11.661433315843508,True,0.031774166971445084,0.03263041004538536,0.002075226278975606,3.353264808654785,-1.6749608516693115,0.9922599349875412,0.03177378699183464,0.03262927755713463,0.002075144089758396,3.3534371852874756,-1.6748180389404297,0.9922593008837866
85,11000,9,10999,10991,0.9991818181818182,12.697305745802721,True,0.015149655751883984,0.015672147274017334,0.0004757053102366626,5.350718975067139,-1.4704320430755615,0.9437810031190104,0.015150287188589573,0.015676960349082947,0.00047589512541890144,5.348986625671387,-1.469940423965454,0.943836851405652
85,11000,1,10999,10999,0.9999090909090909,12.361444749588522,True,0.024484658613801003,0.022894328460097313,0.0011255113640800118,3.4299302101135254,-1.6661499738693237,0.9856747364522802,0.02448442205786705,0.022893864661455154,0.0011254879646003246,3.430020570755005,-1.666068196296692,0.9856734696558697
85,11000,0,10999,11000,1.0,12.872098230537075,True,0.03692643716931343,0.03629208356142044,0.002680777804926038,3.849079132080078,-1.618362307548523,0.9922714994840004,0.03692643716931343,0.03629208356142044,0.002680777804926038,3.849079132080078,-1.618362307548523,0.9922714994840004
85,11000,0,10996,10997,0.9997272727272727,12.212948631239389,True,0.04128994047641754,0.03972356766462326,0.003285408951342106,4.003475189208984,-1.6607540845870972,0.9929983102489746,0.04128671810030937,0.03972576931118965,0.00328536843881011,4.003528594970703,-1.6607576608657837,0.9930281091102942
85,11000,2,10993,10992,0.9992727272727273,11.909282685128318,True,0.018475055694580078,0.018524914979934692,0.0006846137694083154,4.407042503356934,-1.5832676887512207,0.9796604661214703,0.018474295735359192,0.018526704981923103,0.0006846570177003741,4.406768321990967,-1.5830813646316528,0.979666607541504
85,11000,2,10999,10998,0.9998181818181818,12.628487649761645,True,0.03491726890206337,0.034855738282203674,0.0024344511330127716,3.5220754146575928,-1.6353039741516113,0.9936514725660092,0.034916169941425323,0.03485539183020592,0.002434361260384321,3.522235155105591,-1.6351345777511597,0.9936511117848683
85,11000,2,10999,10998,0.9998181818181818,13.040053430491698,True,0.033055614680051804,0.031586188822984695,0.002090760739520192,3.3278274536132812,-1.620313048362732,0.9921874685230188,0.03305571898818016,0.03158514201641083,0.00209070579148829,3.32794189453125,-1.6201739311218262,0.9921889353034559
85,11000,0,10999,11000,1.0,13.74054669201338,True,0.02576126903295517,0.02649509161710739,0.0013657554518431425,4.183820724487305,-1.5296000242233276,0.9781730614958338,0.02576126903295517,0.02649509161710739,0.0013657554518431425,4.183820724487305,-1.5296000242233276,0.9781730614958338
85,11000,0,10996,10997,0.9997272727272727,12.147823333277747,True,0.03205825015902519,0.031089765951037407,0.0019945914391428232,4.201650142669678,-1.5988762378692627,0.9763776550010324,0.032060641795396805,0.031087340787053108,0.001994600286707282,4.20163106918335,-1.5990359783172607,0.9764171838008616
85,11000,0,10998,10999,0.9999090909090909,12.321099495141217,True,0.03840561583638191,0.039496228098869324,0.0030349772423505783,3.7604966163635254,-1.650339961051941,0.9958844871994829,0.038405392318964005,0.03949589654803276,0.0030349341686815023,3.7605581283569336,-1.6503361463546753,0.9958840885571675
85,11000,22,10903,10882,0.9892727272727273,11.625867193120225,True,0.010202601552009583,0.008740372024476528,0.00018080018344335258,5.687595367431641,-1.4191275835037231,0.9036427703818789,0.010242232121527195,0.008771887980401516,0.00018213297880720347,5.655698299407959,-1.4278498888015747,0.90374544560683
85,11000,0,10999,11000,1.0,13.002561169235987,True,0.01643473096191883,0.01429511047899723,0.0004745693295262754,4.47550106048584,-1.5767433643341064,0.9715787866663095,0.01643473096191883,0.01429511047899723,0.0004745693295262754,4.47550106048584,-1.5767433643341064,0.9715787866663095
85,11000,0,10999,11000,1.0,12.043899727127139,True,0.03999599814414978,0.041057005524635315,0.003285374026745558,3.4100894927978516,-1.6297242641448975,0.9960710773471638,0.03999599814414978,0.041057005524635315,0.003285374026745558,3.4100894927978516,-1.6297242641448975,0.9960710773471638
85,11000,2,10993,10992,0.9992727272727273,10.79933939969218,True,0.011806621216237545,0.013201110064983368,0.00031389869400300086,4.4213409423828125,-1.5369940996170044,0.9644441906391844,0.01180493924766779,0.013201482594013214,0.0003138694737572223,4.421745300292969,-1.53661048412323,0.9644327327623448
85,11000,2,10999,10998,0.9998181818181818,11.529054497308639,True,0.032321758568286896,0.031468600034713745,0.0020358983892947435,3.78847336769104,-1.6258347034454346,0.9753743254571404,0.03232155740261078,0.03146795555949211,0.002035858342424035,3.7885589599609375,-1.6256983280181885,0.9753696805979795
85,11000,0,10995,10996,0.9996363636363637,12.479920416542367,True,0.03141997009515762,0.031116893514990807,0.001956572523340583,3.7688400745391846,-1.6139347553253174,0.9754707623153146,0.031417302787303925,0.031117722392082214,0.001956491731107235,3.769019842147827,-1.613855004310608,0.975475460216371
85,11000,12,10997,10986,0.9987272727272727,11.26295443303446,True,0.008818287402391434,0.008911574259400368,0.00015771733887959272,6.022464752197266,-1.2373440265655518,0.8957902225853527,0.008817605674266815,0.008912728168070316,0.000157739341375418,6.021859169006348,-1.2352583408355713,0.8956825092806537
85,11000,0,10998,10999,0.9999090909090909,12.040162295305272,True,0.04301222413778305,0.042121771723032,0.0036245498340576887,3.5699644088745117,-1.6649233102798462,0.9938862455052495,0.04301123693585396,0.04212181270122528,0.003624472999945283,3.5700559616088867,-1.6649302244186401,0.9938881026121748
85,11000,0,10996,10997,0.9997272727272727,12.207582178481168,True,0.012089296244084835,0.011552870273590088,0.0002796367334667593,4.138388156890869,-1.5094902515411377,0.9536890517673172,0.012088793329894543,0.011553024873137474,0.00027962849708274007,4.138515949249268,-1.5093916654586792,0.9536801839039376
85,11000,0,10999,11000,1.0,11.65268028636551,True,0.007638565264642239,0.006711624097079039,0.00010357787687098607,6.151423454284668,-1.2515994310379028,0.8987044067992629,0.007638565264642239,0.006711624097079039,0.00010357787687098607,6.151423454284668,-1.2515994310379028,0.8987044067992629
85,11000,6,10998,10993,0.9993636363636363,12.10262615976199,True,0.023380009457468987,0.02297986112535,0.0010764613980427384,3.5983502864837646,-1.6152108907699585,0.9886581565160704,0.02337832748889923,0.022980477660894394,0.0010764512699097395,3.598390817642212,-1.6146044731140137,0.9886618879141649
85,11000,2,10999,10998,0.9998181818181818,11.202085777216206,True,0.029909852892160416,0.030482525005936623,0.0018258466152474284,3.3948466777801514,-1.61556875705719,0.9784480645704182,0.02990977093577385,0.030481379479169846,0.0018257932970300317,3.3949735164642334,-1.6154234409332275,0.9784460268617323
85,11000,1,10994,10994,0.9994545454545455,11.680741672968125,True,0.011083370074629784,0.011356523260474205,0.000251844001468271,4.563339710235596,-1.4875288009643555,0.9425187381214601,0.011083917692303658,0.011355329304933548,0.0002518311666790396,4.563560962677002,-1.487728476524353,0.9425728856469158
85,11000,7,10979,10973,0.9975454545454545,11.20872560106309,True,0.011263593100011349,0.010670902207493782,0.00024094959371723235,4.567081451416016,-1.5012403726577759,0.9515869296351429,0.011267537251114845,0.010677333921194077,0.00024116998247336596,4.563111305236816,-1.5014694929122925,0.9515407490078309
85,11000,0,10999,11000,1.0,11.593093214928267,True,0.027031514793634415,0.025802990421652794,0.00139686930924654,3.6806704998016357,-1.638674259185791,0.9864179453754717,0.027031514793634415,0.025802990421652794,0.00139686930924654,3.6806704998016357,-1.638674259185791,0.9864179453754717
85,11000,1,10999,10999,0.9999090909090909,12.50030011103058,True,0.03221420571208,0.032305993139743805,0.002083738334476948,2.991931200027466,-1.6477301120758057,0.9938511285521913,0.03221386298537254,0.03230561688542366,0.00208370597101748,2.9919984340667725,-1.6476383209228516,0.9938504369492818
85,11000,12,10996,10985,0.9986363636363637,10.7997016941564,True,0.015251311473548412,0.014977115206420422,0.0004571598256006837,3.8745081424713135,-1.6049216985702515,0.9711576193540408,0.015253049321472645,0.014979172497987747,0.0004572861362248659,3.8733086585998535,-1.604304313659668,0.9711261935288844
85,11000,0,10992,10993,0.9993636363636363,10.900607453679196,True,0.01436623465269804,0.013128072954714298,0.00037877794238738716,4.438108444213867,-1.5385037660598755,0.9498144100157097,0.01436629705131054,0.01312909834086895,0.0003788116155192256,4.437722682952881,-1.538365364074707,0.9497921711123044
85,11000,5,10991,10987,0.9988181818181818,9.351304853931655,True,0.01282021589577198,0.012965199537575245,0.00033281525247730315,5.016917705535889,-1.2347592115402222,0.8421343090146125,0.012813414447009563,0.012963439337909222,0.0003325931029394269,5.019817352294922,-1.2332950830459595,0.8419427764497671
85,11000,13,10999,10987,0.9988181818181818,10.091333858736318,True,0.00974779948592186,0.009532896801829338,0.00018609632388688624,4.761353969573975,-1.4177751541137695,0.912829324392064,0.009748847223818302,0.009536138735711575,0.0001861780183389783,4.759448051452637,-1.4170129299163818,0.9128109291588856
85,11000,4,10999,10996,0.9996363636363637,12.219693711870613,True,0.03656985983252525,0.03769959881901741,0.0027599758468568325,3.6258184909820557,-1.6399402618408203,0.9964457854101365,0.03656996041536331,0.037698689848184586,0.0027599562890827656,3.6258492469787598,-1.6396173238754272,0.9964453548003879
85,11000,3,10968,10966,0.9969090909090909,12.12892362665439,True,0.006921835243701935,0.00686711585149169,9.536858124192804e-05,5.610538005828857,-1.1981209516525269,0.8480531680728369,0.006928844377398491,0.006873271428048611,9.556279110256582e-05,5.601702690124512,-1.2006434202194214,0.8478967446335779
85,11000,0,10987,10988,0.9989090909090909,10.882064360083916,True,0.010670151561498642,0.010789591819047928,0.00023027493443805724,4.095865726470947,-1.572139859199524,0.9442403720469311,0.010674030520021915,0.010791260749101639,0.000230395671678707,4.0935893058776855,-1.5726717710494995,0.9442478489139884
85,11000,9,10999,10991,0.9991818181818182,12.427351246346042,True,0.009693707339465618,0.009107580408453941,0.00017719014431349933,4.980058193206787,-1.5216081142425537,0.9398161102104509,0.009694169275462627,0.009108323603868484,0.00017720689356792718,4.979647636413574,-1.5210384130477905,0.9397756602672929
85,11000,1,10999,10999,0.9999090909090909,12.447110787018277,True,0.03118707612156868,0.02975613623857498,0.001858773990534246,3.304560661315918,-1.6352472305297852,0.9936490005467133,0.031187132000923157,0.029755286872386932,0.0018587340600788593,3.304654121398926,-1.635176420211792,0.9936522313631748
85,11000,2,10999,10998,0.9998181818181818,12.23359723288722,True,0.02339387685060501,0.021411485970020294,0.0010060997446998954,3.698601245880127,-1.642349362373352,0.9858620449064538,0.023393800482153893,0.021410388872027397,0.0010060432832688093,3.698845148086548,-1.6422233581542969,0.9858636344944527
85,11000,0,10999,11000,1.0,13.255801388769948,True,0.02719075046479702,0.02659515105187893,0.001446759793907404,3.555053472518921,-1.6083165407180786,0.9890827585111088,0.02719075046479702,0.02659515105187893,0.001446759793907404,3.555053472518921,-1.6083165407180786,0.9890827585111088
85,11000,0,10999,11000,1.0,11.489813419194224,True,0.024256732314825058,0.023562323302030563,0.0011448453878983855,4.212893962860107,-1.5603395700454712,0.9588949622397563,0.024256732314825058,0.023562323302030563,0.0011448453878983855,4.212893962860107,-1.5603395700454712,0.9588949622397563
85,11000,0,10999,11000,1.0,12.310683592332875,True,0.010752907022833824,0.011656180024147034,0.000252103985985741,5.026052474975586,-1.41884446144104,0.9317161137115604,0.010752907022833824,0.011656180024147034,0.000252103985985741,5.026052474975586,-1.41884446144104,0.9317161137115604
85,11000,0,10999,11000,1.0,11.23142928304114,True,0.010308363474905491,0.010052300058305264,0.0002073185023618862,4.188758850097656,-1.4975756406784058,0.9290114567682445,0.010308363474905491,0.010052300058305264,0.0002073185023618862,4.188758850097656,-1.4975756406784058,0.9290114567682445
85,11000,0,10997,10998,0.9998181818181818,11.811134615136051,True,0.020000575110316277,0.02017178386449814,0.0008075821679085493,3.4401326179504395,-1.6535674333572388,0.98308604038485,0.01999991200864315,0.02017165906727314,0.0008075420628301799,3.4403486251831055,-1.6535382270812988,0.9830839460090377
85,11000,0,10999,11000,1.0,12.130558404040189,True,0.020658254623413086,0.019901851192116737,0.000823303940705955,3.937845230102539,-1.6112078428268433,0.9776877637466808,0.020658254623413086,0.019901851192116737,0.000823303940705955,3.937845230102539,-1.6112078428268433,0.9776877637466808
85,11000,0,10999,11000,1.0,11.900142127395338,True,0.03126088157296181,0.030864829197525978,0.001930011436343193,3.309262752532959,-1.6600391864776611,0.9907451013751423,0.03126088157296181,0.030864829197525978,0.001930011436343193,3.309262752532959,-1.6600391864776611,0.9907451013751423
85,11000,5,10999,10995,0.9995454545454545,11.971039079676506,True,0.029585128650069237,0.0303689893335104,0.0017984943697229028,3.66060209274292,-1.644603967666626,0.9934325464175324,0.0295843668282032,0.030368443578481674,0.0017984523437917233,3.660703182220459,-1.6441237926483154,0.9934293359224494
87,11000,0,10999,11000,1.0,11.81454273607698,True,0.02704116888344288,0.027403932064771652,0.001483625266700983,3.3083720207214355,-1.643639326095581,0.9866321865494224,0.02704116888344288,0.027403932064771652,0.001483625266700983,3.3083720207214355,-1.643639326095581,0.9866321865494224
87,11000,15,10997,10983,0.9984545454545455,10.766280503035654,True,0.007428477052599192,0.007736964616924524,0.00011520078260218725,6.118524551391602,-1.3151426315307617,0.9085106294071851,0.007430240977555513,0.007736677303910255,0.00011521927081048489,6.117827892303467,-1.3142365217208862,0.9084301321769057
87,11000,1,10995,10995,0.9995454545454545,10.16441595937935,True,0.013605351559817791,0.014146829023957253,0.00038534883060492575,4.323821544647217,-1.5904715061187744,0.9687268797845,0.013604862615466118,0.014144456945359707,0.00038527263677679,4.324680328369141,-1.590383529663086,0.9687209920687273
87,11000,0,10994,10995,0.9995454545454545,11.389245444448552,True,0.026936637237668037,0.028793515637516975,0.001555003458634019,3.8628101348876953,-1.6939836740493774,0.9883686195100339,0.026933545246720314,0.028796207159757614,0.0015550126554444432,3.8627843856811523,-1.6939657926559448,0.9884110182343365
87,11000,2,10999,10998,0.9998181818181818,10.961805630351503,True,0.022050801664590836,0.022089814767241478,0.0009746482246555388,3.298123836517334,-1.6672019958496094,0.9835724491797343,0.022049816325306892,0.022089127451181412,0.0009745833813212812,3.2984132766723633,-1.6670485734939575,0.9835685683763213
87,11000,6,10995,10990,0.9990909090909091,10.07632811030038,True,0.010997968725860119,0.010015692561864853,0.00022130913566797972,5.032325267791748,-1.4711766242980957,0.9498753876877545,0.010997581295669079,0.010013568215072155,0.0002212573162978515,5.033342361450195,-1.4706697463989258,0.949892667960722
87,11000,5,10999,10995,0.9995454545454545,11.412050203922522,True,0.02424958534538746,0.023678533732891083,0.0011492480989545584,3.91091251373291,-1.6354146003723145,0.9725746819323394,0.02424994669854641,0.02367822453379631,0.0011492735939100385,3.910815954208374,-1.6351220607757568,0.9725633223019132
87,11000,0,10987,10988,0.9989090909090909,10.831351785830691,True,0.013734363950788975,0.01594344712793827,0.0004429036343935877,4.018248558044434,-1.5754135847091675,0.9547229387607344,0.013737710192799568,0.01594547927379608,0.0004430516855791211,4.016797065734863,-1.575957179069519,0.9547004897701298
87,11000,6,10999,10994,0.9994545454545455,11.375660535093285,True,0.03377068415284157,0.03277566283941269,0.0022158832289278507,3.3722949028015137,-1.680307388305664,0.9898532951080756,0.0337701216340065,0.032775212079286575,0.002215858083218336,3.372344493865967,-1.6798192262649536,0.9898474596582107
87,11000,3,10999,10997,0.9997272727272727,12.398666879158334,True,0.027116311714053154,0.027004461735486984,0.0014658239670097828,3.6759555339813232,-1.6788771152496338,0.9880555174373504,0.02711586467921734,0.027003923431038857,0.0014657934661954641,3.6760454177856445,-1.6786404848098755,0.9880518452166936
87,11000,8,10998,10991,0.9991818181818182,10.001889858721666,True,0.016905056312680244,0.014985219575464725,0.0005112871876917779,4.737476348876953,-1.5644680261611938,0.9520736507571301,0.016902804374694824,0.014984868466854095,0.0005112293874844909,4.737967491149902,-1.5634336471557617,0.952033108060973
87,11000,7,10982,10976,0.9978181818181818,11.680336016840972,True,0.011548942886292934,0.012857313267886639,0.00029899340006522834,4.471062183380127,-1.5726560354232788,0.9612564798228959,0.0115533247590065,0.012862022966146469,0.0002992264926433563,4.467678070068359,-1.573198676109314,0.9612901757535137
87,11000,0,10998,10999,0.9999090909090909,12.502242643193608,True,0.024868031963706017,0.02518094889819622,0.0012525689089670777,3.181964874267578,-1.6282488107681274,0.9851717573400052,0.024867866188287735,0.025180932134389877,0.0012525583151727915,3.1820013523101807,-1.6282392740249634,0.9851704829869136
87,11000,1,10999,10999,0.9999090909090909,12.135764510435816,True,0.037317875772714615,0.0366680733859539,0.002739441581070423,3.142198324203491,-1.65122652053833,0.9950387297704889,0.03731745481491089,0.03666762262582779,0.0027393933851271868,3.142274856567383,-1.6511236429214478,0.9950381661171345
87,11000,3,10999,10997,0.9997272727272727,12.491728169547688,True,0.023302525281906128,0.0208445955067873,0.0009783458663150668,3.8224711418151855,-1.596805453300476,0.9743059969005444,0.02330164797604084,0.020843779668211937,0.000978288589976728,3.822725296020508,-1.5964661836624146,0.9742970219237802
87,11000,9,10993,10985,0.9986363636363637,10.876218476191685,True,0.013542644679546356,0.014505846425890923,0.00039544212631881237,3.724242687225342,-1.4185937643051147,0.9095092168230694,0.013542769476771355,0.01450742781162262,0.0003955091815441847,3.723506450653076,-1.4177879095077515,0.909498113105325
87,11000,0,10995,10996,0.9996363636363637,10.339959345527541,True,0.012786176055669785,0.011253607459366322,0.0002901631814893335,3.958775758743286,-1.5874907970428467,0.9435214323024588,0.0127854710444808,0.01125424262136221,0.00029015977634117007,3.9588265419006348,-1.587395429611206,0.9435185610871544
87,11000,0,10997,10998,0.9998181818181818,11.786712128435132,True,0.010993015952408314,0.010914502665400505,0.00024026480969041586,4.670696258544922,-1.4811395406723022,0.9456817499099696,0.010993201285600662,0.010914288461208344,0.00024026120081543922,4.6707611083984375,-1.4811928272247314,0.9456753408301651
87,11000,5,10996,10992,0.9992727272727273,10.865598537097005,True,0.007404088508337736,0.008072462864220142,0.00012027568300254643,5.463211536407471,-1.3306984901428223,0.8833234180099849,0.0074028437957167625,0.00807170569896698,0.0001202435014420189,5.4643731117248535,-1.3300135135650635,0.8832363007061278
87,11000,3,10998,10996,0.9996363636363637,10.29709945558026,True,0.03080856055021286,0.030683353543281555,0.0018943784525617957,3.3841958045959473,-1.6851420402526855,0.9848247502911982,0.030809419229626656,0.03068009577691555,0.0018942657625302672,3.3844542503356934,-1.6850154399871826,0.9848406288291781
87,11000,0,10999,11000,1.0,12.354354123533112,True,0.023033341392874718,0.024294182658195496,0.0011212676763534546,3.833742618560791,-1.679150104522705,0.9894509660195031,0.023033341392874718,0.024294182658195496,0.0011212676763534546,3.833742618560791,-1.679150104522705,0.9894509660195031
87,11000,2,10998,10997,0.9997272727272727,11.577565906129688,True,0.02600940130650997,0.026613565161824226,0.001384809846058488,3.5165610313415527,-1.6648045778274536,0.9916807782503909,0.02600879780948162,0.02661243826150894,0.00138471694663167,3.516852378845215,-1.6646554470062256,0.9916787994455007
87,11000,1,10999,10999,0.9999090909090909,12.837234880177846,True,0.013499143533408642,0.013378669507801533,0.000361457874532789,4.437829971313477,-1.5536174774169922,0.9705552837792538,0.013498821295797825,0.013378741219639778,0.00036145257763564587,4.437894821166992,-1.553504467010498,0.9705560451191122
87,11000,5,10999,10995,0.9995454545454545,12.33779668596522,True,0.036814380437135696,0.03651159629225731,0.0026908977888524532,3.733452796936035,-1.6368087530136108,0.9849852906849397,0.03681420907378197,0.03651202470064163,0.002690990222617984,3.7333037853240967,-1.6363892555236816,0.984978892114269
87,11000,6,10998,10993,0.9993636363636363,12.049571857278227,True,0.010942317545413971,0.012268813326954842,0.0002704926300793886,4.5036725997924805,-1.5008728504180908,0.959319574142223,0.01094059832394123,0.012269497849047184,0.0002704791841097176,4.5038886070251465,-1.5001202821731567,0.9593364770982266
87,11000,2,10980,10979,0.9980909090909091,12.057718223376806,True,0.0070826029404997826,0.008544782176613808,0.00012330662866588682,4.769996643066406,-1.3719640970230103,0.9165699772505153,0.007087343372404575,0.00854584388434887,0.0001234018272953108,4.7666449546813965,-1.3737053871154785,0.9167415302239985
87,11000,1,10999,10999,0.9999090909090909,11.712685920769857,True,0.043723855167627335,0.04270414635539055,0.0037355103995651007,3.662003517150879,-1.6542935371398926,0.9932574532143625,0.0437232106924057,0.04270326346158981,0.003735374892130494,3.6621615886688232,-1.654214859008789,0.9932567393277955
87,11000,10,10996,10987,0.9988181818181818,10.597829217034004,True,0.016672927886247635,0.016023384407162666,0.0005352303851395845,4.248829364776611,-1.5737217664718628,0.9541814770392906,0.016670148819684982,0.016025954857468605,0.0005352302687242627,4.248830318450928,-1.572717308998108,0.9542276590226881
87,11000,3,10999,10997,0.9997272727272727,12.607888801327562,True,0.021716218441724777,0.022608386352658272,0.0009827777976170182,3.5837295055389404,-1.642109751701355,0.9882165745349827,0.02171526849269867,0.022608758881688118,0.0009827511385083199,3.5838475227355957,-1.6418681144714355,0.9882191620811144
87,11000,4,10999,10996,0.9996363636363637,10.664397744854767,True,0.022464238107204437,0.020955940708518028,0.0009445539908483624,3.595066547393799,-1.6499080657958984,0.9860084772042378,0.022463027387857437,0.020955896005034447,0.0009445175528526306,3.5952348709106445,-1.649543046951294,0.9860058100671298
87,11000,7,10995,10989,0.999,10.334929108974455,True,0.00980848167091608,0.012622195295989513,0.0002559055283199996,4.245350360870361,-1.5482107400894165,0.9533700833521188,0.009805714711546898,0.012623140588402748,0.00025588221615180373,4.24574613571167,-1.5477274656295776,0.9534110497399826
87,11000,12,10990,10979,0.9980909090909091,10.972878828924104,True,0.007634046021848917,0.00837456714361906,0.00012853476800955832,5.17279577255249,-1.3086644411087036,0.898237712099343,0.007636738009750843,0.008376408368349075,0.00012860586866736412,5.170393943786621,-1.3085718154907227,0.8981534595443235
87,11000,6,10990,10985,0.9986363636363637,10.084028233661614,True,0.014915741980075836,0.014026804827153683,0.00041993148624897003,4.504304885864258,-1.452691912651062,0.9052337690103532,0.014915901236236095,0.014023270457983017,0.0004198503156658262,4.505144119262695,-1.4520081281661987,0.9051256836904704
87,11000,4,10999,10996,0.9996363636363637,11.661171056034355,True,0.007160817738622427,0.008629532530903816,0.0001258297561435029,5.6552815437316895,-1.0539530515670776,0.876358799107058,0.0071609364822506905,0.008629115298390388,0.0001258266856893897,5.655387878417969,-1.0536212921142578,0.8763153539579271
87,11000,0,10996,10997,0.9997272727272727,11.33073981695135,True,0.011712622828781605,0.012592509388923645,0.0002957848773803562,4.92769193649292,-1.559905767440796,0.9670396516520677,0.011712834239006042,0.01259226631373167,0.00029578316025435925,4.927717208862305,-1.5599243640899658,0.9670331817461333
87,11000,0,10990,10991,0.9991818181818182,11.399723258751841,True,0.01636696793138981,0.01613686978816986,0.000528658798430115,4.2911458015441895,-1.5917918682098389,0.9759066072749364,0.016365161165595055,0.016139235347509384,0.0005286975647322834,4.290827751159668,-1.5916699171066284,0.975931191880372
87,11000,10,10998,10989,0.999,11.555416010790932,True,0.010937861166894436,0.009323157370090485,0.00020691151439677924,4.63507604598999,-1.4736065864562988,0.9368478224600598,0.010939130559563637,0.00932058971375227,0.0002069057954940945,4.635195732116699,-1.4729138612747192,0.9368492806147243
87,11000,2,10999,10998,0.9998181818181818,12.657381007895161,True,0.016070080921053886,0.014629772864282131,0.0004723407910205424,4.103418350219727,-1.5746976137161255,0.9740494881490941,0.016070321202278137,0.014629187062382698,0.00047233322402462363,4.103488445281982,-1.5746077299118042,0.9740515932654247
87,11000,0,10991,10992,0.9992727272727273,11.3430948212722,True,0.03120819665491581,0.0302414633333683,0.001890858868137002,3.4778637886047363,-1.6743342876434326,0.9911923228033731,0.031213218346238136,0.030238578096032143,0.0018910802900791168,3.4773552417755127,-1.674520492553711,0.991238182981935
87,11000,20,10999,10980,0.9981818181818182,13.509940382911818,True,0.013567278161644936,0.01537849847227335,0.00042115722317248583,4.628800392150879,-1.4942564964294434,0.9745005512454099,0.013571199029684067,0.015387644991278648,0.0004215857479721308,4.624383449554443,-1.4930404424667358,0.9745280504401556
87,11000,0,10997,10998,0.9998181818181818,12.610701414784781,True,0.01161200925707817,0.012783386744558811,0.0002984352468047291,4.336729049682617,-1.5493417978286743,0.9630587573910018,0.01161203719675541,0.01278277114033699,0.0002984227903652936,4.336910247802734,-1.5493048429489136,0.9630560474190559
87,11000,0,10999,11000,1.0,11.943397410009515,True,0.025978848338127136,0.02519896999001503,0.0013099077623337507,3.5654475688934326,-1.62566077709198,0.9903326151957135,0.025978848338127136,0.02519896999001503,0.0013099077623337507,3.5654475688934326,-1.62566077709198,0.9903326151957135
87,11000,4,10947,10944,0.9949090909090909,10.986858123583318,True,0.008426395244896412,0.008807837031781673,0.00014877118519507349,4.848293304443359,-1.3884755373001099,0.9229853726405965,0.008442513644695282,0.008822084404528141,0.00014927858137525618,4.8335065841674805,-1.3939087390899658,0.9229194378593315
87,11000,10,10999,10990,0.9990909090909091,11.602289268999852,True,0.01399872824549675,0.013977627269923687,0.00039194358396343887,4.239040374755859,-1.4932961463928223,0.9399808744456356,0.014001423493027687,0.013980057090520859,0.0003921081079170108,4.237217426300049,-1.4931601285934448,0.9399502531820145
87,11000,3,10999,10997,0.9997272727272727,11.675721829756629,True,0.020712729543447495,0.018183425068855286,0.000759676331654191,4.729718208312988,-1.4112913608551025,0.9358737538115766,0.02071189694106579,0.018182827159762383,0.000759621208999306,4.7300333976745605,-1.4107786417007446,0.9358516474498421
87,11000,5,10999,10995,0.9995454545454545,10.914722783505272,True,0.023684291169047356,0.025031082332134247,0.001187882386147976,4.279669761657715,-1.6184738874435425,0.9893282036026143,0.023682953789830208,0.025031419470906258,0.0011878552613779902,4.279768466949463,-1.6180074214935303,0.9893278438888182
87,11000,0,10990,10991,0.9991818181818182,12.779806927886126,True,0.01968648098409176,0.021088192239403725,0.0008330118143931031,4.1175055503845215,-1.6031066179275513,0.9852757221385994,0.019688904285430908,0.021090932190418243,0.0008332561701536179,4.116231441497803,-1.6032506227493286,0.9852674929566888
87,11000,39,10991,10953,0.9957272727272727,13.460694954129584,True,0.0115397609770298,0.011471862904727459,0.0002650059468578547,5.915529727935791,-1.1306180953979492,0.8583287974132894,0.011555680073797703,0.011486957781016827,0.00026574215735308826,5.903481960296631,-1.1334024667739868,0.8582627650218798
87,11000,2,10999,10998,0.9998181818181818,11.776735620279213,True,0.034441202878952026,0.03283286467194557,0.0022642984986305237,3.4055371284484863,-1.6713120937347412,0.9951073979635956,0.03444024175405502,0.03283224254846573,0.0022641869727522135,3.4057512283325195,-1.6711522340774536,0.9951064556175775
87,11000,0,10998,10999,0.9999090909090909,11.038076326933767,True,0.027714474126696587,0.028679316863417625,0.0015915012918412685,3.3998966217041016,-1.6489589214324951,0.9845801133477026,0.027713915333151817,0.02867850475013256,0.0015914321411401033,3.40008544921875,-1.6489427089691162,0.9845782033902093
87,11000,0,10999,11000,1.0,12.244016656681303,True,0.01230747438967228,0.011597855016589165,0.00028604333056136966,4.644716262817383,-1.460890769958496,0.9394277017707945,0.01230747438967228,0.011597855016589165,0.00028604333056136966,4.644716262817383,-1.460890769958496,0.9394277017707945
87,11000,0,10994,10995,0.9995454545454545,9.510031106495472,True,0.01214812695980072,0.01078250166028738,0.0002640227903611958,6.015163421630859,-1.0109881162643433,0.7478953104711132,0.012146120890974998,0.010782684199512005,0.0002639776503201574,6.01590633392334,-1.0103610754013062,0.7477726635125124
87,11000,3,10999,10997,0.9997272727272727,11.42181362708537,True,0.023809604346752167,0.022513652220368385,0.0010746594052761793,3.247138261795044,-1.6659901142120361,0.9876419685515483,0.023809028789401054,0.022512225434184074,0.0010745860636234283,3.2474348545074463,-1.6657588481903076,0.9876396508435888
87,11000,0,10993,10994,0.9994545454545455,11.38139341701946,True,0.022528529167175293,0.02182123251259327,0.000985117512755096,4.009213447570801,-1.6377904415130615,0.9872715800664423,0.022530971094965935,0.021819066256284714,0.000985171995125711,4.008973598480225,-1.6379190683364868,0.9873065967471729
87,11000,1,10999,10999,0.9999090909090909,9.71469297716923,True,0.02032552659511566,0.019882358610630035,0.0008091164636425674,2.656207323074341,-1.67911696434021,0.9696563752936358,0.020324895158410072,0.019882220774888992,0.0008090896299108863,2.656351327896118,-1.6790454387664795,0.9696547693372786
51,11000,0,10999,11000,1.0,12.361800548829487,True,0.021567458286881447,0.022880995646119118,0.0009888545610010624,3.978165626525879,-1.631671667098999,0.9870414638184933,0.021567458286881447,0.022880995646119118,0.0009888545610010624,3.978165626525879,-1.631671667098999,0.9870414638184933
51,11000,4,10999,10996,0.9996363636363637,10.998053310018225,True,0.019742045551538467,0.02097584493458271,0.0008297685417346656,4.457438945770264,-1.5279879570007324,0.9604771184127292,0.01973922923207283,0.02097812294960022,0.000829756841994822,4.457500457763672,-1.5275533199310303,0.9605508588617064
51,11000,3,10998,10996,0.9996363636363637,10.485096471721194,True,0.025491002947092056,0.026621486991643906,0.0013596242060884833,3.919231414794922,-1.612673282623291,0.9823103702007081,0.025489704683423042,0.026619503274559975,0.0013594694901257753,3.9197254180908203,-1.6123600006103516,0.9823052994118913
51,11000,1,10999,10999,0.9999090909090909,11.590749370418205,True,0.013279659673571587,0.013540354557335377,0.00035973548074252903,4.851495742797852,-1.4588373899459839,0.9314286535988356,0.013279223814606667,0.013540192507207394,0.00035972025943920016,4.851680278778076,-1.4587093591690063,0.9314209539497926
51,11000,0,10915,10916,0.9923636363636363,11.519977249494364,True,0.010751753114163876,0.01043769996613264,0.00022455792350228876,5.294814109802246,-1.3650872707366943,0.9120128565747605,0.010773002170026302,0.010470382869243622,0.00022571440786123276,5.272505283355713,-1.3690766096115112,0.9125005701207585
51,11000,0,10993,10994,0.9994545454545455,11.26170360714003,True,0.010713405907154083,0.0116700055077672,0.0002511107304599136,4.217110633850098,-1.4890854358673096,0.9463627570905457,0.01071405503898859,0.011669781059026718,0.0002511251368559897,4.216861248016357,-1.4892022609710693,0.9463424298261132
51,11000,3,10999,10997,0.9997272727272727,12.76410093278895,True,0.01443912461400032,0.013513297773897648,0.0003915831330232322,3.720330238342285,-1.5748826265335083,0.9731288398402022,0.014437398873269558,0.013513801619410515,0.00039155525155365467,3.720639944076538,-1.5745458602905273,0.9731558258241757
51,11000,5,10992,10988,0.9989090909090909,10.348878445800187,True,0.011831187643110752,0.010649352334439754,0.0002534171799197793,4.887397766113281,-1.5080548524856567,0.9490136670634941,0.011829279363155365,0.010649173520505428,0.00025336939143016934,4.888216972351074,-1.5075863599777222,0.949027714889093
51,11000,0,10998,10999,0.9999090909090909,11.938519721276045,True,0.013301718980073929,0.013003265485167503,0.0003460506268311292,3.7344818115234375,-1.6074059009552002,0.9689999874572629,0.013301519677042961,0.013003228232264519,0.0003460439620539546,3.7345657348632812,-1.6073887348175049,0.9689972929377586
51,11000,0,10992,10993,0.9993636363636363,12.160808672577623,True,0.015106110833585262,0.013234232552349567,0.0004035088059026748,4.154086589813232,-1.5782930850982666,0.9524085219221062,0.01510780118405819,0.013235548511147499,0.0004036022874061018,4.153080940246582,-1.578345537185669,0.9523884739372387
51,11000,12,10998,10987,0.9988181818181818,10.17002683589302,True,0.010366576723754406,0.011546764522790909,0.00024113884137477726,4.049530982971191,-1.604195475578308,0.9080553161267182,0.010365327820181847,0.011549272574484348,0.00024118171131704003,4.048759460449219,-1.6034431457519531,0.9080107790007359
51,11000,9,10998,10990,0.9990909090909091,10.34632087606914,True,0.013761387206614017,0.013617854565382004,0.0003752248012460768,3.777329921722412,-1.6050409078598022,0.9659391950464628,0.013760545291006565,0.013618015684187412,0.00037522224010899663,3.7773594856262207,-1.604296088218689,0.9659123324016339
51,11000,1,10999,10999,0.9999090909090909,11.826067915302819,True,0.02860673889517784,0.028800783678889275,0.0016479039331898093,3.609128475189209,-1.6543185710906982,0.9914174791702786,0.02860654704272747,0.028800100088119507,0.0016478542238473892,3.609259605407715,-1.6542420387268066,0.9914176495044857
51,11000,2,10979,10978,0.998,10.92241746703017,True,0.015085640363395214,0.015698865056037903,0.0004740843432955444,4.321017742156982,-1.5472335815429688,0.9677891502460102,0.015096789225935936,0.01570454053580761,0.00047459048801101744,4.3163838386535645,-1.549147367477417,0.9678607947304573
51,11000,0,10999,11000,1.0,12.264261945713123,True,0.045253340154886246,0.04705869406461716,0.004264337942004204,3.2575535774230957,-1.6696072816848755,0.9924319862211138,0.045253340154886246,0.04705869406461716,0.004264337942004204,3.2575535774230957,-1.6696072816848755,0.9924319862211138
51,11000,1,10999,10999,0.9999090909090909,12.083239058798485,True,0.024696210399270058,0.023595169186592102,0.0011667213402688503,3.6640329360961914,-1.634270429611206,0.9857134793583269,0.024696286767721176,0.02359434962272644,0.0011666869977489114,3.66416072845459,-1.6341935396194458,0.9857177047799034
51,11000,6,10999,10994,0.9994545454545455,10.43554419764596,True,0.01925520971417427,0.017642496153712273,0.0006821636343374848,4.369156837463379,-1.5891399383544922,0.9698448213014536,0.019256461411714554,0.017640935257077217,0.0006821461720392108,4.369267463684082,-1.5888748168945312,0.969848784720367
51,11000,7,10999,10993,0.9993636363636363,12.775760284933455,True,0.019635863602161407,0.017701584845781326,0.00069952174089849,3.7824244499206543,-1.605972170829773,0.9787174919907458,0.019638311117887497,0.017699772492051125,0.0006995784351602197,3.7820725440979004,-1.605756163597107,0.9787480503001845
51,11000,0,10999,11000,1.0,11.402226521245124,True,0.036887697875499725,0.037358641624450684,0.002756756264716387,3.642529010772705,-1.6795873641967773,0.9960284360603028,0.036887697875499725,0.037358641624450684,0.002756756264716387,3.642529010772705,-1.6795873641967773,0.9960284360603028
51,11000,3,10987,10985,0.9986363636363637,12.258299334720943,True,0.019540371373295784,0.01911162957549095,0.000747375306673348,4.255983829498291,-1.5956581830978394,0.9743154825455523,0.019546786323189735,0.01911107823252678,0.0007476223399862647,4.2545485496521,-1.5961211919784546,0.9743708601743932
51,11000,9,10997,10989,0.999,11.479484829508406,True,0.00796118751168251,0.007931794039905071,0.0001264582824660465,5.512753009796143,-1.3043813705444336,0.9095172162138141,0.007960525341331959,0.007931582629680634,0.00012644220259971917,5.5133056640625,-1.3033438920974731,0.9095030483718407
51,11000,1,10999,10999,0.9999090909090909,11.125595385792174,True,0.01479568425565958,0.013781171292066574,0.00040906411595642567,4.494217872619629,-1.6356741189956665,0.9687479836720142,0.014795475639402866,0.013780582696199417,0.0004090424336027354,4.494448184967041,-1.6355996131896973,0.9687461720190818
51,11000,0,10999,11000,1.0,11.408026996000537,True,0.011595675721764565,0.011716946959495544,0.000271833996521309,4.291191577911377,-1.573244333267212,0.9602011181870649,0.011595675721764565,0.011716946959495544,0.000271833996521309,4.291191577911377,-1.573244333267212,0.9602011181870649
51,11000,1,10999,10999,0.9999090909090909,10.859905668006089,True,0.011026090942323208,0.010556817054748535,0.00023316846636589617,5.073878288269043,-1.4798641204833984,0.9240461519193728,0.011025686748325825,0.010556806810200214,0.0002331582800252363,5.07406759262085,-1.4797550439834595,0.9240414784560472
51,11000,10,10999,10990,0.9990909090909091,12.004074188309467,True,0.0173652283847332,0.016956878826022148,0.0005898859817534685,3.863499164581299,-1.618595838546753,0.9803233973124958,0.017366645857691765,0.01695881597697735,0.0005900347605347633,3.8624038696289062,-1.6179049015045166,0.9803101872156122
51,11000,1,10999,10999,0.9999090909090909,12.11952824795081,True,0.025280576199293137,0.02668817527592182,0.0013516534818336368,3.963507652282715,-1.6573857069015503,0.989608123329342,0.025280022993683815,0.026687590405344963,0.0013515984173864126,3.963684558868408,-1.6573002338409424,0.9896067236129146
51,11000,0,10999,11000,1.0,9.649221748604047,True,0.006705151870846748,0.008282065391540527,0.00011363561498001218,5.684293746948242,-1.0824841260910034,0.8210375648390095,0.006705151870846748,0.008282065391540527,0.00011363561498001218,5.684293746948242,-1.0824841260910034,0.8210375648390095
51,11000,0,10998,10999,0.9999090909090909,12.79436070996592,True,0.041214361786842346,0.04240817949175835,0.003500494873151183,3.6067187786102295,-1.6427059173583984,0.9940786360125065,0.04121442884206772,0.04240749403834343,0.003500463208183646,3.6067581176757812,-1.6426974534988403,0.9940795175592411
51,11000,4,10997,10994,0.9994545454545455,10.743188384835332,True,0.009492464363574982,0.008633589372038841,0.00016477477038279176,4.519989967346191,-1.3683892488479614,0.8764456225756492,0.009493251331150532,0.008633014746010303,0.00016478133329655975,4.519816875457764,-1.3683302402496338,0.8764114110385025
51,11000,0,10992,10993,0.9993636363636363,13.157202490129063,True,0.01633063703775406,0.014489349909126759,0.00047733602696098387,5.118134021759033,-1.3026331663131714,0.9136930011532226,0.016329636797308922,0.01449097041040659,0.00047737275599502027,5.117799758911133,-1.3020495176315308,0.9136686351430326
51,11000,0,10994,10995,0.9995454545454545,11.7223859134374,True,0.009154167957603931,0.009638043120503426,0.00017674335686024278,6.207879066467285,-1.359532356262207,0.9182314312545353,0.009155063889920712,0.00963799562305212,0.00017676134302746505,6.207437515258789,-1.3596954345703125,0.9182171334012436
51,11000,2,10999,10998,0.9998181818181818,11.671644731585689,True,0.022939113900065422,0.023677410557866096,0.0010868230601772666,3.958148717880249,-1.6500166654586792,0.9888643086417365,0.022938594222068787,0.023676907643675804,0.0010867753298953176,3.9583396911621094,-1.6498568058013916,0.9888617974248741
51,11000,4,10999,10996,0.9996363636363637,12.900948905463936,True,0.011587158776819706,0.011347170919179916,0.0002634948177728802,5.620265483856201,-1.1291651725769043,0.875043804124812,0.011585528030991554,0.011348270811140537,0.0002634878037497401,5.62037992477417,-1.1282963752746582,0.8750692971614855
51,11000,2,10997,10996,0.9996363636363637,11.130773549862985,True,0.01983281597495079,0.018864911049604416,0.0007492536096833646,3.6527185440063477,-1.6447476148605347,0.9832370481062912,0.019831007346510887,0.018864352256059647,0.0007491604192182422,3.653259038925171,-1.6445856094360352,0.9832382016239132
51,11000,5,10998,10994,0.9994545454545455,10.585875698105728,True,0.010266702622175217,0.011544370092451572,0.00023885644623078406,4.291437149047852,-1.5721986293792725,0.9522012458856816,0.01026523020118475,0.011545337736606598,0.00023884601250756532,4.291625499725342,-1.5717508792877197,0.9522622938979902
51,11000,8,10992,10985,0.9986363636363637,12.483710875176847,True,0.009612071327865124,0.009044358506798744,0.0001745928020682186,4.507350921630859,-1.4385926723480225,0.9181880479272093,0.009611783549189568,0.00904736015945673,0.00017464184202253819,4.506131172180176,-1.4378783702850342,0.918174207838883
51,11000,4,10998,10995,0.9995454545454545,10.98717256973548,True,0.015527590177953243,0.016899725422263145,0.0005268005770631135,3.798961877822876,-1.6081585884094238,0.970936549807468,0.015526585280895233,0.0168991107493639,0.0005267506348900497,3.7993738651275635,-1.6077969074249268,0.9709274886135733
51,11000,7,10998,10992,0.9992727272727273,11.645736479825093,True,0.022360699251294136,0.022929565981030464,0.001026034471578896,3.6714272499084473,-1.6189846992492676,0.9891840168123954,0.022361375391483307,0.022928934544324875,0.0010260535636916757,3.67134690284729,-1.6185853481292725,0.9891811626174548
51,11000,0,10997,10998,0.9998181818181818,12.892174558938693,True,0.012248006649315357,0.012348789721727371,0.00030284200329333544,5.404951095581055,-1.3367091417312622,0.9168813098299805,0.012247958220541477,0.012348965741693974,0.00030284159583970904,5.404956817626953,-1.3367060422897339,0.9168680262085195
51,11000,10,10990,10981,0.9982727272727273,9.74814904271337,True,0.007568755187094212,0.00669832294806838,0.00010217969247605652,5.1296305656433105,-1.3407440185546875,0.885601539207494,0.007570106070488691,0.006697832141071558,0.00010219237447017804,5.129091739654541,-1.3402177095413208,0.8856274334298592
51,11000,0,10995,10996,0.9996363636363637,10.777124404997409,True,0.008354728110134602,0.008482598699629307,0.00014188575732987374,4.748040199279785,-1.2217658758163452,0.8759318411363773,0.00835490319877863,0.008482685312628746,0.00014188725617714226,4.747994422912598,-1.2217180728912354,0.8758907691569722
109,11000,12,10993,10982,0.9983636363636363,10.501467421971693,True,0.01584969088435173,0.017530998215079308,0.0005586781189776957,5.3023681640625,-1.3681212663650513,0.9129177427920347,0.015851423144340515,0.0175311379134655,0.000558733765501529,5.301936149597168,-1.367173433303833,0.9128040408253151
109,11000,5,10990,10986,0.9987272727272727,10.624415526372381,True,0.00906399916857481,0.009094662964344025,0.0001649628538871184,4.976388454437256,-1.5015361309051514,0.9268325465629458,0.009061833843588829,0.009098947048187256,0.00016500422498211265,4.97529935836792,-1.5008264780044556,0.9272108963185911
109,11000,2,10999,10998,0.9998181818181818,12.26267391188722,True,0.02605278417468071,0.025955555960536003,0.0013529328862205148,4.014896869659424,-1.653253197669983,0.9840060988082767,0.02605241909623146,0.02595433034002781,0.0013528609415516257,4.015127182006836,-1.6531002521514893,0.9840044961452304
109,11000,1,10999,10999,0.9999090909090909,12.675502730643286,True,0.014869075268507004,0.015110430307686329,0.00044943587272427976,5.088446140289307,-1.5620272159576416,0.9662622617753583,0.014868519268929958,0.015110398642718792,0.00044941899250261486,5.08860969543457,-1.5619202852249146,0.9662627354427011
109,11000,2,10999,10998,0.9998181818181818,12.606591399199079,True,0.01310848817229271,0.012996282428503036,0.0003407449694350362,4.54633903503418,-1.580453872680664,0.9670786694909562,0.013107819482684135,0.012996500357985497,0.0003407338517718017,4.546481132507324,-1.580234169960022,0.9670824797953946
109,11000,1,10997,10997,0.9997272727272727,12.560094700213483,True,0.021031951531767845,0.020298251882195473,0.000854398705996573,3.7954459190368652,-1.6255135536193848,0.9867239127024514,0.02103096805512905,0.020298391580581665,0.0008543620933778584,3.7956314086914062,-1.6254366636276245,0.9867295800611376
109,11000,2,10999,10998,0.9998181818181818,11.3730983347807,True,0.011209678836166859,0.011698170565068722,0.00026280389283783734,5.468559265136719,-1.0382862091064453,0.8420662680434611,0.011209225282073021,0.011698025278747082,0.000262793677393347,5.468728065490723,-1.0379126071929932,0.842030889818141
109,11000,4,10999,10996,0.9996363636363637,11.489758461554159,True,0.019794156774878502,0.01904962584376335,0.0007550275768153369,3.801413059234619,-1.6557635068893433,0.984626763046477,0.019792402163147926,0.019049368798732758,0.0007549615693278611,3.801792860031128,-1.655388593673706,0.9846257195601376
109,11000,6,10993,10988,0.9989090909090909,10.725425463506221,True,0.014564495533704758,0.013695072382688522,0.00040004358743317425,4.780867576599121,-1.4923814535140991,0.9219146485853281,0.014561859890818596,0.013696987181901932,0.00040001628804020584,4.781163215637207,-1.4916692972183228,0.921987957771612
109,11000,0,10999,11000,1.0,11.392463757497902,True,0.029489845037460327,0.029413538053631783,0.0017349465051665902,2.937574625015259,-1.699328899383545,0.9922760420574085,0.029489845037460327,0.029413538053631783,0.0017349465051665902,2.937574625015259,-1.699328899383545,0.9922760420574085
109,11000,8,10999,10992,0.9992727272727273,11.564218452690982,True,0.016133993864059448,0.015955977141857147,0.000515193329192698,5.183381080627441,-1.3808748722076416,0.8976145126080369,0.016133898869156837,0.01595870964229107,0.0005152918165549636,5.182551383972168,-1.3801038265228271,0.8975856068744593
109,11000,0,10999,11000,1.0,12.093395841151821,True,0.037258028984069824,0.03530948609113693,0.0026352822314947844,3.765437364578247,-1.679080843925476,0.9944515024698191,0.037258028984069824,0.03530948609113693,0.0026352822314947844,3.765437364578247,-1.679080843925476,0.9944515024698191
109,11000,2,10999,10998,0.9998181818181818,9.708075700942564,True,0.035831887274980545,0.036219459027051926,0.0025968640111386776,3.2248635292053223,-1.7438117265701294,0.9885792752885165,0.03582986071705818,0.03621898964047432,0.002596707548946142,3.2251250743865967,-1.7437244653701782,0.9885802145551309
109,11000,0,10996,10997,0.9997272727272727,12.260806472384033,True,0.020660540089011192,0.022530879825353622,0.0009346443694084883,3.9431099891662598,-1.663686990737915,0.9855930288862105,0.020659731701016426,0.022531505674123764,0.0009346456499770284,3.9431042671203613,-1.6636607646942139,0.9855969373142126
109,11000,0,10999,11000,1.0,11.843447970550073,True,0.034802477806806564,0.03504009544849396,0.002439033705741167,3.59366774559021,-1.6754430532455444,0.9949313338817318,0.034802477806806564,0.03504009544849396,0.002439033705741167,3.59366774559021,-1.6754430532455444,0.9949313338817318
109,11000,0,10998,10999,0.9999090909090909,11.19937998791485,True,0.011465457268059254,0.011080846190452576,0.0002543005393818021,5.415942668914795,-1.4115632772445679,0.9404744070096455,0.011465189978480339,0.011080946773290634,0.00025429652305319905,5.416011333465576,-1.4115289449691772,0.9404732620354238
109,11000,0,10991,10992,0.9992727272727273,11.420552809001803,True,0.009485987946391106,0.008916525170207024,0.00016962394875008613,5.069990634918213,-1.5391826629638672,0.9452698121322718,0.00948601495474577,0.008917771279811859,0.0001696486579021439,5.0693583488464355,-1.539194107055664,0.9452540940489208
109,11000,1,10995,10995,0.9995454545454545,11.515801135966369,True,0.024204978719353676,0.025265909731388092,0.0012243331875652075,4.065674781799316,-1.6399496793746948,0.9880902952166295,0.02420521154999733,0.025264058262109756,0.0012242542579770088,4.06595516204834,-1.6398934125900269,0.9880911635433374
109,11000,0,10997,10998,0.9998181818181818,12.14821058939557,True,0.01296940352767706,0.010674398392438889,0.00028218686929903924,4.771953582763672,-1.5259504318237305,0.9475989931037083,0.012969119474291801,0.010674274526536465,0.00028217717772349715,4.7721028327941895,-1.525920033454895,0.9475879481858287
109,11000,4,10999,10996,0.9996363636363637,11.966426260469031,True,0.02274222858250141,0.02437673509120941,0.0011116910027340055,3.7270946502685547,-1.6674343347549438,0.9865953798086704,0.022741541266441345,0.02437715046107769,0.0011116907699033618,3.7270963191986084,-1.6671277284622192,0.9865932998859377
109,11000,3,10995,10993,0.9993636363636363,12.827814099674686,True,0.01577473059296608,0.01529229711741209,0.00048273245920427144,5.144532203674316,-1.3296445608139038,0.9109487635211817,0.01577400416135788,0.015289584174752235,0.000482627481687814,5.145476341247559,-1.3295084238052368,0.9110384223156492
109,11000,0,10998,10999,0.9999090909090909,11.83641848714219,True,0.04867954179644585,0.0484309159219265,0.004716131836175919,3.4832475185394287,-1.6776888370513916,0.9974395611946384,0.04867904633283615,0.048430491238832474,0.0047160554677248,3.4833180904388428,-1.6776889562606812,0.9974392894992926
109,11000,0,10998,10999,0.9999090909090909,11.381727415048129,True,0.030803784728050232,0.03156263008713722,0.0019455713918432593,3.824362277984619,-1.6779404878616333,0.9923295217793773,0.030803807079792023,0.03156156465411186,0.0019455122528597713,3.8244943618774414,-1.677938461303711,0.9923334464901744
109,11000,0,10999,11000,1.0,12.10402299495356,True,0.025143083184957504,0.024850575253367424,0.0012498623691499233,4.048769474029541,-1.668615460395813,0.9898072571498702,0.025143083184957504,0.024850575253367424,0.0012498623691499233,4.048769474029541,-1.668615460395813,0.9898072571498702
109,11000,0,10987,10988,0.9989090909090909,11.457364663353122,True,0.017521006986498833,0.018180057406425476,0.0006379078840836883,4.12278938293457,-1.603532075881958,0.980398697605007,0.01752452366054058,0.018181439489126205,0.0006381104467436671,4.121410369873047,-1.6037101745605469,0.9803923409264277
109,11000,3,10999,10997,0.9997272727272727,11.098241996095119,True,0.024769343435764313,0.0241815447807312,0.001198769430629909,3.050915002822876,-1.6931246519088745,0.9855888249374015,0.024767769500613213,0.024181725457310677,0.0011987147154286504,3.0511136054992676,-1.692892074584961,0.9855918399508825
109,11000,1,10999,10999,0.9999090909090909,13.013632355975497,True,0.012718169018626213,0.015243805944919586,0.0003942984330933541,4.081393241882324,-1.420159101486206,0.9496229517040294,0.01271786168217659,0.015243621543049812,0.0003942865296266973,4.081524848937988,-1.42002534866333,0.9496171174431856
109,11000,0,10997,10998,0.9998181818181818,12.555784719946386,True,0.012766518630087376,0.01070135086774826,0.0002783597738016397,4.7470502853393555,-1.574397087097168,0.9671675462162176,0.012765864841639996,0.010701287537813187,0.00027834816137328744,4.747231483459473,-1.5743627548217773,0.9671640549398851
109,11000,22,10993,10972,0.9974545454545455,10.768338021012111,True,0.009212697856128216,0.008471161127090454,0.0001567177678225562,5.837983131408691,-1.4622758626937866,0.9306378595659816,0.00921727903187275,0.008476689457893372,0.00015690196596551687,5.832881450653076,-1.462727427482605,0.9306824433102987
109,11000,2,10996,10995,0.9995454545454545,11.938024159172745,True,0.035203684121370316,0.034001078456640244,0.0023958985693752766,3.34761118888855,-1.655297875404358,0.9960119080124826,0.03520325571298599,0.033999983221292496,0.002395788673311472,3.3478102684020996,-1.6551618576049805,0.9960129516278361
109,11000,7,10999,10993,0.9993636363636363,10.365095867637404,True,0.009299513883888721,0.009001213125884533,0.00016756172408349812,4.688919544219971,-1.4785127639770508,0.932849722900664,0.009298809804022312,0.009001186117529869,0.00016754902026150376,4.689248561859131,-1.4777719974517822,0.9328057402953238
109,11000,5,10999,10995,0.9995454545454545,10.78744875768238,True,0.030458293855190277,0.029357783496379852,0.0017904958222061396,2.9942626953125,-1.6810463666915894,0.9851377440947278,0.030458969995379448,0.029355758801102638,0.0017904568230733275,2.994357109069824,-1.6808104515075684,0.9851386818402568
109,11000,0,10999,11000,1.0,11.925328509286278,True,0.016551358625292778,0.01616392657160759,0.0005355026223696768,3.4179112911224365,-1.6410783529281616,0.980691576371629,0.016551358625292778,0.01616392657160759,0.0005355026223696768,3.4179112911224365,-1.6410783529281616,0.980691576371629
109,11000,12,10986,10975,0.9977272727272727,9.894250082491661,True,0.007093345746397972,0.005054465029388666,7.606982399011031e-05,5.179269790649414,-1.378933072090149,0.8469583054621816,0.007094051688909531,0.005056340713053942,7.609958993270993e-05,5.177570343017578,-1.3778486251831055,0.8467184367309336
109,11000,0,10992,10993,0.9993636363636363,10.825586544369227,True,0.010314549319446087,0.010918134823441505,0.00022561293735634536,4.383702278137207,-1.525806188583374,0.9484635753579839,0.010316126048564911,0.010916845872998238,0.00022561606601811945,4.383642196655273,-1.526158332824707,0.9484969949521
109,11000,0,10999,11000,1.0,12.76478669326298,True,0.030470432713627815,0.029690368101000786,0.0018102186731994152,3.7983431816101074,-1.64067804813385,0.9937744039713559,0.030470432713627815,0.029690368101000786,0.0018102186731994152,3.7983431816101074,-1.64067804813385,0.9937744039713559
109,11000,4,10999,10996,0.9996363636363637,11.849012607320883,True,0.012980063445866108,0.013075113296508789,0.000339486519806087,4.389810085296631,-1.5620111227035522,0.961254925287796,0.012978929094970226,0.013076185248792171,0.0003394880623091012,4.38978910446167,-1.5616755485534668,0.9612818313549334
109,11000,1,10995,10995,0.9995454545454545,12.694311987114325,True,0.03513206169009209,0.03637334331870079,0.0025577943306416273,3.7798736095428467,-1.6612699031829834,0.9958320760943751,0.03513209521770477,0.03637251257896423,0.0025577412452548742,3.779963254928589,-1.6612308025360107,0.995830794169223
109,11000,9,10999,10991,0.9991818181818182,9.806826820626373,True,0.009936029091477394,0.010236156173050404,0.00020355029846541584,5.344686031341553,-1.4369159936904907,0.8932462561413835,0.00993345770984888,0.010238456539809704,0.00020355137530714273,5.344662666320801,-1.4357682466506958,0.8933056630628475
109,11000,0,10994,10995,0.9995454545454545,11.523400358550111,True,0.022764520719647408,0.021869802847504616,0.0009966224897652864,3.990229606628418,-1.655335783958435,0.9747366365800606,0.022763386368751526,0.021870339289307594,0.0009966043289750814,3.990309715270996,-1.6552579402923584,0.9747303176286435
109,11000,2,10993,10992,0.9992727272727273,11.249100587177661,True,0.015590476803481579,0.016396231949329376,0.0005119387060403824,4.615450382232666,-1.595664381980896,0.9734188580743245,0.015588732436299324,0.016396377235651016,0.0005118874832987785,4.615884780883789,-1.5954246520996094,0.9734057061973616
109,11000,1,10999,10999,0.9999090909090909,12.163697094349553,True,0.02636602148413658,0.02477247640490532,0.0013089299900457263,3.7785143852233887,-1.6336432695388794,0.9911633609071641,0.026365814730525017,0.024771960452198982,0.0013088951818645,3.778629779815674,-1.6335426568984985,0.991163005980223
109,11000,5,10993,10989,0.999,9.412942604899616,True,0.01199587993323803,0.012145031243562698,0.0002922719286289066,4.970223903656006,-1.3739502429962158,0.8885982489777066,0.011995757929980755,0.012142091058194637,0.00029220193391665816,4.971263408660889,-1.3734896183013916,0.8884824134581594
109,11000,3,10992,10990,0.9990909090909091,10.935034668336865,True,0.00687752291560173,0.007958583533763885,0.0001107210700865835,5.180339336395264,-1.2835078239440918,0.8770425621388416,0.006877219770103693,0.007959146052598953,0.00011072737834183499,5.180091857910156,-1.2828625440597534,0.8769455087322943
109,11000,2,10996,10995,0.9995454545454545,9.806145870421803,True,0.00879936758428812,0.008875025436282158,0.00015620437625329942,4.831839084625244,-1.4274303913116455,0.9151279648427285,0.008797611109912395,0.00887396838515997,0.0001561544486321509,4.833227157592773,-1.4273236989974976,0.9151267137876586
