message_id,source_row_index,true_satellite,claimed_satellite,rf_predicted_sat,rf_confidence,rf_matches_claim,openset_score,model_name,feature_set,n_features,split_type,test_fraction,random_seed,rf_n_estimators,rf_scaled,rf_test_accuracy
0,2290,109,109,87,0.305,False,0.305,random_forest,v1_handcrafted_28,28,stratified_80_20,0.2,42,200,False,0.244931
1,2879,85,85,51,0.29,False,0.29,random_forest,v1_handcrafted_28,28,stratified_80_20,0.2,42,200,False,0.244931
2,1241,109,109,51,0.345,False,0.345,random_forest,v1_handcrafted_28,28,stratified_80_20,0.2,42,200,False,0.244931
3,2556,109,109,92,0.325,False,0.325,random_forest,v1_handcrafted_28,28,stratified_80_20,0.2,42,200,False,0.244931
4,4698,92,92,85,0.25,False,0.25,random_forest,v1_handcrafted_28,28,stratified_80_20,0.2,42,200,False,0.244931
5,442,85,85,87,0.275,False,0.275,random_forest,v1_handcrafted_28,28,stratified_80_20,0.2,42,200,False,0.244931
6,1558,85,85,85,0.26,True,0.26,random_forest,v1_handcrafted_28,28,stratified_80_20,0.2,42,200,False,0.244931
7,1879,87,87,87,0.24,True,0.24,random_forest,v1_handcrafted_28,28,stratified_80_20,0.2,42,200,False,0.244931
8,694,87,87,92,0.25,False,0.25,random_forest,v1_handcrafted_28,28,stratified_80_20,0.2,42,200,False,0.244931
9,3547,51,51,92,0.395,False,0.395,random_forest,v1_handcrafted_28,28,stratified_80_20,0.2,42,200,False,0.244931
10,4784,92,92,92,0.25,True,0.25,random_forest,v1_handcrafted_28,28,stratified_80_20,0.2,42,200,False,0.244931
11,3461,51,51,92,0.27,False,0.27,random_forest,v1_handcrafted_28,28,stratified_80_20,0.2,42,200,False,0.244931
12,5161,109,109,85,0.28,False,0.28,random_forest,v1_handcrafted_28,28,stratified_80_20,0.2,42,200,False,0.244931
13,3790,85,85,87,0.295,False,0.295,random_forest,v1_handcrafted_28,28,stratified_80_20,0.2,42,200,False,0.244931
14,4438,85,85,109,0.335,False,0.335,random_forest,v1_handcrafted_28,28,stratified_80_20,0.2,42,200,False,0.244931
15,6098,51,51,92,0.24,False,0.24,random_forest,v1_handcrafted_28,28,stratified_80_20,0.2,42,200,False,0.244931
16,1742,87,87,85,0.255,False,0.255,random_forest,v1_handcrafted_28,28,stratified_80_20,0.2,42,200,False,0.244931
17,4876,51,51,51,0.275,True,0.275,random_forest,v1_handcrafted_28,28,stratified_80_20,0.2,42,200,False,0.244931
18,4623,92,92,51,0.275,False,0.275,random_forest,v1_handcrafted_28,28,stratified_80_20,0.2,42,200,False,0.244931
19,6,85,85,85,0.295,True,0.295,random_forest,v1_handcrafted_28,28,stratified_80_20,0.2,42,200,False,0.244931
20,2589,109,109,92,0.23,False,0.23,random_forest,v1_handcrafted_28,28,stratified_80_20,0.2,42,200,False,0.244931
21,3967,87,87,85,0.235,False,0.235,random_forest,v1_handcrafted_28,28,stratified_80_20,0.2,42,200,False,0.244931
22,1696,87,87,51,0.35,False,0.35,random_forest,v1_handcrafted_28,28,stratified_80_20,0.2,42,200,False,0.244931
23,5212,109,109,92,0.275,False,0.275,random_forest,v1_handcrafted_28,28,stratified_80_20,0.2,42,200,False,0.244931
24,2400,109,109,87,0.315,False,0.315,random_forest,v1_handcrafted_28,28,stratified_80_20,0.2,42,200,False,0.244931
25,1138,51,51,85,0.4,False,0.4,random_forest,v1_handcrafted_28,28,stratified_80_20,0.2,42,200,False,0.244931
26,4955,51,51,92,0.325,False,0.325,random_forest,v1_handcrafted_28,28,stratified_80_20,0.2,42,200,False,0.244931
27,2204,51,51,51,0.305,True,0.305,random_forest,v1_handcrafted_28,28,stratified_80_20,0.2,42,200,False,0.244931
28,2399,109,109,87,0.32,False,0.32,random_forest,v1_handcrafted_28,28,stratified_80_20,0.2,42,200,False,0.244931
29,2849,85,85,85,0.345,True,0.345,random_forest,v1_handcrafted_28,28,stratified_80_20,0.2,42,200,False,0.244931
30,4854,51,51,109,0.255,False,0.255,random_forest,v1_handcrafted_28,28,stratified_80_20,0.2,42,200,False,0.244931
31,5214,109,109,85,0.265,False,0.265,random_forest,v1_handcrafted_28,28,stratified_80_20,0.2,42,200,False,0.244931
32,2602,109,109,87,0.25,False,0.25,random_forest,v1_handcrafted_28,28,stratified_80_20,0.2,42,200,False,0.244931
33,4825,92,92,87,0.29,False,0.29,random_forest,v1_handcrafted_28,28,stratified_80_20,0.2,42,200,False,0.244931
34,1660,87,87,87,0.28,True,0.28,random_forest,v1_handcrafted_28,28,stratified_80_20,0.2,42,200,False,0.244931
35,4260,109,109,92,0.225,False,0.225,random_forest,v1_handcrafted_28,28,stratified_80_20,0.2,42,200,False,0.244931
36,1607,85,85,85,0.535,True,0.535,random_forest,v1_handcrafted_28,28,stratified_80_20,0.2,42,200,False,0.244931
37,5780,92,92,109,0.335,False,0.335,random_forest,v1_handcrafted_28,28,stratified_80_20,0.2,42,200,False,0.244931
38,5340,85,85,85,0.28,True,0.28,random_forest,v1_handcrafted_28,28,stratified_80_20,0.2,42,200,False,0.244931
39,4371,85,85,85,0.275,True,0.275,random_forest,v1_handcrafted_28,28,stratified_80_20,0.2,42,200,False,0.244931
40,3062,87,87,51,0.21,False,0.21,random_forest,v1_handcrafted_28,28,stratified_80_20,0.2,42,200,False,0.244931
41,251,109,109,92,0.245,False,0.245,random_forest,v1_handcrafted_28,28,stratified_80_20,0.2,42,200,False,0.244931
42,2052,92,92,109,0.315,False,0.315,random_forest,v1_handcrafted_28,28,stratified_80_20,0.2,42,200,False,0.244931
43,1323,109,109,109,0.295,True,0.295,random_forest,v1_handcrafted_28,28,stratified_80_20,0.2,42,200,False,0.244931
44,6104,51,51,51,0.355,True,0.355,random_forest,v1_handcrafted_28,28,stratified_80_20,0.2,42,200,False,0.244931
45,129,92,92,92,0.265,True,0.265,random_forest,v1_handcrafted_28,28,stratified_80_20,0.2,42,200,False,0.244931
46,711,87,87,87,0.22,True,0.22,random_forest,v1_handcrafted_28,28,stratified_80_20,0.2,42,200,False,0.244931
47,4568,87,87,87,0.25,True,0.25,random_forest,v1_handcrafted_28,28,stratified_80_20,0.2,42,200,False,0.244931
48,104,87,87,109,0.31,False,0.31,random_forest,v1_handcrafted_28,28,stratified_80_20,0.2,42,200,False,0.244931
49,5591,87,87,92,0.255,False,0.255,random_forest,v1_handcrafted_28,28,stratified_80_20,0.2,42,200,False,0.244931
50,6063,51,51,109,0.425,False,0.425,random_forest,v1_handcrafted_28,28,stratified_80_20,0.2,42,200,False,0.244931
51,4616,92,92,87,0.24,False,0.24,random_forest,v1_handcrafted_28,28,stratified_80_20,0.2,42,200,False,0.244931
52,4191,51,51,92,0.335,False,0.335,random_forest,v1_handcrafted_28,28,stratified_80_20,0.2,42,200,False,0.244931
53,5108,109,109,109,0.275,True,0.275,random_forest,v1_handcrafted_28,28,stratified_80_20,0.2,42,200,False,0.244931
54,2294,85,85,109,0.265,False,0.265,random_forest,v1_handcrafted_28,28,stratified_80_20,0.2,42,200,False,0.244931
55,4772,92,92,92,0.34,True,0.34,random_forest,v1_handcrafted_28,28,stratified_80_20,0.2,42,200,False,0.244931
56,196,51,51,109,0.35,False,0.35,random_forest,v1_handcrafted_28,28,stratified_80_20,0.2,42,200,False,0.244931
57,3086,87,87,92,0.24,False,0.24,random_forest,v1_handcrafted_28,28,stratified_80_20,0.2,42,200,False,0.244931
58,2786,85,85,85,0.245,True,0.245,random_forest,v1_handcrafted_28,28,stratified_80_20,0.2,42,200,False,0.244931
59,4134,87,87,109,0.235,False,0.235,random_forest,v1_handcrafted_28,28,stratified_80_20,0.2,42,200,False,0.244931
60,1835,87,87,51,0.245,False,0.245,random_forest,v1_handcrafted_28,28,stratified_80_20,0.2,42,200,False,0.244931
61,2289,109,109,87,0.28,False,0.28,random_forest,v1_handcrafted_28,28,stratified_80_20,0.2,42,200,False,0.244931
62,5752,87,87,109,0.345,False,0.345,random_forest,v1_handcrafted_28,28,stratified_80_20,0.2,42,200,False,0.244931
63,1794,87,87,85,0.255,False,0.255,random_forest,v1_handcrafted_28,28,stratified_80_20,0.2,42,200,False,0.244931
64,1449,85,85,109,0.35,False,0.35,random_forest,v1_handcrafted_28,28,stratified_80_20,0.2,42,200,False,0.244931
65,2073,92,92,92,0.31,True,0.31,random_forest,v1_handcrafted_28,28,stratified_80_20,0.2,42,200,False,0.244931
66,5338,85,85,92,0.25,False,0.25,random_forest,v1_handcrafted_28,28,stratified_80_20,0.2,42,200,False,0.244931
67,1119,51,51,85,0.285,False,0.285,random_forest,v1_handcrafted_28,28,stratified_80_20,0.2,42,200,False,0.244931
68,125,92,92,92,0.28,True,0.28,random_forest,v1_handcrafted_28,28,stratified_80_20,0.2,42,200,False,0.244931
69,3833,85,85,87,0.225,False,0.225,random_forest,v1_handcrafted_28,28,stratified_80_20,0.2,42,200,False,0.244931
70,3488,51,51,109,0.37,False,0.37,random_forest,v1_handcrafted_28,28,stratified_80_20,0.2,42,200,False,0.244931
71,2530,109,109,85,0.245,False,0.245,random_forest,v1_handcrafted_28,28,stratified_80_20,0.2,42,200,False,0.244931
72,6103,51,51,85,0.315,False,0.315,random_forest,v1_handcrafted_28,28,stratified_80_20,0.2,42,200,False,0.244931
73,2897,85,85,85,0.295,True,0.295,random_forest,v1_handcrafted_28,28,stratified_80_20,0.2,42,200,False,0.244931
74,2760,85,85,92,0.265,False,0.265,random_forest,v1_handcrafted_28,28,stratified_80_20,0.2,42,200,False,0.244931
75,5942,51,51,85,0.335,False,0.335,random_forest,v1_handcrafted_28,28,stratified_80_20,0.2,42,200,False,0.244931
76,2341,51,51,85,0.295,False,0.295,random_forest,v1_handcrafted_28,28,stratified_80_20,0.2,42,200,False,0.244931
77,725,87,87,85,0.305,False,0.305,random_forest,v1_handcrafted_28,28,stratified_80_20,0.2,42,200,False,0.244931
78,4405,85,85,87,0.32,False,0.32,random_forest,v1_handcrafted_28,28,stratified_80_20,0.2,42,200,False,0.244931
79,5458,87,87,51,0.295,False,0.295,random_forest,v1_handcrafted_28,28,stratified_80_20,0.2,42,200,False,0.244931
80,5307,85,85,87,0.24,False,0.24,random_forest,v1_handcrafted_28,28,stratified_80_20,0.2,42,200,False,0.244931
81,3535,51,51,109,0.25,False,0.25,random_forest,v1_handcrafted_28,28,stratified_80_20,0.2,42,200,False,0.244931
82,5894,92,92,109,0.29,False,0.29,random_forest,v1_handcrafted_28,28,stratified_80_20,0.2,42,200,False,0.244931
83,4718,92,92,85,0.29,False,0.29,random_forest,v1_handcrafted_28,28,stratified_80_20,0.2,42,200,False,0.244931
84,3312,92,92,85,0.29,False,0.29,random_forest,v1_handcrafted_28,28,stratified_80_20,0.2,42,200,False,0.244931
85,1784,87,87,87,0.265,True,0.265,random_forest,v1_handcrafted_28,28,stratified_80_20,0.2,42,200,False,0.244931
86,4590,87,87,92,0.24,False,0.24,random_forest,v1_handcrafted_28,28,stratified_80_20,0.2,42,200,False,0.244931
87,5771,92,92,109,0.275,False,0.275,random_forest,v1_handcrafted_28,28,stratified_80_20,0.2,42,200,False,0.244931
88,1573,85,85,85,0.235,True,0.235,random_forest,v1_handcrafted_28,28,stratified_80_20,0.2,42,200,False,0.244931
89,2203,51,51,87,0.335,False,0.335,random_forest,v1_handcrafted_28,28,stratified_80_20,0.2,42,200,False,0.244931
90,4319,109,109,109,0.38,True,0.38,random_forest,v1_handcrafted_28,28,stratified_80_20,0.2,42,200,False,0.244931
91,3330,51,51,92,0.32,False,0.32,random_forest,v1_handcrafted_28,28,stratified_80_20,0.2,42,200,False,0.244931
92,5331,85,85,92,0.27,False,0.27,random_forest,v1_handcrafted_28,28,stratified_80_20,0.2,42,200,False,0.244931
93,5599,87,87,85,0.305,False,0.305,random_forest,v1_handcrafted_28,28,stratified_80_20,0.2,42,200,False,0.244931
94,3754,109,109,92,0.235,False,0.235,random_forest,v1_handcrafted_28,28,stratified_80_20,0.2,42,200,False,0.244931
95,349,85,85,109,0.255,False,0.255,random_forest,v1_handcrafted_28,28,stratified_80_20,0.2,42,200,False,0.244931
96,2045,92,92,85,0.27,False,0.27,random_forest,v1_handcrafted_28,28,stratified_80_20,0.2,42,200,False,0.244931
97,1300,109,109,85,0.27,False,0.27,random_forest,v1_handcrafted_28,28,stratified_80_20,0.2,42,200,False,0.244931
98,4868,51,51,109,0.485,False,0.485,random_forest,v1_handcrafted_28,28,stratified_80_20,0.2,42,200,False,0.244931
99,2534,109,109,92,0.275,False,0.275,random_forest,v1_handcrafted_28,28,stratified_80_20,0.2,42,200,False,0.244931
100,5163,109,109,87,0.26,False,0.26,random_forest,v1_handcrafted_28,28,stratified_80_20,0.2,42,200,False,0.244931
101,2652,109,109,109,0.255,True,0.255,random_forest,v1_handcrafted_28,28,stratified_80_20,0.2,42,200,False,0.244931
102,2728,85,85,51,0.4,False,0.4,random_forest,v1_handcrafted_28,28,stratified_80_20,0.2,42,200,False,0.244931
103,1459,109,109,109,0.29,True,0.29,random_forest,v1_handcrafted_28,28,stratified_80_20,0.2,42,200,False,0.244931
104,4446,85,85,85,0.335,True,0.335,random_forest,v1_handcrafted_28,28,stratified_80_20,0.2,42,200,False,0.244931
105,5177,85,85,92,0.245,False,0.245,random_forest,v1_handcrafted_28,28,stratified_80_20,0.2,42,200,False,0.244931
106,4236,109,109,87,0.24,False,0.24,random_forest,v1_handcrafted_28,28,stratified_80_20,0.2,42,200,False,0.244931
107,884,92,92,51,0.335,False,0.335,random_forest,v1_handcrafted_28,28,stratified_80_20,0.2,42,200,False,0.244931
108,986,51,51,109,0.325,False,0.325,random_forest,v1_handcrafted_28,28,stratified_80_20,0.2,42,200,False,0.244931
109,2210,51,51,92,0.29,False,0.29,random_forest,v1_handcrafted_28,28,stratified_80_20,0.2,42,200,False,0.244931
110,971,92,92,85,0.325,False,0.325,random_forest,v1_handcrafted_28,28,stratified_80_20,0.2,42,200,False,0.244931
111,6068,51,51,109,0.365,False,0.365,random_forest,v1_handcrafted_28,28,stratified_80_20,0.2,42,200,False,0.244931
112,1778,87,87,87,0.29,True,0.29,random_forest,v1_handcrafted_28,28,stratified_80_20,0.2,42,200,False,0.244931
113,3119,92,92,85,0.245,False,0.245,random_forest,v1_handcrafted_28,28,stratified_80_20,0.2,42,200,False,0.244931
114,3007,87,87,87,0.25,True,0.25,random_forest,v1_handcrafted_28,28,stratified_80_20,0.2,42,200,False,0.244931
115,452,85,85,109,0.285,False,0.285,random_forest,v1_handcrafted_28,28,stratified_80_20,0.2,42,200,False,0.244931
116,2518,109,109,92,0.275,False,0.275,random_forest,v1_handcrafted_28,28,stratified_80_20,0.2,42,200,False,0.244931
117,896,92,92,109,0.28,False,0.28,random_forest,v1_handcrafted_28,28,stratified_80_20,0.2,42,200,False,0.244931
118,1343,109,109,85,0.245,False,0.245,random_forest,v1_handcrafted_28,28,stratified_80_20,0.2,42,200,False,0.244931
119,1584,85,85,85,0.425,True,0.425,random_forest,v1_handcrafted_28,28,stratified_80_20,0.2,42,200,False,0.244931
120,4596,87,87,85,0.335,False,0.335,random_forest,v1_handcrafted_28,28,stratified_80_20,0.2,42,200,False,0.244931
121,630,85,85,85,0.335,True,0.335,random_forest,v1_handcrafted_28,28,stratified_80_20,0.2,42,200,False,0.244931
122,1051,51,51,92,0.31,False,0.31,random_forest,v1_handcrafted_28,28,stratified_80_20,0.2,42,200,False,0.244931
123,4009,92,92,92,0.255,True,0.255,random_forest,v1_handcrafted_28,28,stratified_80_20,0.2,42,200,False,0.244931
124,3544,51,51,85,0.28,False,0.28,random_forest,v1_handcrafted_28,28,stratified_80_20,0.2,42,200,False,0.244931
125,1935,92,92,92,0.325,True,0.325,random_forest,v1_handcrafted_28,28,stratified_80_20,0.2,42,200,False,0.244931
126,2513,109,109,109,0.295,True,0.295,random_forest,v1_handcrafted_28,28,stratified_80_20,0.2,42,200,False,0.244931
127,1501,85,85,51,0.33,False,0.33,random_forest,v1_handcrafted_28,28,stratified_80_20,0.2,42,200,False,0.244931
128,2597,85,85,85,0.27,True,0.27,random_forest,v1_handcrafted_28,28,stratified_80_20,0.2,42,200,False,0.244931
129,3644,51,51,92,0.26,False,0.26,random_forest,v1_handcrafted_28,28,stratified_80_20,0.2,42,200,False,0.244931
130,1963,92,92,85,0.295,False,0.295,random_forest,v1_handcrafted_28,28,stratified_80_20,0.2,42,200,False,0.244931
131,5688,87,87,87,0.285,True,0.285,random_forest,v1_handcrafted_28,28,stratified_80_20,0.2,42,200,False,0.244931
132,527,85,85,85,0.31,True,0.31,random_forest,v1_handcrafted_28,28,stratified_80_20,0.2,42,200,False,0.244931
133,4293,109,109,92,0.395,False,0.395,random_forest,v1_handcrafted_28,28,stratified_80_20,0.2,42,200,False,0.244931
134,5781,92,92,85,0.28,False,0.28,random_forest,v1_handcrafted_28,28,stratified_80_20,0.2,42,200,False,0.244931
135,1211,51,51,87,0.345,False,0.345,random_forest,v1_handcrafted_28,28,stratified_80_20,0.2,42,200,False,0.244931
136,2842,85,85,85,0.45,True,0.45,random_forest,v1_handcrafted_28,28,stratified_80_20,0.2,42,200,False,0.244931
137,6073,51,51,87,0.315,False,0.315,random_forest,v1_handcrafted_28,28,stratified_80_20,0.2,42,200,False,0.244931
138,3166,87,87,51,0.335,False,0.335,random_forest,v1_handcrafted_28,28,stratified_80_20,0.2,42,200,False,0.244931
139,5497,87,87,87,0.27,True,0.27,random_forest,v1_handcrafted_28,28,stratified_80_20,0.2,42,200,False,0.244931
140,127,92,92,109,0.275,False,0.275,random_forest,v1_handcrafted_28,28,stratified_80_20,0.2,42,200,False,0.244931
141,1016,92,92,92,0.32,True,0.32,random_forest,v1_handcrafted_28,28,stratified_80_20,0.2,42,200,False,0.244931
142,5303,85,85,92,0.29,False,0.29,random_forest,v1_handcrafted_28,28,stratified_80_20,0.2,42,200,False,0.244931
143,1047,51,51,85,0.44,False,0.44,random_forest,v1_handcrafted_28,28,stratified_80_20,0.2,42,200,False,0.244931
144,888,92,92,87,0.275,False,0.275,random_forest,v1_handcrafted_28,28,stratified_80_20,0.2,42,200,False,0.244931
145,3064,92,92,92,0.345,True,0.345,random_forest,v1_handcrafted_28,28,stratified_80_20,0.2,42,200,False,0.244931
146,1258,109,109,87,0.315,False,0.315,random_forest,v1_handcrafted_28,28,stratified_80_20,0.2,42,200,False,0.244931
147,3939,87,87,51,0.255,False,0.255,random_forest,v1_handcrafted_28,28,stratified_80_20,0.2,42,200,False,0.244931
148,2093,51,51,85,0.28,False,0.28,random_forest,v1_handcrafted_28,28,stratified_80_20,0.2,42,200,False,0.244931
149,5274,85,85,87,0.32,False,0.32,random_forest,v1_handcrafted_28,28,stratified_80_20,0.2,42,200,False,0.244931
150,3776,109,109,85,0.265,False,0.265,random_forest,v1_handcrafted_28,28,stratified_80_20,0.2,42,200,False,0.244931
151,5846,92,92,92,0.275,True,0.275,random_forest,v1_handcrafted_28,28,stratified_80_20,0.2,42,200,False,0.244931
152,143,92,92,51,0.24,False,0.24,random_forest,v1_handcrafted_28,28,stratified_80_20,0.2,42,200,False,0.244931
153,391,109,109,109,0.26,True,0.26,random_forest,v1_handcrafted_28,28,stratified_80_20,0.2,42,200,False,0.244931
154,4586,87,87,109,0.32,False,0.32,random_forest,v1_handcrafted_28,28,stratified_80_20,0.2,42,200,False,0.244931
155,1007,51,51,109,0.28,False,0.28,random_forest,v1_handcrafted_28,28,stratified_80_20,0.2,42,200,False,0.244931
156,4442,85,85,85,0.27,True,0.27,random_forest,v1_handcrafted_28,28,stratified_80_20,0.2,42,200,False,0.244931
157,1971,92,92,109,0.28,False,0.28,random_forest,v1_handcrafted_28,28,stratified_80_20,0.2,42,200,False,0.244931
158,6153,51,51,85,0.265,False,0.265,random_forest,v1_handcrafted_28,28,stratified_80_20,0.2,42,200,False,0.244931
159,1064,51,51,51,0.275,True,0.275,random_forest,v1_handcrafted_28,28,stratified_80_20,0.2,42,200,False,0.244931
160,5969,92,92,85,0.285,False,0.285,random_forest,v1_handcrafted_28,28,stratified_80_20,0.2,42,200,False,0.244931
161,3770,109,109,92,0.305,False,0.305,random_forest,v1_handcrafted_28,28,stratified_80_20,0.2,42,200,False,0.244931
162,2457,109,109,87,0.25,False,0.25,random_forest,v1_handcrafted_28,28,stratified_80_20,0.2,42,200,False,0.244931
163,2901,85,85,109,0.275,False,0.275,random_forest,v1_handcrafted_28,28,stratified_80_20,0.2,42,200,False,0.244931
164,2615,109,109,51,0.22,False,0.22,random_forest,v1_handcrafted_28,28,stratified_80_20,0.2,42,200,False,0.244931
165,1098,51,51,92,0.26,False,0.26,random_forest,v1_handcrafted_28,28,stratified_80_20,0.2,42,200,False,0.244931
166,512,85,85,87,0.315,False,0.315,random_forest,v1_handcrafted_28,28,stratified_80_20,0.2,42,200,False,0.244931
167,4188,51,51,87,0.245,False,0.245,random_forest,v1_handcrafted_28,28,stratified_80_20,0.2,42,200,False,0.244931
168,5693,92,92,87,0.285,False,0.285,random_forest,v1_handcrafted_28,28,stratified_80_20,0.2,42,200,False,0.244931
169,321,109,109,92,0.345,False,0.345,random_forest,v1_handcrafted_28,28,stratified_80_20,0.2,42,200,False,0.244931
170,5635,87,87,85,0.39,False,0.39,random_forest,v1_handcrafted_28,28,stratified_80_20,0.2,42,200,False,0.244931
171,390,109,109,92,0.245,False,0.245,random_forest,v1_handcrafted_28,28,stratified_80_20,0.2,42,200,False,0.244931
172,3113,92,92,92,0.345,True,0.345,random_forest,v1_handcrafted_28,28,stratified_80_20,0.2,42,200,False,0.244931
173,342,109,109,92,0.285,False,0.285,random_forest,v1_handcrafted_28,28,stratified_80_20,0.2,42,200,False,0.244931
174,2926,87,87,92,0.28,False,0.28,random_forest,v1_handcrafted_28,28,stratified_80_20,0.2,42,200,False,0.244931
175,3523,51,51,109,0.26,False,0.26,random_forest,v1_handcrafted_28,28,stratified_80_20,0.2,42,200,False,0.244931
176,3075,92,92,92,0.27,True,0.27,random_forest,v1_handcrafted_28,28,stratified_80_20,0.2,42,200,False,0.244931
177,404,109,109,51,0.35,False,0.35,random_forest,v1_handcrafted_28,28,stratified_80_20,0.2,42,200,False,0.244931
178,4332,109,109,92,0.295,False,0.295,random_forest,v1_handcrafted_28,28,stratified_80_20,0.2,42,200,False,0.244931
179,5050,109,109,51,0.245,False,0.245,random_forest,v1_handcrafted_28,28,stratified_80_20,0.2,42,200,False,0.244931
180,1078,51,51,92,0.265,False,0.265,random_forest,v1_handcrafted_28,28,stratified_80_20,0.2,42,200,False,0.244931
181,1595,85,85,51,0.355,False,0.355,random_forest,v1_handcrafted_28,28,stratified_80_20,0.2,42,200,False,0.244931
182,3458,51,51,87,0.265,False,0.265,random_forest,v1_handcrafted_28,28,stratified_80_20,0.2,42,200,False,0.244931
183,4248,109,109,87,0.245,False,0.245,random_forest,v1_handcrafted_28,28,stratified_80_20,0.2,42,200,False,0.244931
184,1024,92,92,92,0.4,True,0.4,random_forest,v1_handcrafted_28,28,stratified_80_20,0.2,42,200,False,0.244931
185,5297,85,85,92,0.295,False,0.295,random_forest,v1_handcrafted_28,28,stratified_80_20,0.2,42,200,False,0.244931
186,1491,85,85,85,0.22,True,0.22,random_forest,v1_handcrafted_28,28,stratified_80_20,0.2,42,200,False,0.244931
187,2216,51,51,109,0.245,False,0.245,random_forest,v1_handcrafted_28,28,stratified_80_20,0.2,42,200,False,0.244931
188,4554,87,87,85,0.29,False,0.29,random_forest,v1_handcrafted_28,28,stratified_80_20,0.2,42,200,False,0.244931
189,1118,51,51,92,0.24,False,0.24,random_forest,v1_handcrafted_28,28,stratified_80_20,0.2,42,200,False,0.244931
190,4479,85,85,85,0.23,True,0.23,random_forest,v1_handcrafted_28,28,stratified_80_20,0.2,42,200,False,0.244931
191,4333,109,109,87,0.31,False,0.31,random_forest,v1_handcrafted_28,28,stratified_80_20,0.2,42,200,False,0.244931
192,5958,51,51,85,0.33,False,0.33,random_forest,v1_handcrafted_28,28,stratified_80_20,0.2,42,200,False,0.244931
193,4128,87,87,109,0.285,False,0.285,random_forest,v1_handcrafted_28,28,stratified_80_20,0.2,42,200,False,0.244931
194,5623,87,87,51,0.245,False,0.245,random_forest,v1_handcrafted_28,28,stratified_80_20,0.2,42,200,False,0.244931
195,3990,87,87,92,0.265,False,0.265,random_forest,v1_handcrafted_28,28,stratified_80_20,0.2,42,200,False,0.244931
196,1677,85,85,92,0.275,False,0.275,random_forest,v1_handcrafted_28,28,stratified_80_20,0.2,42,200,False,0.244931
197,2134,51,51,87,0.28,False,0.28,random_forest,v1_handcrafted_28,28,stratified_80_20,0.2,42,200,False,0.244931
198,2273,109,109,51,0.285,False,0.285,random_forest,v1_handcrafted_28,28,stratified_80_20,0.2,42,200,False,0.244931
199,5537,87,87,109,0.29,False,0.29,random_forest,v1_handcrafted_28,28,stratified_80_20,0.2,42,200,False,0.244931
200,3205,92,92,92,0.31,True,0.31,random_forest,v1_handcrafted_28,28,stratified_80_20,0.2,42,200,False,0.244931
201,4437,85,85,85,0.27,True,0.27,random_forest,v1_handcrafted_28,28,stratified_80_20,0.2,42,200,False,0.244931
202,2622,85,85,85,0.265,True,0.265,random_forest,v1_handcrafted_28,28,stratified_80_20,0.2,42,200,False,0.244931
203,6152,51,51,87,0.275,False,0.275,random_forest,v1_handcrafted_28,28,stratified_80_20,0.2,42,200,False,0.244931
204,38,85,85,51,0.24,False,0.24,random_forest,v1_handcrafted_28,28,stratified_80_20,0.2,42,200,False,0.244931
205,4208,51,51,87,0.255,False,0.255,random_forest,v1_handcrafted_28,28,stratified_80_20,0.2,42,200,False,0.244931
206,4538,87,87,85,0.27,False,0.27,random_forest,v1_handcrafted_28,28,stratified_80_20,0.2,42,200,False,0.244931
207,4979,51,51,85,0.3,False,0.3,random_forest,v1_handcrafted_28,28,stratified_80_20,0.2,42,200,False,0.244931
208,1843,87,87,87,0.27,True,0.27,random_forest,v1_handcrafted_28,28,stratified_80_20,0.2,42,200,False,0.244931
209,2649,109,109,87,0.265,False,0.265,random_forest,v1_handcrafted_28,28,stratified_80_20,0.2,42,200,False,0.244931
210,3234,92,92,85,0.37,False,0.37,random_forest,v1_handcrafted_28,28,stratified_80_20,0.2,42,200,False,0.244931
211,1570,85,85,51,0.365,False,0.365,random_forest,v1_handcrafted_28,28,stratified_80_20,0.2,42,200,False,0.244931
212,957,92,92,85,0.41,False,0.41,random_forest,v1_handcrafted_28,28,stratified_80_20,0.2,42,200,False,0.244931
213,1730,87,87,85,0.265,False,0.265,random_forest,v1_handcrafted_28,28,stratified_80_20,0.2,42,200,False,0.244931
214,1411,109,109,92,0.285,False,0.285,random_forest,v1_handcrafted_28,28,stratified_80_20,0.2,42,200,False,0.244931
215,5249,85,85,51,0.36,False,0.36,random_forest,v1_handcrafted_28,28,stratified_80_20,0.2,42,200,False,0.244931
216,378,85,85,85,0.39,True,0.39,random_forest,v1_handcrafted_28,28,stratified_80_20,0.2,42,200,False,0.244931
217,197,51,51,92,0.36,False,0.36,random_forest,v1_handcrafted_28,28,stratified_80_20,0.2,42,200,False,0.244931
218,1599,85,85,85,0.365,True,0.365,random_forest,v1_handcrafted_28,28,stratified_80_20,0.2,42,200,False,0.244931
219,343,109,109,109,0.37,True,0.37,random_forest,v1_handcrafted_28,28,stratified_80_20,0.2,42,200,False,0.244931
220,1419,109,109,109,0.3,True,0.3,random_forest,v1_handcrafted_28,28,stratified_80_20,0.2,42,200,False,0.244931
221,3918,87,87,85,0.385,False,0.385,random_forest,v1_handcrafted_28,28,stratified_80_20,0.2,42,200,False,0.244931
222,1651,87,87,85,0.33,False,0.33,random_forest,v1_handcrafted_28,28,stratified_80_20,0.2,42,200,False,0.244931
223,3976,87,87,85,0.26,False,0.26,random_forest,v1_handcrafted_28,28,stratified_80_20,0.2,42,200,False,0.244931
224,379,109,109,51,0.27,False,0.27,random_forest,v1_handcrafted_28,28,stratified_80_20,0.2,42,200,False,0.244931
225,3792,85,85,92,0.27,False,0.27,random_forest,v1_handcrafted_28,28,stratified_80_20,0.2,42,200,False,0.244931
226,790,87,87,87,0.34,True,0.34,random_forest,v1_handcrafted_28,28,stratified_80_20,0.2,42,200,False,0.244931
227,5029,109,109,92,0.255,False,0.255,random_forest,v1_handcrafted_28,28,stratified_80_20,0.2,42,200,False,0.244931
228,2211,51,51,92,0.3,False,0.3,random_forest,v1_handcrafted_28,28,stratified_80_20,0.2,42,200,False,0.244931
229,4565,87,87,51,0.26,False,0.26,random_forest,v1_handcrafted_28,28,stratified_80_20,0.2,42,200,False,0.244931
230,3143,92,92,85,0.38,False,0.38,random_forest,v1_handcrafted_28,28,stratified_80_20,0.2,42,200,False,0.244931
231,2156,51,51,51,0.235,True,0.235,random_forest,v1_handcrafted_28,28,stratified_80_20,0.2,42,200,False,0.244931
232,2434,109,109,92,0.285,False,0.285,random_forest,v1_handcrafted_28,28,stratified_80_20,0.2,42,200,False,0.244931
233,5535,87,87,85,0.255,False,0.255,random_forest,v1_handcrafted_28,28,stratified_80_20,0.2,42,200,False,0.244931
234,395,109,109,109,0.31,True,0.31,random_forest,v1_handcrafted_28,28,stratified_80_20,0.2,42,200,False,0.244931
235,5550,87,87,87,0.25,True,0.25,random_forest,v1_handcrafted_28,28,stratified_80_20,0.2,42,200,False,0.244931
236,10,85,85,109,0.25,False,0.25,random_forest,v1_handcrafted_28,28,stratified_80_20,0.2,42,200,False,0.244931
237,3410,51,51,85,0.365,False,0.365,random_forest,v1_handcrafted_28,28,stratified_80_20,0.2,42,200,False,0.244931
238,3459,51,51,87,0.255,False,0.255,random_forest,v1_handcrafted_28,28,stratified_80_20,0.2,42,200,False,0.244931
239,6072,51,51,51,0.235,True,0.235,random_forest,v1_handcrafted_28,28,stratified_80_20,0.2,42,200,False,0.244931
240,6159,51,51,85,0.26,False,0.26,random_forest,v1_handcrafted_28,28,stratified_80_20,0.2,42,200,False,0.244931
241,674,87,87,87,0.27,True,0.27,random_forest,v1_handcrafted_28,28,stratified_80_20,0.2,42,200,False,0.244931
242,4263,109,109,87,0.27,False,0.27,random_forest,v1_handcrafted_28,28,stratified_80_20,0.2,42,200,False,0.244931
243,5784,92,92,92,0.255,True,0.255,random_forest,v1_handcrafted_28,28,stratified_80_20,0.2,42,200,False,0.244931
244,5950,92,92,51,0.405,False,0.405,random_forest,v1_handcrafted_28,28,stratified_80_20,0.2,42,200,False,0.244931
245,2385,109,109,109,0.3,True,0.3,random_forest,v1_handcrafted_28,28,stratified_80_20,0.2,42,200,False,0.244931
246,4609,87,87,51,0.3,False,0.3,random_forest,v1_handcrafted_28,28,stratified_80_20,0.2,42,200,False,0.244931
247,4350,109,109,87,0.255,False,0.255,random_forest,v1_handcrafted_28,28,stratified_80_20,0.2,42,200,False,0.244931
248,4183,51,51,87,0.31,False,0.31,random_forest,v1_handcrafted_28,28,stratified_80_20,0.2,42,200,False,0.244931
249,5634,87,87,85,0.315,False,0.315,random_forest,v1_handcrafted_28,28,stratified_80_20,0.2,42,200,False,0.244931
250,4309,109,109,109,0.315,True,0.315,random_forest,v1_handcrafted_28,28,stratified_80_20,0.2,42,200,False,0.244931
251,4432,85,85,87,0.235,False,0.235,random_forest,v1_handcrafted_28,28,stratified_80_20,0.2,42,200,False,0.244931
252,5131,109,109,85,0.33,False,0.33,random_forest,v1_handcrafted_28,28,stratified_80_20,0.2,42,200,False,0.244931
253,5766,92,92,85,0.42,False,0.42,random_forest,v1_handcrafted_28,28,stratified_80_20,0.2,42,200,False,0.244931
254,149,92,92,92,0.275,True,0.275,random_forest,v1_handcrafted_28,28,stratified_80_20,0.2,42,200,False,0.244931
255,5164,109,109,87,0.275,False,0.275,random_forest,v1_handcrafted_28,28,stratified_80_20,0.2,42,200,False,0.244931
256,5826,92,92,51,0.3,False,0.3,random_forest,v1_handcrafted_28,28,stratified_80_20,0.2,42,200,False,0.244931
257,2220,51,51,92,0.255,False,0.255,random_forest,v1_handcrafted_28,28,stratified_80_20,0.2,42,200,False,0.244931
258,2806,85,85,92,0.345,False,0.345,random_forest,v1_handcrafted_28,28,stratified_80_20,0.2,42,200,False,0.244931
259,4760,92,92,51,0.275,False,0.275,random_forest,v1_handcrafted_28,28,stratified_80_20,0.2,42,200,False,0.244931
260,1420,109,109,92,0.235,False,0.235,random_forest,v1_handcrafted_28,28,stratified_80_20,0.2,42,200,False,0.244931
261,1247,109,109,85,0.32,False,0.32,random_forest,v1_handcrafted_28,28,stratified_80_20,0.2,42,200,False,0.244931
262,2338,51,51,109,0.455,False,0.455,random_forest,v1_handcrafted_28,28,stratified_80_20,0.2,42,200,False,0.244931
263,5416,85,85,85,0.325,True,0.325,random_forest,v1_handcrafted_28,28,stratified_80_20,0.2,42,200,False,0.244931
264,3368,92,92,109,0.275,False,0.275,random_forest,v1_handcrafted_28,28,stratified_80_20,0.2,42,200,False,0.244931
265,3787,85,85,92,0.335,False,0.335,random_forest,v1_handcrafted_28,28,stratified_80_20,0.2,42,200,False,0.244931
266,5935,51,51,85,0.29,False,0.29,random_forest,v1_handcrafted_28,28,stratified_80_20,0.2,42,200,False,0.244931
267,2804,85,85,87,0.345,False,0.345,random_forest,v1_handcrafted_28,28,stratified_80_20,0.2,42,200,False,0.244931
268,5070,109,109,109,0.29,True,0.29,random_forest,v1_handcrafted_28,28,stratified_80_20,0.2,42,200,False,0.244931
269,5456,87,87,109,0.305,False,0.305,random_forest,v1_handcrafted_28,28,stratified_80_20,0.2,42,200,False,0.244931
270,2221,51,51,85,0.335,False,0.335,random_forest,v1_handcrafted_28,28,stratified_80_20,0.2,42,200,False,0.244931
271,3089,87,87,87,0.285,True,0.285,random_forest,v1_handcrafted_28,28,stratified_80_20,0.2,42,200,False,0.244931
272,5901,92,92,109,0.33,False,0.33,random_forest,v1_handcrafted_28,28,stratified_80_20,0.2,42,200,False,0.244931
273,1770,87,87,109,0.265,False,0.265,random_forest,v1_handcrafted_28,28,stratified_80_20,0.2,42,200,False,0.244931
274,5515,87,87,109,0.29,False,0.29,random_forest,v1_handcrafted_28,28,stratified_80_20,0.2,42,200,False,0.244931
275,5323,85,85,85,0.45,True,0.45,random_forest,v1_handcrafted_28,28,stratified_80_20,0.2,42,200,False,0.244931
276,765,87,87,87,0.31,True,0.31,random_forest,v1_handcrafted_28,28,stratified_80_20,0.2,42,200,False,0.244931
277,4228,51,51,51,0.275,True,0.275,random_forest,v1_handcrafted_28,28,stratified_80_20,0.2,42,200,False,0.244931
278,4881,51,51,51,0.325,True,0.325,random_forest,v1_handcrafted_28,28,stratified_80_20,0.2,42,200,False,0.244931
279,624,85,85,92,0.26,False,0.26,random_forest,v1_handcrafted_28,28,stratified_80_20,0.2,42,200,False,0.244931
280,1423,109,109,109,0.295,True,0.295,random_forest,v1_handcrafted_28,28,stratified_80_20,0.2,42,200,False,0.244931
281,2222,51,51,109,0.26,False,0.26,random_forest,v1_handcrafted_28,28,stratified_80_20,0.2,42,200,False,0.244931
282,3740,109,109,92,0.24,False,0.24,random_forest,v1_handcrafted_28,28,stratified_80_20,0.2,42,200,False,0.244931
283,545,85,85,85,0.35,True,0.35,random_forest,v1_handcrafted_28,28,stratified_80_20,0.2,42,200,False,0.244931
284,2828,85,85,92,0.245,False,0.245,random_forest,v1_handcrafted_28,28,stratified_80_20,0.2,42,200,False,0.244931
285,3673,109,109,85,0.46,False,0.46,random_forest,v1_handcrafted_28,28,stratified_80_20,0.2,42,200,False,0.244931
286,5420,87,87,92,0.3,False,0.3,random_forest,v1_handcrafted_28,28,stratified_80_20,0.2,42,200,False,0.244931
287,4522,87,87,109,0.27,False,0.27,random_forest,v1_handcrafted_28,28,stratified_80_20,0.2,42,200,False,0.244931
288,3838,85,85,85,0.415,True,0.415,random_forest,v1_handcrafted_28,28,stratified_80_20,0.2,42,200,False,0.244931
289,260,109,109,109,0.295,True,0.295,random_forest,v1_handcrafted_28,28,stratified_80_20,0.2,42,200,False,0.244931
290,3710,109,109,87,0.28,False,0.28,random_forest,v1_handcrafted_28,28,stratified_80_20,0.2,42,200,False,0.244931
291,3773,85,85,92,0.33,False,0.33,random_forest,v1_handcrafted_28,28,stratified_80_20,0.2,42,200,False,0.244931
292,3009,87,87,92,0.26,False,0.26,random_forest,v1_handcrafted_28,28,stratified_80_20,0.2,42,200,False,0.244931
293,2197,51,51,85,0.31,False,0.31,random_forest,v1_handcrafted_28,28,stratified_80_20,0.2,42,200,False,0.244931
294,310,109,109,109,0.27,True,0.27,random_forest,v1_handcrafted_28,28,stratified_80_20,0.2,42,200,False,0.244931
295,2282,109,109,92,0.29,False,0.29,random_forest,v1_handcrafted_28,28,stratified_80_20,0.2,42,200,False,0.244931
296,5801,92,92,109,0.31,False,0.31,random_forest,v1_handcrafted_28,28,stratified_80_20,0.2,42,200,False,0.244931
297,6002,51,51,87,0.33,False,0.33,random_forest,v1_handcrafted_28,28,stratified_80_20,0.2,42,200,False,0.244931
298,3647,109,109,85,0.29,False,0.29,random_forest,v1_handcrafted_28,28,stratified_80_20,0.2,42,200,False,0.244931
299,4500,87,87,92,0.26,False,0.26,random_forest,v1_handcrafted_28,28,stratified_80_20,0.2,42,200,False,0.244931
300,3738,109,109,109,0.315,True,0.315,random_forest,v1_handcrafted_28,28,stratified_80_20,0.2,42,200,False,0.244931
301,5139,109,109,85,0.275,False,0.275,random_forest,v1_handcrafted_28,28,stratified_80_20,0.2,42,200,False,0.244931
302,3090,87,87,109,0.28,False,0.28,random_forest,v1_handcrafted_28,28,stratified_80_20,0.2,42,200,False,0.244931
303,2733,85,85,92,0.29,False,0.29,random_forest,v1_handcrafted_28,28,stratified_80_20,0.2,42,200,False,0.244931
304,2291,109,109,51,0.36,False,0.36,random_forest,v1_handcrafted_28,28,stratified_80_20,0.2,42,200,False,0.244931
305,3366,92,92,87,0.265,False,0.265,random_forest,v1_handcrafted_28,28,stratified_80_20,0.2,42,200,False,0.244931
306,2377,109,109,51,0.27,False,0.27,random_forest,v1_handcrafted_28,28,stratified_80_20,0.2,42,200,False,0.244931
307,3568,51,51,87,0.3,False,0.3,random_forest,v1_handcrafted_28,28,stratified_80_20,0.2,42,200,False,0.244931
308,4396,85,85,85,0.265,True,0.265,random_forest,v1_handcrafted_28,28,stratified_80_20,0.2,42,200,False,0.244931
309,5023,109,109,51,0.275,False,0.275,random_forest,v1_handcrafted_28,28,stratified_80_20,0.2,42,200,False,0.244931
310,3284,92,92,109,0.27,False,0.27,random_forest,v1_handcrafted_28,28,stratified_80_20,0.2,42,200,False,0.244931
311,4067,92,92,85,0.305,False,0.305,random_forest,v1_handcrafted_28,28,stratified_80_20,0.2,42,200,False,0.244931
312,1802,87,87,85,0.585,False,0.585,random_forest,v1_handcrafted_28,28,stratified_80_20,0.2,42,200,False,0.244931
313,2144,51,51,87,0.33,False,0.33,random_forest,v1_handcrafted_28,28,stratified_80_20,0.2,42,200,False,0.244931
314,561,85,85,85,0.34,True,0.34,random_forest,v1_handcrafted_28,28,stratified_80_20,0.2,42,200,False,0.244931
315,4499,87,87,87,0.275,True,0.275,random_forest,v1_handcrafted_28,28,stratified_80_20,0.2,42,200,False,0.244931
316,5824,92,92,109,0.275,False,0.275,random_forest,v1_handcrafted_28,28,stratified_80_20,0.2,42,200,False,0.244931
317,2734,85,85,109,0.24,False,0.24,random_forest,v1_handcrafted_28,28,stratified_80_20,0.2,42,200,False,0.244931
318,5046,109,109,109,0.285,True,0.285,random_forest,v1_handcrafted_28,28,stratified_80_20,0.2,42,200,False,0.244931
319,2101,92,92,87,0.25,False,0.25,random_forest,v1_handcrafted_28,28,stratified_80_20,0.2,42,200,False,0.244931
320,752,87,87,85,0.265,False,0.265,random_forest,v1_handcrafted_28,28,stratified_80_20,0.2,42,200,False,0.244931
321,3148,92,92,51,0.235,False,0.235,random_forest,v1_handcrafted_28,28,stratified_80_20,0.2,42,200,False,0.244931
322,1697,85,85,85,0.31,True,0.31,random_forest,v1_handcrafted_28,28,stratified_80_20,0.2,42,200,False,0.244931
323,4598,87,87,85,0.27,False,0.27,random_forest,v1_handcrafted_28,28,stratified_80_20,0.2,42,200,False,0.244931
324,2933,87,87,51,0.245,False,0.245,random_forest,v1_handcrafted_28,28,stratified_80_20,0.2,42,200,False,0.244931
325,3670,109,109,85,0.325,False,0.325,random_forest,v1_handcrafted_28,28,stratified_80_20,0.2,42,200,False,0.244931
326,2298,85,85,92,0.265,False,0.265,random_forest,v1_handcrafted_28,28,stratified_80_20,0.2,42,200,False,0.244931
327,526,85,85,51,0.23,False,0.23,random_forest,v1_handcrafted_28,28,stratified_80_20,0.2,42,200,False,0.244931
328,1129,51,51,51,0.26,True,0.26,random_forest,v1_handcrafted_28,28,stratified_80_20,0.2,42,200,False,0.244931
329,3084,87,87,109,0.37,False,0.37,random_forest,v1_handcrafted_28,28,stratified_80_20,0.2,42,200,False,0.244931
330,5182,109,109,109,0.395,True,0.395,random_forest,v1_handcrafted_28,28,stratified_80_20,0.2,42,200,False,0.244931
331,2888,85,85,85,0.31,True,0.31,random_forest,v1_handcrafted_28,28,stratified_80_20,0.2,42,200,False,0.244931
332,2326,92,92,92,0.27,True,0.27,random_forest,v1_handcrafted_28,28,stratified_80_20,0.2,42,200,False,0.244931
333,5637,87,87,85,0.235,False,0.235,random_forest,v1_handcrafted_28,28,stratified_80_20,0.2,42,200,False,0.244931
334,1648,85,85,87,0.285,False,0.285,random_forest,v1_handcrafted_28,28,stratified_80_20,0.2,42,200,False,0.244931
335,5357,85,85,92,0.31,False,0.31,random_forest,v1_handcrafted_28,28,stratified_80_20,0.2,42,200,False,0.244931
336,5730,92,92,85,0.255,False,0.255,random_forest,v1_handcrafted_28,28,stratified_80_20,0.2,42,200,False,0.244931
337,210,51,51,92,0.24,False,0.24,random_forest,v1_handcrafted_28,28,stratified_80_20,0.2,42,200,False,0.244931
338,5220,85,85,87,0.255,False,0.255,random_forest,v1_handcrafted_28,28,stratified_80_20,0.2,42,200,False,0.244931
339,2237,51,51,92,0.265,False,0.265,random_forest,v1_handcrafted_28,28,stratified_80_20,0.2,42,200,False,0.244931
340,2688,109,109,109,0.32,True,0.32,random_forest,v1_handcrafted_28,28,stratified_80_20,0.2,42,200,False,0.244931
341,294,109,109,92,0.335,False,0.335,random_forest,v1_handcrafted_28,28,stratified_80_20,0.2,42,200,False,0.244931
342,776,87,87,87,0.225,True,0.225,random_forest,v1_handcrafted_28,28,stratified_80_20,0.2,42,200,False,0.244931
343,308,109,109,51,0.25,False,0.25,random_forest,v1_handcrafted_28,28,stratified_80_20,0.2,42,200,False,0.244931
344,94,87,87,92,0.24,False,0.24,random_forest,v1_handcrafted_28,28,stratified_80_20,0.2,42,200,False,0.244931
345,4256,109,109,92,0.44,False,0.44,random_forest,v1_handcrafted_28,28,stratified_80_20,0.2,42,200,False,0.244931
346,1557,85,85,92,0.25,False,0.25,random_forest,v1_handcrafted_28,28,stratified_80_20,0.2,42,200,False,0.244931
347,2162,51,51,87,0.23,False,0.23,random_forest,v1_handcrafted_28,28,stratified_80_20,0.2,42,200,False,0.244931
348,4439,85,85,109,0.325,False,0.325,random_forest,v1_handcrafted_28,28,stratified_80_20,0.2,42,200,False,0.244931
349,798,87,87,87,0.285,True,0.285,random_forest,v1_handcrafted_28,28,stratified_80_20,0.2,42,200,False,0.244931
350,2627,85,85,85,0.26,True,0.26,random_forest,v1_handcrafted_28,28,stratified_80_20,0.2,42,200,False,0.244931
351,5293,85,85,85,0.23,True,0.23,random_forest,v1_handcrafted_28,28,stratified_80_20,0.2,42,200,False,0.244931
352,5345,85,85,85,0.26,True,0.26,random_forest,v1_handcrafted_28,28,stratified_80_20,0.2,42,200,False,0.244931
353,3827,85,85,51,0.265,False,0.265,random_forest,v1_handcrafted_28,28,stratified_80_20,0.2,42,200,False,0.244931
354,509,85,85,85,0.31,True,0.31,random_forest,v1_handcrafted_28,28,stratified_80_20,0.2,42,200,False,0.244931
355,4943,51,51,51,0.245,True,0.245,random_forest,v1_handcrafted_28,28,stratified_80_20,0.2,42,200,False,0.244931
356,675,87,87,109,0.255,False,0.255,random_forest,v1_handcrafted_28,28,stratified_80_20,0.2,42,200,False,0.244931
357,5955,51,51,85,0.38,False,0.38,random_forest,v1_handcrafted_28,28,stratified_80_20,0.2,42,200,False,0.244931
358,1079,51,51,87,0.255,False,0.255,random_forest,v1_handcrafted_28,28,stratified_80_20,0.2,42,200,False,0.244931
359,4354,109,109,109,0.305,True,0.305,random_forest,v1_handcrafted_28,28,stratified_80_20,0.2,42,200,False,0.244931
360,5483,87,87,51,0.48,False,0.48,random_forest,v1_handcrafted_28,28,stratified_80_20,0.2,42,200,False,0.244931
361,1673,85,85,85,0.245,True,0.245,random_forest,v1_handcrafted_28,28,stratified_80_20,0.2,42,200,False,0.244931
362,1506,109,109,85,0.255,False,0.255,random_forest,v1_handcrafted_28,28,stratified_80_20,0.2,42,200,False,0.244931
363,864,92,92,109,0.265,False,0.265,random_forest,v1_handcrafted_28,28,stratified_80_20,0.2,42,200,False,0.244931
364,4953,51,51,51,0.435,True,0.435,random_forest,v1_handcrafted_28,28,stratified_80_20,0.2,42,200,False,0.244931
365,995,92,92,85,0.29,False,0.29,random_forest,v1_handcrafted_28,28,stratified_80_20,0.2,42,200,False,0.244931
366,3899,85,85,87,0.325,False,0.325,random_forest,v1_handcrafted_28,28,stratified_80_20,0.2,42,200,False,0.244931
367,1288,109,109,85,0.29,False,0.29,random_forest,v1_handcrafted_28,28,stratified_80_20,0.2,42,200,False,0.244931
368,4949,51,51,109,0.305,False,0.305,random_forest,v1_handcrafted_28,28,stratified_80_20,0.2,42,200,False,0.244931
369,5726,87,87,85,0.26,False,0.26,random_forest,v1_handcrafted_28,28,stratified_80_20,0.2,42,200,False,0.244931
370,78,87,87,92,0.3,False,0.3,random_forest,v1_handcrafted_28,28,stratified_80_20,0.2,42,200,False,0.244931
371,6057,51,51,87,0.275,False,0.275,random_forest,v1_handcrafted_28,28,stratified_80_20,0.2,42,200,False,0.244931
372,6134,51,51,87,0.255,False,0.255,random_forest,v1_handcrafted_28,28,stratified_80_20,0.2,42,200,False,0.244931
373,1302,109,109,92,0.295,False,0.295,random_forest,v1_handcrafted_28,28,stratified_80_20,0.2,42,200,False,0.244931
374,4045,92,92,92,0.325,True,0.325,random_forest,v1_handcrafted_28,28,stratified_80_20,0.2,42,200,False,0.244931
375,1050,51,51,109,0.275,False,0.275,random_forest,v1_handcrafted_28,28,stratified_80_20,0.2,42,200,False,0.244931
376,4058,92,92,92,0.33,True,0.33,random_forest,v1_handcrafted_28,28,stratified_80_20,0.2,42,200,False,0.244931
377,3340,92,92,87,0.26,False,0.26,random_forest,v1_handcrafted_28,28,stratified_80_20,0.2,42,200,False,0.244931
378,5047,109,109,51,0.255,False,0.255,random_forest,v1_handcrafted_28,28,stratified_80_20,0.2,42,200,False,0.244931
379,2206,51,51,92,0.355,False,0.355,random_forest,v1_handcrafted_28,28,stratified_80_20,0.2,42,200,False,0.244931
380,698,87,87,51,0.255,False,0.255,random_forest,v1_handcrafted_28,28,stratified_80_20,0.2,42,200,False,0.244931
381,5928,92,92,92,0.345,True,0.345,random_forest,v1_handcrafted_28,28,stratified_80_20,0.2,42,200,False,0.244931
382,2539,109,109,51,0.315,False,0.315,random_forest,v1_handcrafted_28,28,stratified_80_20,0.2,42,200,False,0.244931
383,2034,92,92,92,0.29,True,0.29,random_forest,v1_handcrafted_28,28,stratified_80_20,0.2,42,200,False,0.244931
384,2880,85,85,92,0.32,False,0.32,random_forest,v1_handcrafted_28,28,stratified_80_20,0.2,42,200,False,0.244931
385,4147,92,92,109,0.3,False,0.3,random_forest,v1_handcrafted_28,28,stratified_80_20,0.2,42,200,False,0.244931
386,5972,51,51,85,0.395,False,0.395,random_forest,v1_handcrafted_28,28,stratified_80_20,0.2,42,200,False,0.244931
387,33,85,85,87,0.32,False,0.32,random_forest,v1_handcrafted_28,28,stratified_80_20,0.2,42,200,False,0.244931
388,2755,85,85,109,0.26,False,0.26,random_forest,v1_handcrafted_28,28,stratified_80_20,0.2,42,200,False,0.244931
389,5510,87,87,92,0.255,False,0.255,random_forest,v1_handcrafted_28,28,stratified_80_20,0.2,42,200,False,0.244931
390,1806,87,87,51,0.325,False,0.325,random_forest,v1_handcrafted_28,28,stratified_80_20,0.2,42,200,False,0.244931
391,1227,109,109,51,0.27,False,0.27,random_forest,v1_handcrafted_28,28,stratified_80_20,0.2,42,200,False,0.244931
392,4392,85,85,87,0.37,False,0.37,random_forest,v1_handcrafted_28,28,stratified_80_20,0.2,42,200,False,0.244931
393,670,87,87,109,0.345,False,0.345,random_forest,v1_handcrafted_28,28,stratified_80_20,0.2,42,200,False,0.244931
394,2065,92,92,85,0.255,False,0.255,random_forest,v1_handcrafted_28,28,stratified_80_20,0.2,42,200,False,0.244931
395,1523,85,85,92,0.27,False,0.27,random_forest,v1_handcrafted_28,28,stratified_80_20,0.2,42,200,False,0.244931
396,875,92,92,85,0.365,False,0.365,random_forest,v1_handcrafted_28,28,stratified_80_20,0.2,42,200,False,0.244931
397,5848,92,92,92,0.24,True,0.24,random_forest,v1_handcrafted_28,28,stratified_80_20,0.2,42,200,False,0.244931
398,4047,92,92,51,0.265,False,0.265,random_forest,v1_handcrafted_28,28,stratified_80_20,0.2,42,200,False,0.244931
399,4089,85,85,92,0.3,False,0.3,random_forest,v1_handcrafted_28,28,stratified_80_20,0.2,42,200,False,0.244931
400,1328,109,109,92,0.285,False,0.285,random_forest,v1_handcrafted_28,28,stratified_80_20,0.2,42,200,False,0.244931
401,2087,92,92,51,0.27,False,0.27,random_forest,v1_handcrafted_28,28,stratified_80_20,0.2,42,200,False,0.244931
402,5546,87,87,87,0.335,True,0.335,random_forest,v1_handcrafted_28,28,stratified_80_20,0.2,42,200,False,0.244931
403,724,87,87,85,0.255,False,0.255,random_forest,v1_handcrafted_28,28,stratified_80_20,0.2,42,200,False,0.244931
404,506,85,85,92,0.34,False,0.34,random_forest,v1_handcrafted_28,28,stratified_80_20,0.2,42,200,False,0.244931
405,5319,85,85,85,0.275,True,0.275,random_forest,v1_handcrafted_28,28,stratified_80_20,0.2,42,200,False,0.244931
406,4894,51,51,87,0.38,False,0.38,random_forest,v1_handcrafted_28,28,stratified_80_20,0.2,42,200,False,0.244931
407,5038,109,109,109,0.29,True,0.29,random_forest,v1_handcrafted_28,28,stratified_80_20,0.2,42,200,False,0.244931
408,744,87,87,87,0.37,True,0.37,random_forest,v1_handcrafted_28,28,stratified_80_20,0.2,42,200,False,0.244931
409,4604,87,87,109,0.275,False,0.275,random_forest,v1_handcrafted_28,28,stratified_80_20,0.2,42,200,False,0.244931
410,1277,109,109,109,0.36,True,0.36,random_forest,v1_handcrafted_28,28,stratified_80_20,0.2,42,200,False,0.244931
411,3543,51,51,109,0.31,False,0.31,random_forest,v1_handcrafted_28,28,stratified_80_20,0.2,42,200,False,0.244931
412,916,92,92,87,0.285,False,0.285,random_forest,v1_handcrafted_28,28,stratified_80_20,0.2,42,200,False,0.244931
413,4799,51,51,87,0.255,False,0.255,random_forest,v1_handcrafted_28,28,stratified_80_20,0.2,42,200,False,0.244931
414,3188,92,92,87,0.26,False,0.26,random_forest,v1_handcrafted_28,28,stratified_80_20,0.2,42,200,False,0.244931
415,4952,51,51,51,0.225,True,0.225,random_forest,v1_handcrafted_28,28,stratified_80_20,0.2,42,200,False,0.244931
416,167,92,92,87,0.305,False,0.305,random_forest,v1_handcrafted_28,28,stratified_80_20,0.2,42,200,False,0.244931
417,4071,51,51,85,0.255,False,0.255,random_forest,v1_handcrafted_28,28,stratified_80_20,0.2,42,200,False,0.244931
418,1567,85,85,109,0.36,False,0.36,random_forest,v1_handcrafted_28,28,stratified_80_20,0.2,42,200,False,0.244931
419,2998,87,87,87,0.3,True,0.3,random_forest,v1_handcrafted_28,28,stratified_80_20,0.2,42,200,False,0.244931
420,229,51,51,109,0.325,False,0.325,random_forest,v1_handcrafted_28,28,stratified_80_20,0.2,42,200,False,0.244931
421,3256,92,92,109,0.32,False,0.32,random_forest,v1_handcrafted_28,28,stratified_80_20,0.2,42,200,False,0.244931
422,495,85,85,51,0.255,False,0.255,random_forest,v1_handcrafted_28,28,stratified_80_20,0.2,42,200,False,0.244931
423,4020,92,92,92,0.26,True,0.26,random_forest,v1_handcrafted_28,28,stratified_80_20,0.2,42,200,False,0.244931
424,1194,51,51,51,0.24,True,0.24,random_forest,v1_handcrafted_28,28,stratified_80_20,0.2,42,200,False,0.244931
425,3606,51,51,51,0.335,True,0.335,random_forest,v1_handcrafted_28,28,stratified_80_20,0.2,42,200,False,0.244931
426,1121,51,51,85,0.26,False,0.26,random_forest,v1_handcrafted_28,28,stratified_80_20,0.2,42,200,False,0.244931
427,3467,51,51,51,0.5,True,0.5,random_forest,v1_handcrafted_28,28,stratified_80_20,0.2,42,200,False,0.244931
428,3537,51,51,92,0.295,False,0.295,random_forest,v1_handcrafted_28,28,stratified_80_20,0.2,42,200,False,0.244931
429,2954,87,87,85,0.295,False,0.295,random_forest,v1_handcrafted_28,28,stratified_80_20,0.2,42,200,False,0.244931
430,2980,87,87,87,0.33,True,0.33,random_forest,v1_handcrafted_28,28,stratified_80_20,0.2,42,200,False,0.244931
431,1452,109,109,87,0.3,False,0.3,random_forest,v1_handcrafted_28,28,stratified_80_20,0.2,42,200,False,0.244931
432,296,109,109,85,0.285,False,0.285,random_forest,v1_handcrafted_28,28,stratified_80_20,0.2,42,200,False,0.244931
433,2837,85,85,51,0.25,False,0.25,random_forest,v1_handcrafted_28,28,stratified_80_20,0.2,42,200,False,0.244931
434,120,92,92,51,0.27,False,0.27,random_forest,v1_handcrafted_28,28,stratified_80_20,0.2,42,200,False,0.244931
435,5524,87,87,85,0.225,False,0.225,random_forest,v1_handcrafted_28,28,stratified_80_20,0.2,42,200,False,0.244931
436,4498,87,87,85,0.37,False,0.37,random_forest,v1_handcrafted_28,28,stratified_80_20,0.2,42,200,False,0.244931
437,3189,92,92,87,0.34,False,0.34,random_forest,v1_handcrafted_28,28,stratified_80_20,0.2,42,200,False,0.244931
438,4950,51,51,87,0.25,False,0.25,random_forest,v1_handcrafted_28,28,stratified_80_20,0.2,42,200,False,0.244931
439,3460,51,51,51,0.23,True,0.23,random_forest,v1_handcrafted_28,28,stratified_80_20,0.2,42,200,False,0.244931
440,3473,51,51,85,0.265,False,0.265,random_forest,v1_handcrafted_28,28,stratified_80_20,0.2,42,200,False,0.244931
441,3051,87,87,109,0.27,False,0.27,random_forest,v1_handcrafted_28,28,stratified_80_20,0.2,42,200,False,0.244931
442,1132,51,51,85,0.28,False,0.28,random_forest,v1_handcrafted_28,28,stratified_80_20,0.2,42,200,False,0.244931
443,4299,109,109,92,0.255,False,0.255,random_forest,v1_handcrafted_28,28,stratified_80_20,0.2,42,200,False,0.244931
444,801,87,87,85,0.24,False,0.24,random_forest,v1_handcrafted_28,28,stratified_80_20,0.2,42,200,False,0.244931
445,1216,109,109,92,0.3,False,0.3,random_forest,v1_handcrafted_28,28,stratified_80_20,0.2,42,200,False,0.244931
446,5616,87,87,85,0.56,False,0.56,random_forest,v1_handcrafted_28,28,stratified_80_20,0.2,42,200,False,0.244931
447,1985,92,92,109,0.26,False,0.26,random_forest,v1_handcrafted_28,28,stratified_80_20,0.2,42,200,False,0.244931
448,2198,51,51,92,0.385,False,0.385,random_forest,v1_handcrafted_28,28,stratified_80_20,0.2,42,200,False,0.244931
449,4182,51,51,92,0.34,False,0.34,random_forest,v1_handcrafted_28,28,stratified_80_20,0.2,42,200,False,0.244931
450,2219,51,51,51,0.26,True,0.26,random_forest,v1_handcrafted_28,28,stratified_80_20,0.2,42,200,False,0.244931
451,4510,87,87,87,0.27,True,0.27,random_forest,v1_handcrafted_28,28,stratified_80_20,0.2,42,200,False,0.244931
452,5997,92,92,109,0.25,False,0.25,random_forest,v1_handcrafted_28,28,stratified_80_20,0.2,42,200,False,0.244931
453,5796,92,92,85,0.325,False,0.325,random_forest,v1_handcrafted_28,28,stratified_80_20,0.2,42,200,False,0.244931
454,2458,109,109,87,0.32,False,0.32,random_forest,v1_handcrafted_28,28,stratified_80_20,0.2,42,200,False,0.244931
455,2541,109,109,109,0.35,True,0.35,random_forest,v1_handcrafted_28,28,stratified_80_20,0.2,42,200,False,0.244931
456,638,87,87,92,0.265,False,0.265,random_forest,v1_handcrafted_28,28,stratified_80_20,0.2,42,200,False,0.244931
457,1033,92,92,85,0.335,False,0.335,random_forest,v1_handcrafted_28,28,stratified_80_20,0.2,42,200,False,0.244931
458,2585,109,109,51,0.25,False,0.25,random_forest,v1_handcrafted_28,28,stratified_80_20,0.2,42,200,False,0.244931
459,1625,85,85,85,0.41,True,0.41,random_forest,v1_handcrafted_28,28,stratified_80_20,0.2,42,200,False,0.244931
460,783,87,87,85,0.265,False,0.265,random_forest,v1_handcrafted_28,28,stratified_80_20,0.2,42,200,False,0.244931
461,4917,51,51,51,0.285,True,0.285,random_forest,v1_handcrafted_28,28,stratified_80_20,0.2,42,200,False,0.244931
462,3496,51,51,51,0.28,True,0.28,random_forest,v1_handcrafted_28,28,stratified_80_20,0.2,42,200,False,0.244931
463,3266,92,92,109,0.22,False,0.22,random_forest,v1_handcrafted_28,28,stratified_80_20,0.2,42,200,False,0.244931
464,3679,109,109,51,0.28,False,0.28,random_forest,v1_handcrafted_28,28,stratified_80_20,0.2,42,200,False,0.244931
465,5430,87,87,92,0.27,False,0.27,random_forest,v1_handcrafted_28,28,stratified_80_20,0.2,42,200,False,0.244931
466,3605,51,51,85,0.335,False,0.335,random_forest,v1_handcrafted_28,28,stratified_80_20,0.2,42,200,False,0.244931
467,2022,92,92,51,0.315,False,0.315,random_forest,v1_handcrafted_28,28,stratified_80_20,0.2,42,200,False,0.244931
468,3408,92,92,51,0.305,False,0.305,random_forest,v1_handcrafted_28,28,stratified_80_20,0.2,42,200,False,0.244931
469,184,51,51,109,0.26,False,0.26,random_forest,v1_handcrafted_28,28,stratified_80_20,0.2,42,200,False,0.244931
470,5051,109,109,87,0.275,False,0.275,random_forest,v1_handcrafted_28,28,stratified_80_20,0.2,42,200,False,0.244931
471,3528,51,51,85,0.33,False,0.33,random_forest,v1_handcrafted_28,28,stratified_80_20,0.2,42,200,False,0.244931
472,4218,51,51,85,0.29,False,0.29,random_forest,v1_handcrafted_28,28,stratified_80_20,0.2,42,200,False,0.244931
473,633,85,85,87,0.29,False,0.29,random_forest,v1_handcrafted_28,28,stratified_80_20,0.2,42,200,False,0.244931
474,1976,92,92,92,0.22,True,0.22,random_forest,v1_handcrafted_28,28,stratified_80_20,0.2,42,200,False,0.244931
475,1443,85,85,87,0.265,False,0.265,random_forest,v1_handcrafted_28,28,stratified_80_20,0.2,42,200,False,0.244931
476,3594,51,51,109,0.305,False,0.305,random_forest,v1_handcrafted_28,28,stratified_80_20,0.2,42,200,False,0.244931
477,345,109,109,92,0.31,False,0.31,random_forest,v1_handcrafted_28,28,stratified_80_20,0.2,42,200,False,0.244931
478,41,85,85,92,0.29,False,0.29,random_forest,v1_handcrafted_28,28,stratified_80_20,0.2,42,200,False,0.244931
479,4024,92,92,109,0.235,False,0.235,random_forest,v1_handcrafted_28,28,stratified_80_20,0.2,42,200,False,0.244931
480,2278,109,109,51,0.22,False,0.22,random_forest,v1_handcrafted_28,28,stratified_80_20,0.2,42,200,False,0.244931
481,40,85,85,92,0.245,False,0.245,random_forest,v1_handcrafted_28,28,stratified_80_20,0.2,42,200,False,0.244931
482,3168,92,92,87,0.33,False,0.33,random_forest,v1_handcrafted_28,28,stratified_80_20,0.2,42,200,False,0.244931
483,4189,51,51,85,0.315,False,0.315,random_forest,v1_handcrafted_28,28,stratified_80_20,0.2,42,200,False,0.244931
484,4612,87,87,109,0.28,False,0.28,random_forest,v1_handcrafted_28,28,stratified_80_20,0.2,42,200,False,0.244931
485,3935,87,87,87,0.3,True,0.3,random_forest,v1_handcrafted_28,28,stratified_80_20,0.2,42,200,False,0.244931
486,5354,85,85,51,0.265,False,0.265,random_forest,v1_handcrafted_28,28,stratified_80_20,0.2,42,200,False,0.244931
487,4858,51,51,109,0.335,False,0.335,random_forest,v1_handcrafted_28,28,stratified_80_20,0.2,42,200,False,0.244931
488,5006,109,109,51,0.305,False,0.305,random_forest,v1_handcrafted_28,28,stratified_80_20,0.2,42,200,False,0.244931
489,3187,92,92,85,0.29,False,0.29,random_forest,v1_handcrafted_28,28,stratified_80_20,0.2,42,200,False,0.244931
490,5815,92,92,92,0.27,True,0.27,random_forest,v1_handcrafted_28,28,stratified_80_20,0.2,42,200,False,0.244931
491,780,87,87,87,0.27,True,0.27,random_forest,v1_handcrafted_28,28,stratified_80_20,0.2,42,200,False,0.244931
492,4603,87,87,85,0.295,False,0.295,random_forest,v1_handcrafted_28,28,stratified_80_20,0.2,42,200,False,0.244931
493,5861,92,92,109,0.33,False,0.33,random_forest,v1_handcrafted_28,28,stratified_80_20,0.2,42,200,False,0.244931
494,6034,51,51,92,0.28,False,0.28,random_forest,v1_handcrafted_28,28,stratified_80_20,0.2,42,200,False,0.244931
495,1707,87,87,51,0.325,False,0.325,random_forest,v1_handcrafted_28,28,stratified_80_20,0.2,42,200,False,0.244931
496,2670,85,85,85,0.4,True,0.4,random_forest,v1_handcrafted_28,28,stratified_80_20,0.2,42,200,False,0.244931
497,5314,85,85,92,0.28,False,0.28,random_forest,v1_handcrafted_28,28,stratified_80_20,0.2,42,200,False,0.244931
498,1798,87,87,87,0.35,True,0.35,random_forest,v1_handcrafted_28,28,stratified_80_20,0.2,42,200,False,0.244931
499,2958,87,87,85,0.38,False,0.38,random_forest,v1_handcrafted_28,28,stratified_80_20,0.2,42,200,False,0.244931
500,5446,85,85,85,0.285,True,0.285,random_forest,v1_handcrafted_28,28,stratified_80_20,0.2,42,200,False,0.244931
501,1036,51,51,87,0.27,False,0.27,random_forest,v1_handcrafted_28,28,stratified_80_20,0.2,42,200,False,0.244931
502,799,87,87,85,0.275,False,0.275,random_forest,v1_handcrafted_28,28,stratified_80_20,0.2,42,200,False,0.244931
503,2136,51,51,87,0.26,False,0.26,random_forest,v1_handcrafted_28,28,stratified_80_20,0.2,42,200,False,0.244931
504,2358,51,51,51,0.24,True,0.24,random_forest,v1_handcrafted_28,28,stratified_80_20,0.2,42,200,False,0.244931
505,2951,87,87,85,0.3,False,0.3,random_forest,v1_handcrafted_28,28,stratified_80_20,0.2,42,200,False,0.244931
506,4296,109,109,87,0.255,False,0.255,random_forest,v1_handcrafted_28,28,stratified_80_20,0.2,42,200,False,0.244931
507,3278,92,92,109,0.275,False,0.275,random_forest,v1_handcrafted_28,28,stratified_80_20,0.2,42,200,False,0.244931
508,5138,109,109,109,0.27,True,0.27,random_forest,v1_handcrafted_28,28,stratified_80_20,0.2,42,200,False,0.244931
509,105,87,87,87,0.29,True,0.29,random_forest,v1_handcrafted_28,28,stratified_80_20,0.2,42,200,False,0.244931
510,5279,85,85,85,0.245,True,0.245,random_forest,v1_handcrafted_28,28,stratified_80_20,0.2,42,200,False,0.244931
511,2345,51,51,51,0.445,True,0.445,random_forest,v1_handcrafted_28,28,stratified_80_20,0.2,42,200,False,0.244931
512,3452,51,51,87,0.235,False,0.235,random_forest,v1_handcrafted_28,28,stratified_80_20,0.2,42,200,False,0.244931
513,2349,51,51,85,0.31,False,0.31,random_forest,v1_handcrafted_28,28,stratified_80_20,0.2,42,200,False,0.244931
514,4031,92,92,92,0.275,True,0.275,random_forest,v1_handcrafted_28,28,stratified_80_20,0.2,42,200,False,0.244931
515,2265,109,109,85,0.36,False,0.36,random_forest,v1_handcrafted_28,28,stratified_80_20,0.2,42,200,False,0.244931
516,1681,87,87,85,0.365,False,0.365,random_forest,v1_handcrafted_28,28,stratified_80_20,0.2,42,200,False,0.244931
517,5561,87,87,92,0.26,False,0.26,random_forest,v1_handcrafted_28,28,stratified_80_20,0.2,42,200,False,0.244931
518,3506,51,51,85,0.245,False,0.245,random_forest,v1_handcrafted_28,28,stratified_80_20,0.2,42,200,False,0.244931
519,1994,92,92,85,0.25,False,0.25,random_forest,v1_handcrafted_28,28,stratified_80_20,0.2,42,200,False,0.244931
520,2613,85,85,92,0.425,False,0.425,random_forest,v1_handcrafted_28,28,stratified_80_20,0.2,42,200,False,0.244931
521,325,109,109,109,0.3,True,0.3,random_forest,v1_handcrafted_28,28,stratified_80_20,0.2,42,200,False,0.244931
522,5662,87,87,92,0.275,False,0.275,random_forest,v1_handcrafted_28,28,stratified_80_20,0.2,42,200,False,0.244931
523,216,51,51,109,0.415,False,0.415,random_forest,v1_handcrafted_28,28,stratified_80_20,0.2,42,200,False,0.244931
524,2851,85,85,92,0.42,False,0.42,random_forest,v1_handcrafted_28,28,stratified_80_20,0.2,42,200,False,0.244931
525,6044,51,51,92,0.305,False,0.305,random_forest,v1_handcrafted_28,28,stratified_80_20,0.2,42,200,False,0.244931
526,2492,109,109,109,0.25,True,0.25,random_forest,v1_handcrafted_28,28,stratified_80_20,0.2,42,200,False,0.244931
527,2423,109,109,109,0.235,True,0.235,random_forest,v1_handcrafted_28,28,stratified_80_20,0.2,42,200,False,0.244931
528,3700,109,109,92,0.305,False,0.305,random_forest,v1_handcrafted_28,28,stratified_80_20,0.2,42,200,False,0.244931
529,2850,85,85,109,0.25,False,0.25,random_forest,v1_handcrafted_28,28,stratified_80_20,0.2,42,200,False,0.244931
530,5055,109,109,92,0.315,False,0.315,random_forest,v1_handcrafted_28,28,stratified_80_20,0.2,42,200,False,0.244931
531,932,92,92,85,0.31,False,0.31,random_forest,v1_handcrafted_28,28,stratified_80_20,0.2,42,200,False,0.244931
532,5398,85,85,85,0.3,True,0.3,random_forest,v1_handcrafted_28,28,stratified_80_20,0.2,42,200,False,0.244931
533,4251,109,109,85,0.285,False,0.285,random_forest,v1_handcrafted_28,28,stratified_80_20,0.2,42,200,False,0.244931
534,2113,51,51,51,0.36,True,0.36,random_forest,v1_handcrafted_28,28,stratified_80_20,0.2,42,200,False,0.244931
535,4828,92,92,85,0.31,False,0.31,random_forest,v1_handcrafted_28,28,stratified_80_20,0.2,42,200,False,0.244931
536,5438,87,87,87,0.245,True,0.245,random_forest,v1_handcrafted_28,28,stratified_80_20,0.2,42,200,False,0.244931
537,3163,92,92,51,0.33,False,0.33,random_forest,v1_handcrafted_28,28,stratified_80_20,0.2,42,200,False,0.244931
538,3504,51,51,109,0.285,False,0.285,random_forest,v1_handcrafted_28,28,stratified_80_20,0.2,42,200,False,0.244931
539,474,85,85,85,0.43,True,0.43,random_forest,v1_handcrafted_28,28,stratified_80_20,0.2,42,200,False,0.244931
540,5005,109,109,85,0.235,False,0.235,random_forest,v1_handcrafted_28,28,stratified_80_20,0.2,42,200,False,0.244931
541,4000,87,87,109,0.235,False,0.235,random_forest,v1_handcrafted_28,28,stratified_80_20,0.2,42,200,False,0.244931
542,4895,51,51,87,0.235,False,0.235,random_forest,v1_handcrafted_28,28,stratified_80_20,0.2,42,200,False,0.244931
543,1148,51,51,51,0.295,True,0.295,random_forest,v1_handcrafted_28,28,stratified_80_20,0.2,42,200,False,0.244931
544,3850,85,85,51,0.26,False,0.26,random_forest,v1_handcrafted_28,28,stratified_80_20,0.2,42,200,False,0.244931
545,5956,92,92,85,0.26,False,0.26,random_forest,v1_handcrafted_28,28,stratified_80_20,0.2,42,200,False,0.244931
546,2392,109,109,109,0.275,True,0.275,random_forest,v1_handcrafted_28,28,stratified_80_20,0.2,42,200,False,0.244931
547,5954,92,92,85,0.33,False,0.33,random_forest,v1_handcrafted_28,28,stratified_80_20,0.2,42,200,False,0.244931
548,5309,85,85,87,0.28,False,0.28,random_forest,v1_handcrafted_28,28,stratified_80_20,0.2,42,200,False,0.244931
549,2952,87,87,87,0.26,True,0.26,random_forest,v1_handcrafted_28,28,stratified_80_20,0.2,42,200,False,0.244931
550,4617,87,87,85,0.39,False,0.39,random_forest,v1_handcrafted_28,28,stratified_80_20,0.2,42,200,False,0.244931
551,5143,109,109,87,0.315,False,0.315,random_forest,v1_handcrafted_28,28,stratified_80_20,0.2,42,200,False,0.244931
552,2295,85,85,109,0.325,False,0.325,random_forest,v1_handcrafted_28,28,stratified_80_20,0.2,42,200,False,0.244931
553,722,87,87,92,0.28,False,0.28,random_forest,v1_handcrafted_28,28,stratified_80_20,0.2,42,200,False,0.244931
554,1052,51,51,85,0.4,False,0.4,random_forest,v1_handcrafted_28,28,stratified_80_20,0.2,42,200,False,0.244931
555,3864,85,85,109,0.315,False,0.315,random_forest,v1_handcrafted_28,28,stratified_80_20,0.2,42,200,False,0.244931
556,2018,92,92,109,0.275,False,0.275,random_forest,v1_handcrafted_28,28,stratified_80_20,0.2,42,200,False,0.244931
557,5299,85,85,92,0.265,False,0.265,random_forest,v1_handcrafted_28,28,stratified_80_20,0.2,42,200,False,0.244931
558,5976,92,92,92,0.29,True,0.29,random_forest,v1_handcrafted_28,28,stratified_80_20,0.2,42,200,False,0.244931
559,4579,87,87,92,0.255,False,0.255,random_forest,v1_handcrafted_28,28,stratified_80_20,0.2,42,200,False,0.244931
560,3595,51,51,51,0.245,True,0.245,random_forest,v1_handcrafted_28,28,stratified_80_20,0.2,42,200,False,0.244931
561,5087,109,109,85,0.365,False,0.365,random_forest,v1_handcrafted_28,28,stratified_80_20,0.2,42,200,False,0.244931
562,1645,85,85,85,0.255,True,0.255,random_forest,v1_handcrafted_28,28,stratified_80_20,0.2,42,200,False,0.244931
563,4391,85,85,92,0.245,False,0.245,random_forest,v1_handcrafted_28,28,stratified_80_20,0.2,42,200,False,0.244931
564,3013,87,87,85,0.32,False,0.32,random_forest,v1_handcrafted_28,28,stratified_80_20,0.2,42,200,False,0.244931
565,243,109,109,85,0.23,False,0.23,random_forest,v1_handcrafted_28,28,stratified_80_20,0.2,42,200,False,0.244931
566,2959,87,87,51,0.22,False,0.22,random_forest,v1_handcrafted_28,28,stratified_80_20,0.2,42,200,False,0.244931
567,5973,92,92,109,0.27,False,0.27,random_forest,v1_handcrafted_28,28,stratified_80_20,0.2,42,200,False,0.244931
568,5434,87,87,85,0.255,False,0.255,random_forest,v1_handcrafted_28,28,stratified_80_20,0.2,42,200,False,0.244931
569,913,92,92,51,0.265,False,0.265,random_forest,v1_handcrafted_28,28,stratified_80_20,0.2,42,200,False,0.244931
570,3083,92,92,87,0.305,False,0.305,random_forest,v1_handcrafted_28,28,stratified_80_20,0.2,42,200,False,0.244931
571,1259,109,109,87,0.28,False,0.28,random_forest,v1_handcrafted_28,28,stratified_80_20,0.2,42,200,False,0.244931
572,189,51,51,92,0.245,False,0.245,random_forest,v1_handcrafted_28,28,stratified_80_20,0.2,42,200,False,0.244931
573,3079,92,92,87,0.275,False,0.275,random_forest,v1_handcrafted_28,28,stratified_80_20,0.2,42,200,False,0.244931
574,4926,51,51,109,0.335,False,0.335,random_forest,v1_handcrafted_28,28,stratified_80_20,0.2,42,200,False,0.244931
575,4861,51,51,85,0.265,False,0.265,random_forest,v1_handcrafted_28,28,stratified_80_20,0.2,42,200,False,0.244931
576,5633,87,87,92,0.27,False,0.27,random_forest,v1_handcrafted_28,28,stratified_80_20,0.2,42,200,False,0.244931
577,5892,92,92,92,0.3,True,0.3,random_forest,v1_handcrafted_28,28,stratified_80_20,0.2,42,200,False,0.244931
578,4257,109,109,87,0.36,False,0.36,random_forest,v1_handcrafted_28,28,stratified_80_20,0.2,42,200,False,0.244931
579,2630,109,109,109,0.295,True,0.295,random_forest,v1_handcrafted_28,28,stratified_80_20,0.2,42,200,False,0.244931
580,5767,92,92,85,0.3,False,0.3,random_forest,v1_handcrafted_28,28,stratified_80_20,0.2,42,200,False,0.244931
581,1392,109,109,51,0.295,False,0.295,random_forest,v1_handcrafted_28,28,stratified_80_20,0.2,42,200,False,0.244931
582,5372,85,85,92,0.33,False,0.33,random_forest,v1_handcrafted_28,28,stratified_80_20,0.2,42,200,False,0.244931
583,5003,51,51,85,0.285,False,0.285,random_forest,v1_handcrafted_28,28,stratified_80_20,0.2,42,200,False,0.244931
584,3299,92,92,51,0.28,False,0.28,random_forest,v1_handcrafted_28,28,stratified_80_20,0.2,42,200,False,0.244931
585,5760,92,92,51,0.31,False,0.31,random_forest,v1_handcrafted_28,28,stratified_80_20,0.2,42,200,False,0.244931
586,4536,87,87,92,0.25,False,0.25,random_forest,v1_handcrafted_28,28,stratified_80_20,0.2,42,200,False,0.244931
587,5734,87,87,109,0.28,False,0.28,random_forest,v1_handcrafted_28,28,stratified_80_20,0.2,42,200,False,0.244931
588,5200,109,109,51,0.345,False,0.345,random_forest,v1_handcrafted_28,28,stratified_80_20,0.2,42,200,False,0.244931
589,2066,92,92,92,0.275,True,0.275,random_forest,v1_handcrafted_28,28,stratified_80_20,0.2,42,200,False,0.244931
590,5151,109,109,85,0.32,False,0.32,random_forest,v1_handcrafted_28,28,stratified_80_20,0.2,42,200,False,0.244931
591,4266,109,109,51,0.27,False,0.27,random_forest,v1_handcrafted_28,28,stratified_80_20,0.2,42,200,False,0.244931
592,723,87,87,87,0.32,True,0.32,random_forest,v1_handcrafted_28,28,stratified_80_20,0.2,42,200,False,0.244931
593,891,92,92,87,0.23,False,0.23,random_forest,v1_handcrafted_28,28,stratified_80_20,0.2,42,200,False,0.244931
594,3840,85,85,85,0.33,True,0.33,random_forest,v1_handcrafted_28,28,stratified_80_20,0.2,42,200,False,0.244931
595,4192,51,51,85,0.305,False,0.305,random_forest,v1_handcrafted_28,28,stratified_80_20,0.2,42,200,False,0.244931
596,1589,85,85,85,0.285,True,0.285,random_forest,v1_handcrafted_28,28,stratified_80_20,0.2,42,200,False,0.244931
597,3331,92,92,87,0.245,False,0.245,random_forest,v1_handcrafted_28,28,stratified_80_20,0.2,42,200,False,0.244931
598,5491,85,85,92,0.305,False,0.305,random_forest,v1_handcrafted_28,28,stratified_80_20,0.2,42,200,False,0.244931
599,2164,51,51,85,0.335,False,0.335,random_forest,v1_handcrafted_28,28,stratified_80_20,0.2,42,200,False,0.244931
600,871,92,92,109,0.355,False,0.355,random_forest,v1_handcrafted_28,28,stratified_80_20,0.2,42,200,False,0.244931
601,6151,51,51,92,0.27,False,0.27,random_forest,v1_handcrafted_28,28,stratified_80_20,0.2,42,200,False,0.244931
602,2388,109,109,85,0.245,False,0.245,random_forest,v1_handcrafted_28,28,stratified_80_20,0.2,42,200,False,0.244931
603,1796,87,87,109,0.295,False,0.295,random_forest,v1_handcrafted_28,28,stratified_80_20,0.2,42,200,False,0.244931
604,2543,109,109,92,0.335,False,0.335,random_forest,v1_handcrafted_28,28,stratified_80_20,0.2,42,200,False,0.244931
605,2109,51,51,87,0.395,False,0.395,random_forest,v1_handcrafted_28,28,stratified_80_20,0.2,42,200,False,0.244931
606,5215,109,109,85,0.3,False,0.3,random_forest,v1_handcrafted_28,28,stratified_80_20,0.2,42,200,False,0.244931
607,5644,87,87,51,0.225,False,0.225,random_forest,v1_handcrafted_28,28,stratified_80_20,0.2,42,200,False,0.244931
608,2499,109,109,92,0.255,False,0.255,random_forest,v1_handcrafted_28,28,stratified_80_20,0.2,42,200,False,0.244931
609,392,109,109,51,0.25,False,0.25,random_forest,v1_handcrafted_28,28,stratified_80_20,0.2,42,200,False,0.244931
610,4692,92,92,51,0.325,False,0.325,random_forest,v1_handcrafted_28,28,stratified_80_20,0.2,42,200,False,0.244931
611,46,85,85,85,0.335,True,0.335,random_forest,v1_handcrafted_28,28,stratified_80_20,0.2,42,200,False,0.244931
612,3387,92,92,109,0.35,False,0.35,random_forest,v1_handcrafted_28,28,stratified_80_20,0.2,42,200,False,0.244931
613,2847,85,85,85,0.255,True,0.255,random_forest,v1_handcrafted_28,28,stratified_80_20,0.2,42,200,False,0.244931
614,2010,92,92,92,0.24,True,0.24,random_forest,v1_handcrafted_28,28,stratified_80_20,0.2,42,200,False,0.244931
615,5967,51,51,92,0.3,False,0.3,random_forest,v1_handcrafted_28,28,stratified_80_20,0.2,42,200,False,0.244931
616,346,109,109,51,0.285,False,0.285,random_forest,v1_handcrafted_28,28,stratified_80_20,0.2,42,200,False,0.244931
617,4390,85,85,85,0.315,True,0.315,random_forest,v1_handcrafted_28,28,stratified_80_20,0.2,42,200,False,0.244931
618,5638,87,87,51,0.305,False,0.305,random_forest,v1_handcrafted_28,28,stratified_80_20,0.2,42,200,False,0.244931
619,4999,51,51,51,0.24,True,0.24,random_forest,v1_handcrafted_28,28,stratified_80_20,0.2,42,200,False,0.244931
620,5369,85,85,85,0.25,True,0.25,random_forest,v1_handcrafted_28,28,stratified_80_20,0.2,42,200,False,0.244931
621,1361,109,109,85,0.265,False,0.265,random_forest,v1_handcrafted_28,28,stratified_80_20,0.2,42,200,False,0.244931
622,3953,87,87,51,0.265,False,0.265,random_forest,v1_handcrafted_28,28,stratified_80_20,0.2,42,200,False,0.244931
623,5527,87,87,85,0.28,False,0.28,random_forest,v1_handcrafted_28,28,stratified_80_20,0.2,42,200,False,0.244931
624,2023,92,92,87,0.24,False,0.24,random_forest,v1_handcrafted_28,28,stratified_80_20,0.2,42,200,False,0.244931
625,3802,85,85,109,0.26,False,0.26,random_forest,v1_handcrafted_28,28,stratified_80_20,0.2,42,200,False,0.244931
626,1898,92,92,85,0.295,False,0.295,random_forest,v1_handcrafted_28,28,stratified_80_20,0.2,42,200,False,0.244931
627,4286,109,109,92,0.255,False,0.255,random_forest,v1_handcrafted_28,28,stratified_80_20,0.2,42,200,False,0.244931
628,5853,92,92,109,0.43,False,0.43,random_forest,v1_handcrafted_28,28,stratified_80_20,0.2,42,200,False,0.244931
629,3866,85,85,85,0.35,True,0.35,random_forest,v1_handcrafted_28,28,stratified_80_20,0.2,42,200,False,0.244931
630,3638,51,51,109,0.425,False,0.425,random_forest,v1_handcrafted_28,28,stratified_80_20,0.2,42,200,False,0.244931
631,3232,92,92,85,0.45,False,0.45,random_forest,v1_handcrafted_28,28,stratified_80_20,0.2,42,200,False,0.244931
632,873,92,92,109,0.295,False,0.295,random_forest,v1_handcrafted_28,28,stratified_80_20,0.2,42,200,False,0.244931
633,5238,85,85,109,0.24,False,0.24,random_forest,v1_handcrafted_28,28,stratified_80_20,0.2,42,200,False,0.244931
634,1942,92,92,85,0.335,False,0.335,random_forest,v1_handcrafted_28,28,stratified_80_20,0.2,42,200,False,0.244931
635,4044,92,92,87,0.285,False,0.285,random_forest,v1_handcrafted_28,28,stratified_80_20,0.2,42,200,False,0.244931
636,3287,92,92,109,0.28,False,0.28,random_forest,v1_handcrafted_28,28,stratified_80_20,0.2,42,200,False,0.244931
637,3073,92,92,92,0.265,True,0.265,random_forest,v1_handcrafted_28,28,stratified_80_20,0.2,42,200,False,0.244931
638,5844,92,92,87,0.38,False,0.38,random_forest,v1_handcrafted_28,28,stratified_80_20,0.2,42,200,False,0.244931
639,3220,92,92,87,0.275,False,0.275,random_forest,v1_handcrafted_28,28,stratified_80_20,0.2,42,200,False,0.244931
640,1830,87,87,87,0.265,True,0.265,random_forest,v1_handcrafted_28,28,stratified_80_20,0.2,42,200,False,0.244931
641,6105,51,51,109,0.315,False,0.315,random_forest,v1_handcrafted_28,28,stratified_80_20,0.2,42,200,False,0.244931
642,3706,109,109,85,0.26,False,0.26,random_forest,v1_handcrafted_28,28,stratified_80_20,0.2,42,200,False,0.244931
643,6093,51,51,85,0.27,False,0.27,random_forest,v1_handcrafted_28,28,stratified_80_20,0.2,42,200,False,0.244931
644,981,92,92,87,0.265,False,0.265,random_forest,v1_handcrafted_28,28,stratified_80_20,0.2,42,200,False,0.244931
645,3695,109,109,109,0.265,True,0.265,random_forest,v1_handcrafted_28,28,stratified_80_20,0.2,42,200,False,0.244931
646,3723,109,109,51,0.32,False,0.32,random_forest,v1_handcrafted_28,28,stratified_80_20,0.2,42,200,False,0.244931
647,4027,92,92,87,0.27,False,0.27,random_forest,v1_handcrafted_28,28,stratified_80_20,0.2,42,200,False,0.244931
648,516,85,85,85,0.285,True,0.285,random_forest,v1_handcrafted_28,28,stratified_80_20,0.2,42,200,False,0.244931
649,4207,51,51,85,0.33,False,0.33,random_forest,v1_handcrafted_28,28,stratified_80_20,0.2,42,200,False,0.244931
650,592,85,85,85,0.24,True,0.24,random_forest,v1_handcrafted_28,28,stratified_80_20,0.2,42,200,False,0.244931
651,3,85,85,51,0.325,False,0.325,random_forest,v1_handcrafted_28,28,stratified_80_20,0.2,42,200,False,0.244931
652,1872,87,87,92,0.275,False,0.275,random_forest,v1_handcrafted_28,28,stratified_80_20,0.2,42,200,False,0.244931
653,4839,92,92,92,0.31,True,0.31,random_forest,v1_handcrafted_28,28,stratified_80_20,0.2,42,200,False,0.244931
654,5239,109,109,87,0.225,False,0.225,random_forest,v1_handcrafted_28,28,stratified_80_20,0.2,42,200,False,0.244931
655,4585,92,92,92,0.24,True,0.24,random_forest,v1_handcrafted_28,28,stratified_80_20,0.2,42,200,False,0.244931
656,1592,85,85,92,0.39,False,0.39,random_forest,v1_handcrafted_28,28,stratified_80_20,0.2,42,200,False,0.244931
657,4285,109,109,87,0.255,False,0.255,random_forest,v1_handcrafted_28,28,stratified_80_20,0.2,42,200,False,0.244931
658,3786,109,109,92,0.315,False,0.315,random_forest,v1_handcrafted_28,28,stratified_80_20,0.2,42,200,False,0.244931
659,2421,109,109,51,0.275,False,0.275,random_forest,v1_handcrafted_28,28,stratified_80_20,0.2,42,200,False,0.244931
660,5226,85,85,51,0.355,False,0.355,random_forest,v1_handcrafted_28,28,stratified_80_20,0.2,42,200,False,0.244931
661,5836,92,92,85,0.26,False,0.26,random_forest,v1_handcrafted_28,28,stratified_80_20,0.2,42,200,False,0.244931
662,843,92,92,51,0.37,False,0.37,random_forest,v1_handcrafted_28,28,stratified_80_20,0.2,42,200,False,0.244931
663,1489,85,85,51,0.49,False,0.49,random_forest,v1_handcrafted_28,28,stratified_80_20,0.2,42,200,False,0.244931
664,355,85,85,51,0.285,False,0.285,random_forest,v1_handcrafted_28,28,stratified_80_20,0.2,42,200,False,0.244931
665,6137,51,51,51,0.365,True,0.365,random_forest,v1_handcrafted_28,28,stratified_80_20,0.2,42,200,False,0.244931
666,3249,92,92,92,0.285,True,0.285,random_forest,v1_handcrafted_28,28,stratified_80_20,0.2,42,200,False,0.244931
667,3737,109,109,92,0.365,False,0.365,random_forest,v1_handcrafted_28,28,stratified_80_20,0.2,42,200,False,0.244931
668,3208,92,92,109,0.31,False,0.31,random_forest,v1_handcrafted_28,28,stratified_80_20,0.2,42,200,False,0.244931
669,1421,109,109,109,0.235,True,0.235,random_forest,v1_handcrafted_28,28,stratified_80_20,0.2,42,200,False,0.244931
670,4361,85,85,51,0.235,False,0.235,random_forest,v1_handcrafted_28,28,stratified_80_20,0.2,42,200,False,0.244931
671,2442,109,109,51,0.265,False,0.265,random_forest,v1_handcrafted_28,28,stratified_80_20,0.2,42,200,False,0.244931
672,3852,85,85,109,0.29,False,0.29,random_forest,v1_handcrafted_28,28,stratified_80_20,0.2,42,200,False,0.244931
673,4083,51,51,85,0.29,False,0.29,random_forest,v1_handcrafted_28,28,stratified_80_20,0.2,42,200,False,0.244931
674,4562,87,87,92,0.28,False,0.28,random_forest,v1_handcrafted_28,28,stratified_80_20,0.2,42,200,False,0.244931
675,4378,85,85,87,0.235,False,0.235,random_forest,v1_handcrafted_28,28,stratified_80_20,0.2,42,200,False,0.244931
676,2719,85,85,85,0.27,True,0.27,random_forest,v1_handcrafted_28,28,stratified_80_20,0.2,42,200,False,0.244931
677,2730,85,85,87,0.26,False,0.26,random_forest,v1_handcrafted_28,28,stratified_80_20,0.2,42,200,False,0.244931
678,3765,109,109,92,0.31,False,0.31,random_forest,v1_handcrafted_28,28,stratified_80_20,0.2,42,200,False,0.244931
679,11,85,85,51,0.305,False,0.305,random_forest,v1_handcrafted_28,28,stratified_80_20,0.2,42,200,False,0.244931
680,2407,109,109,87,0.39,False,0.39,random_forest,v1_handcrafted_28,28,stratified_80_20,0.2,42,200,False,0.244931
681,3276,92,92,51,0.27,False,0.27,random_forest,v1_handcrafted_28,28,stratified_80_20,0.2,42,200,False,0.244931
682,1482,109,109,85,0.295,False,0.295,random_forest,v1_handcrafted_28,28,stratified_80_20,0.2,42,200,False,0.244931
683,2598,109,109,85,0.37,False,0.37,random_forest,v1_handcrafted_28,28,stratified_80_20,0.2,42,200,False,0.244931
684,212,51,51,92,0.27,False,0.27,random_forest,v1_handcrafted_28,28,stratified_80_20,0.2,42,200,False,0.244931
685,3037,92,92,87,0.27,False,0.27,random_forest,v1_handcrafted_28,28,stratified_80_20,0.2,42,200,False,0.244931
686,5812,92,92,51,0.265,False,0.265,random_forest,v1_handcrafted_28,28,stratified_80_20,0.2,42,200,False,0.244931
687,4273,109,109,87,0.275,False,0.275,random_forest,v1_handcrafted_28,28,stratified_80_20,0.2,42,200,False,0.244931
688,4488,85,85,92,0.255,False,0.255,random_forest,v1_handcrafted_28,28,stratified_80_20,0.2,42,200,False,0.244931
689,4584,87,87,92,0.255,False,0.255,random_forest,v1_handcrafted_28,28,stratified_80_20,0.2,42,200,False,0.244931
690,2867,85,85,87,0.33,False,0.33,random_forest,v1_handcrafted_28,28,stratified_80_20,0.2,42,200,False,0.244931
691,2283,109,109,87,0.275,False,0.275,random_forest,v1_handcrafted_28,28,stratified_80_20,0.2,42,200,False,0.244931
692,2681,109,109,92,0.255,False,0.255,random_forest,v1_handcrafted_28,28,stratified_80_20,0.2,42,200,False,0.244931
693,4243,109,109,92,0.225,False,0.225,random_forest,v1_handcrafted_28,28,stratified_80_20,0.2,42,200,False,0.244931
694,2352,51,51,51,0.475,True,0.475,random_forest,v1_handcrafted_28,28,stratified_80_20,0.2,42,200,False,0.244931
695,1635,85,85,87,0.325,False,0.325,random_forest,v1_handcrafted_28,28,stratified_80_20,0.2,42,200,False,0.244931
696,1164,51,51,109,0.265,False,0.265,random_forest,v1_handcrafted_28,28,stratified_80_20,0.2,42,200,False,0.244931
697,5092,109,109,92,0.31,False,0.31,random_forest,v1_handcrafted_28,28,stratified_80_20,0.2,42,200,False,0.244931
698,1926,92,92,51,0.23,False,0.23,random_forest,v1_handcrafted_28,28,stratified_80_20,0.2,42,200,False,0.244931
699,3104,92,92,92,0.435,True,0.435,random_forest,v1_handcrafted_28,28,stratified_80_20,0.2,42,200,False,0.244931
700,2501,109,109,85,0.41,False,0.41,random_forest,v1_handcrafted_28,28,stratified_80_20,0.2,42,200,False,0.244931
701,2370,51,51,92,0.255,False,0.255,random_forest,v1_handcrafted_28,28,stratified_80_20,0.2,42,200,False,0.244931
702,2537,109,109,109,0.305,True,0.305,random_forest,v1_handcrafted_28,28,stratified_80_20,0.2,42,200,False,0.244931
703,6061,51,51,85,0.24,False,0.24,random_forest,v1_handcrafted_28,28,stratified_80_20,0.2,42,200,False,0.244931
704,157,92,92,92,0.255,True,0.255,random_forest,v1_handcrafted_28,28,stratified_80_20,0.2,42,200,False,0.244931
705,2149,51,51,92,0.355,False,0.355,random_forest,v1_handcrafted_28,28,stratified_80_20,0.2,42,200,False,0.244931
706,1528,85,85,87,0.295,False,0.295,random_forest,v1_handcrafted_28,28,stratified_80_20,0.2,42,200,False,0.244931
707,4381,85,85,109,0.27,False,0.27,random_forest,v1_handcrafted_28,28,stratified_80_20,0.2,42,200,False,0.244931
708,5285,85,85,87,0.285,False,0.285,random_forest,v1_handcrafted_28,28,stratified_80_20,0.2,42,200,False,0.244931
709,3283,92,92,109,0.225,False,0.225,random_forest,v1_handcrafted_28,28,stratified_80_20,0.2,42,200,False,0.244931
710,4625,87,87,85,0.26,False,0.26,random_forest,v1_handcrafted_28,28,stratified_80_20,0.2,42,200,False,0.244931
711,1688,87,87,87,0.295,True,0.295,random_forest,v1_handcrafted_28,28,stratified_80_20,0.2,42,200,False,0.244931
712,1829,87,87,85,0.45,False,0.45,random_forest,v1_handcrafted_28,28,stratified_80_20,0.2,42,200,False,0.244931
713,5571,87,87,87,0.26,True,0.26,random_forest,v1_handcrafted_28,28,stratified_80_20,0.2,42,200,False,0.244931
714,2480,109,109,85,0.275,False,0.275,random_forest,v1_handcrafted_28,28,stratified_80_20,0.2,42,200,False,0.244931
715,2360,51,51,51,0.39,True,0.39,random_forest,v1_handcrafted_28,28,stratified_80_20,0.2,42,200,False,0.244931
716,54,85,85,92,0.325,False,0.325,random_forest,v1_handcrafted_28,28,stratified_80_20,0.2,42,200,False,0.244931
717,132,92,92,92,0.435,True,0.435,random_forest,v1_handcrafted_28,28,stratified_80_20,0.2,42,200,False,0.244931
718,650,87,87,85,0.29,False,0.29,random_forest,v1_handcrafted_28,28,stratified_80_20,0.2,42,200,False,0.244931
719,2947,87,87,51,0.29,False,0.29,random_forest,v1_handcrafted_28,28,stratified_80_20,0.2,42,200,False,0.244931
720,177,51,51,87,0.24,False,0.24,random_forest,v1_handcrafted_28,28,stratified_80_20,0.2,42,200,False,0.244931
721,2854,85,85,87,0.245,False,0.245,random_forest,v1_handcrafted_28,28,stratified_80_20,0.2,42,200,False,0.244931
722,4701,92,92,85,0.28,False,0.28,random_forest,v1_handcrafted_28,28,stratified_80_20,0.2,42,200,False,0.244931
723,3023,87,87,51,0.24,False,0.24,random_forest,v1_handcrafted_28,28,stratified_80_20,0.2,42,200,False,0.244931
724,6088,51,51,85,0.32,False,0.32,random_forest,v1_handcrafted_28,28,stratified_80_20,0.2,42,200,False,0.244931
725,491,85,85,92,0.305,False,0.305,random_forest,v1_handcrafted_28,28,stratified_80_20,0.2,42,200,False,0.244931
726,5272,85,85,109,0.27,False,0.27,random_forest,v1_handcrafted_28,28,stratified_80_20,0.2,42,200,False,0.244931
727,6031,51,51,51,0.24,True,0.24,random_forest,v1_handcrafted_28,28,stratified_80_20,0.2,42,200,False,0.244931
728,4493,87,87,109,0.29,False,0.29,random_forest,v1_handcrafted_28,28,stratified_80_20,0.2,42,200,False,0.244931
729,3269,92,92,109,0.29,False,0.29,random_forest,v1_handcrafted_28,28,stratified_80_20,0.2,42,200,False,0.244931
730,5355,85,85,87,0.275,False,0.275,random_forest,v1_handcrafted_28,28,stratified_80_20,0.2,42,200,False,0.244931
731,1133,51,51,87,0.4,False,0.4,random_forest,v1_handcrafted_28,28,stratified_80_20,0.2,42,200,False,0.244931
732,1983,92,92,109,0.265,False,0.265,random_forest,v1_handcrafted_28,28,stratified_80_20,0.2,42,200,False,0.244931
733,5872,92,92,87,0.285,False,0.285,random_forest,v1_handcrafted_28,28,stratified_80_20,0.2,42,200,False,0.244931
734,1178,51,51,87,0.54,False,0.54,random_forest,v1_handcrafted_28,28,stratified_80_20,0.2,42,200,False,0.244931
735,5979,92,92,92,0.235,True,0.235,random_forest,v1_handcrafted_28,28,stratified_80_20,0.2,42,200,False,0.244931
736,4366,85,85,87,0.275,False,0.275,random_forest,v1_handcrafted_28,28,stratified_80_20,0.2,42,200,False,0.244931
737,4706,92,92,85,0.345,False,0.345,random_forest,v1_handcrafted_28,28,stratified_80_20,0.2,42,200,False,0.244931
738,5074,109,109,109,0.365,True,0.365,random_forest,v1_handcrafted_28,28,stratified_80_20,0.2,42,200,False,0.244931
739,74,87,87,85,0.235,False,0.235,random_forest,v1_handcrafted_28,28,stratified_80_20,0.2,42,200,False,0.244931
740,4927,51,51,92,0.32,False,0.32,random_forest,v1_handcrafted_28,28,stratified_80_20,0.2,42,200,False,0.244931
741,5494,87,87,87,0.28,True,0.28,random_forest,v1_handcrafted_28,28,stratified_80_20,0.2,42,200,False,0.244931
742,2374,51,51,87,0.235,False,0.235,random_forest,v1_handcrafted_28,28,stratified_80_20,0.2,42,200,False,0.244931
743,122,92,92,85,0.285,False,0.285,random_forest,v1_handcrafted_28,28,stratified_80_20,0.2,42,200,False,0.244931
744,6017,51,51,85,0.32,False,0.32,random_forest,v1_handcrafted_28,28,stratified_80_20,0.2,42,200,False,0.244931
745,955,92,92,109,0.3,False,0.3,random_forest,v1_handcrafted_28,28,stratified_80_20,0.2,42,200,False,0.244931
746,5488,87,87,87,0.25,True,0.25,random_forest,v1_handcrafted_28,28,stratified_80_20,0.2,42,200,False,0.244931
747,419,109,109,85,0.25,False,0.25,random_forest,v1_handcrafted_28,28,stratified_80_20,0.2,42,200,False,0.244931
748,3743,109,109,87,0.28,False,0.28,random_forest,v1_handcrafted_28,28,stratified_80_20,0.2,42,200,False,0.244931
749,6133,51,51,87,0.28,False,0.28,random_forest,v1_handcrafted_28,28,stratified_80_20,0.2,42,200,False,0.244931
750,2553,109,109,51,0.27,False,0.27,random_forest,v1_handcrafted_28,28,stratified_80_20,0.2,42,200,False,0.244931
751,4262,109,109,109,0.385,True,0.385,random_forest,v1_handcrafted_28,28,stratified_80_20,0.2,42,200,False,0.244931
752,3184,92,92,109,0.325,False,0.325,random_forest,v1_handcrafted_28,28,stratified_80_20,0.2,42,200,False,0.244931
753,4347,109,109,92,0.315,False,0.315,random_forest,v1_handcrafted_28,28,stratified_80_20,0.2,42,200,False,0.244931
754,2426,109,109,109,0.285,True,0.285,random_forest,v1_handcrafted_28,28,stratified_80_20,0.2,42,200,False,0.244931
755,26,85,85,51,0.31,False,0.31,random_forest,v1_handcrafted_28,28,stratified_80_20,0.2,42,200,False,0.244931
756,1757,87,87,85,0.355,False,0.355,random_forest,v1_handcrafted_28,28,stratified_80_20,0.2,42,200,False,0.244931
757,2992,87,87,87,0.275,True,0.275,random_forest,v1_handcrafted_28,28,stratified_80_20,0.2,42,200,False,0.244931
758,1082,51,51,92,0.315,False,0.315,random_forest,v1_handcrafted_28,28,stratified_80_20,0.2,42,200,False,0.244931
759,1358,109,109,109,0.395,True,0.395,random_forest,v1_handcrafted_28,28,stratified_80_20,0.2,42,200,False,0.244931
760,2516,109,109,109,0.32,True,0.32,random_forest,v1_handcrafted_28,28,stratified_80_20,0.2,42,200,False,0.244931
761,6060,51,51,87,0.245,False,0.245,random_forest,v1_handcrafted_28,28,stratified_80_20,0.2,42,200,False,0.244931
762,4785,51,51,92,0.275,False,0.275,random_forest,v1_handcrafted_28,28,stratified_80_20,0.2,42,200,False,0.244931
763,3291,92,92,51,0.26,False,0.26,random_forest,v1_handcrafted_28,28,stratified_80_20,0.2,42,200,False,0.244931
764,2100,92,92,92,0.25,True,0.25,random_forest,v1_handcrafted_28,28,stratified_80_20,0.2,42,200,False,0.244931
765,6039,51,51,109,0.235,False,0.235,random_forest,v1_handcrafted_28,28,stratified_80_20,0.2,42,200,False,0.244931
766,1988,92,92,109,0.255,False,0.255,random_forest,v1_handcrafted_28,28,stratified_80_20,0.2,42,200,False,0.244931
767,4818,92,92,109,0.265,False,0.265,random_forest,v1_handcrafted_28,28,stratified_80_20,0.2,42,200,False,0.244931
768,4960,51,51,92,0.255,False,0.255,random_forest,v1_handcrafted_28,28,stratified_80_20,0.2,42,200,False,0.244931
769,3702,109,109,85,0.255,False,0.255,random_forest,v1_handcrafted_28,28,stratified_80_20,0.2,42,200,False,0.244931
770,4444,85,85,85,0.23,True,0.23,random_forest,v1_handcrafted_28,28,stratified_80_20,0.2,42,200,False,0.244931
771,6079,51,51,87,0.265,False,0.265,random_forest,v1_handcrafted_28,28,stratified_80_20,0.2,42,200,False,0.244931
772,5073,109,109,109,0.24,True,0.24,random_forest,v1_handcrafted_28,28,stratified_80_20,0.2,42,200,False,0.244931
773,4153,92,92,85,0.285,False,0.285,random_forest,v1_handcrafted_28,28,stratified_80_20,0.2,42,200,False,0.244931
774,797,87,87,85,0.275,False,0.275,random_forest,v1_handcrafted_28,28,stratified_80_20,0.2,42,200,False,0.244931
775,5940,51,51,85,0.275,False,0.275,random_forest,v1_handcrafted_28,28,stratified_80_20,0.2,42,200,False,0.244931
776,5455,87,87,87,0.3,True,0.3,random_forest,v1_handcrafted_28,28,stratified_80_20,0.2,42,200,False,0.244931
777,2581,109,109,87,0.34,False,0.34,random_forest,v1_handcrafted_28,28,stratified_80_20,0.2,42,200,False,0.244931
778,1928,87,87,92,0.36,False,0.36,random_forest,v1_handcrafted_28,28,stratified_80_20,0.2,42,200,False,0.244931
779,681,87,87,85,0.285,False,0.285,random_forest,v1_handcrafted_28,28,stratified_80_20,0.2,42,200,False,0.244931
780,710,87,87,85,0.26,False,0.26,random_forest,v1_handcrafted_28,28,stratified_80_20,0.2,42,200,False,0.244931
781,3538,51,51,87,0.305,False,0.305,random_forest,v1_handcrafted_28,28,stratified_80_20,0.2,42,200,False,0.244931
782,3582,51,51,51,0.275,True,0.275,random_forest,v1_handcrafted_28,28,stratified_80_20,0.2,42,200,False,0.244931
783,1008,92,92,85,0.345,False,0.345,random_forest,v1_handcrafted_28,28,stratified_80_20,0.2,42,200,False,0.244931
784,1139,51,51,51,0.32,True,0.32,random_forest,v1_handcrafted_28,28,stratified_80_20,0.2,42,200,False,0.244931
785,5931,92,92,85,0.39,False,0.39,random_forest,v1_handcrafted_28,28,stratified_80_20,0.2,42,200,False,0.244931
786,933,92,92,92,0.3,True,0.3,random_forest,v1_handcrafted_28,28,stratified_80_20,0.2,42,200,False,0.244931
787,93,87,87,85,0.225,False,0.225,random_forest,v1_handcrafted_28,28,stratified_80_20,0.2,42,200,False,0.244931
788,2646,109,109,51,0.295,False,0.295,random_forest,v1_handcrafted_28,28,stratified_80_20,0.2,42,200,False,0.244931
789,1886,87,87,109,0.255,False,0.255,random_forest,v1_handcrafted_28,28,stratified_80_20,0.2,42,200,False,0.244931
790,4245,109,109,109,0.235,True,0.235,random_forest,v1_handcrafted_28,28,stratified_80_20,0.2,42,200,False,0.244931
791,1565,85,85,87,0.325,False,0.325,random_forest,v1_handcrafted_28,28,stratified_80_20,0.2,42,200,False,0.244931
792,1010,92,92,85,0.33,False,0.33,random_forest,v1_handcrafted_28,28,stratified_80_20,0.2,42,200,False,0.244931
793,1173,51,51,87,0.26,False,0.26,random_forest,v1_handcrafted_28,28,stratified_80_20,0.2,42,200,False,0.244931
794,2873,85,85,87,0.345,False,0.345,random_forest,v1_handcrafted_28,28,stratified_80_20,0.2,42,200,False,0.244931
795,1779,87,87,85,0.275,False,0.275,random_forest,v1_handcrafted_28,28,stratified_80_20,0.2,42,200,False,0.244931
796,5538,87,87,85,0.345,False,0.345,random_forest,v1_handcrafted_28,28,stratified_80_20,0.2,42,200,False,0.244931
797,5790,92,92,51,0.25,False,0.25,random_forest,v1_handcrafted_28,28,stratified_80_20,0.2,42,200,False,0.244931
798,3273,92,92,51,0.33,False,0.33,random_forest,v1_handcrafted_28,28,stratified_80_20,0.2,42,200,False,0.244931
799,2321,87,87,109,0.305,False,0.305,random_forest,v1_handcrafted_28,28,stratified_80_20,0.2,42,200,False,0.244931
800,5719,87,87,85,0.34,False,0.34,random_forest,v1_handcrafted_28,28,stratified_80_20,0.2,42,200,False,0.244931
801,5179,85,85,109,0.39,False,0.39,random_forest,v1_handcrafted_28,28,stratified_80_20,0.2,42,200,False,0.244931
802,5883,92,92,85,0.49,False,0.49,random_forest,v1_handcrafted_28,28,stratified_80_20,0.2,42,200,False,0.244931
803,3045,87,87,109,0.25,False,0.25,random_forest,v1_handcrafted_28,28,stratified_80_20,0.2,42,200,False,0.244931
804,766,87,87,51,0.275,False,0.275,random_forest,v1_handcrafted_28,28,stratified_80_20,0.2,42,200,False,0.244931
805,4822,92,92,51,0.41,False,0.41,random_forest,v1_handcrafted_28,28,stratified_80_20,0.2,42,200,False,0.244931
806,1091,51,51,85,0.425,False,0.425,random_forest,v1_handcrafted_28,28,stratified_80_20,0.2,42,200,False,0.244931
807,3854,85,85,51,0.4,False,0.4,random_forest,v1_handcrafted_28,28,stratified_80_20,0.2,42,200,False,0.244931
808,5731,87,87,85,0.25,False,0.25,random_forest,v1_handcrafted_28,28,stratified_80_20,0.2,42,200,False,0.244931
809,2774,85,85,109,0.37,False,0.37,random_forest,v1_handcrafted_28,28,stratified_80_20,0.2,42,200,False,0.244931
810,3375,92,92,85,0.335,False,0.335,random_forest,v1_handcrafted_28,28,stratified_80_20,0.2,42,200,False,0.244931
811,2840,85,85,85,0.36,True,0.36,random_forest,v1_handcrafted_28,28,stratified_80_20,0.2,42,200,False,0.244931
812,1919,92,92,92,0.365,True,0.365,random_forest,v1_handcrafted_28,28,stratified_80_20,0.2,42,200,False,0.244931
813,1532,85,85,85,0.27,True,0.27,random_forest,v1_handcrafted_28,28,stratified_80_20,0.2,42,200,False,0.244931
814,3980,87,87,109,0.425,False,0.425,random_forest,v1_handcrafted_28,28,stratified_80_20,0.2,42,200,False,0.244931
815,3860,85,85,51,0.39,False,0.39,random_forest,v1_handcrafted_28,28,stratified_80_20,0.2,42,200,False,0.244931
816,4341,109,109,87,0.335,False,0.335,random_forest,v1_handcrafted_28,28,stratified_80_20,0.2,42,200,False,0.244931
817,2542,109,109,85,0.29,False,0.29,random_forest,v1_handcrafted_28,28,stratified_80_20,0.2,42,200,False,0.244931
818,246,109,109,109,0.35,True,0.35,random_forest,v1_handcrafted_28,28,stratified_80_20,0.2,42,200,False,0.244931
819,1253,109,109,51,0.355,False,0.355,random_forest,v1_handcrafted_28,28,stratified_80_20,0.2,42,200,False,0.244931
820,2577,109,109,109,0.35,True,0.35,random_forest,v1_handcrafted_28,28,stratified_80_20,0.2,42,200,False,0.244931
821,5887,92,92,87,0.32,False,0.32,random_forest,v1_handcrafted_28,28,stratified_80_20,0.2,42,200,False,0.244931
822,3297,92,92,85,0.26,False,0.26,random_forest,v1_handcrafted_28,28,stratified_80_20,0.2,42,200,False,0.244931
823,3165,92,92,109,0.275,False,0.275,random_forest,v1_handcrafted_28,28,stratified_80_20,0.2,42,200,False,0.244931
824,2994,87,87,51,0.275,False,0.275,random_forest,v1_handcrafted_28,28,stratified_80_20,0.2,42,200,False,0.244931
825,4270,109,109,51,0.33,False,0.33,random_forest,v1_handcrafted_28,28,stratified_80_20,0.2,42,200,False,0.244931
826,4244,109,109,109,0.305,True,0.305,random_forest,v1_handcrafted_28,28,stratified_80_20,0.2,42,200,False,0.244931
827,3579,51,51,109,0.25,False,0.25,random_forest,v1_handcrafted_28,28,stratified_80_20,0.2,42,200,False,0.244931
828,6101,51,51,51,0.22,True,0.22,random_forest,v1_handcrafted_28,28,stratified_80_20,0.2,42,200,False,0.244931
829,3625,51,51,85,0.295,False,0.295,random_forest,v1_handcrafted_28,28,stratified_80_20,0.2,42,200,False,0.244931
830,531,85,85,109,0.265,False,0.265,random_forest,v1_handcrafted_28,28,stratified_80_20,0.2,42,200,False,0.244931
831,2862,85,85,85,0.335,True,0.335,random_forest,v1_handcrafted_28,28,stratified_80_20,0.2,42,200,False,0.244931
832,6052,51,51,51,0.345,True,0.345,random_forest,v1_handcrafted_28,28,stratified_80_20,0.2,42,200,False,0.244931
833,994,51,51,87,0.24,False,0.24,random_forest,v1_handcrafted_28,28,stratified_80_20,0.2,42,200,False,0.244931
834,1834,87,87,85,0.3,False,0.3,random_forest,v1_handcrafted_28,28,stratified_80_20,0.2,42,200,False,0.244931
835,5941,51,51,85,0.365,False,0.365,random_forest,v1_handcrafted_28,28,stratified_80_20,0.2,42,200,False,0.244931
836,4878,51,51,92,0.26,False,0.26,random_forest,v1_handcrafted_28,28,stratified_80_20,0.2,42,200,False,0.244931
837,2658,109,109,92,0.285,False,0.285,random_forest,v1_handcrafted_28,28,stratified_80_20,0.2,42,200,False,0.244931
838,795,87,87,92,0.255,False,0.255,random_forest,v1_handcrafted_28,28,stratified_80_20,0.2,42,200,False,0.244931
839,686,87,87,51,0.29,False,0.29,random_forest,v1_handcrafted_28,28,stratified_80_20,0.2,42,200,False,0.244931
840,3653,109,109,87,0.31,False,0.31,random_forest,v1_handcrafted_28,28,stratified_80_20,0.2,42,200,False,0.244931
841,2833,85,85,92,0.305,False,0.305,random_forest,v1_handcrafted_28,28,stratified_80_20,0.2,42,200,False,0.244931
842,2558,109,109,92,0.355,False,0.355,random_forest,v1_handcrafted_28,28,stratified_80_20,0.2,42,200,False,0.244931
843,4232,51,51,51,0.235,True,0.235,random_forest,v1_handcrafted_28,28,stratified_80_20,0.2,42,200,False,0.244931
844,5575,87,87,51,0.26,False,0.26,random_forest,v1_handcrafted_28,28,stratified_80_20,0.2,42,200,False,0.244931
845,3054,87,87,87,0.29,True,0.29,random_forest,v1_handcrafted_28,28,stratified_80_20,0.2,42,200,False,0.244931
846,1992,92,92,109,0.43,False,0.43,random_forest,v1_handcrafted_28,28,stratified_80_20,0.2,42,200,False,0.244931
847,1065,92,92,85,0.23,False,0.23,random_forest,v1_handcrafted_28,28,stratified_80_20,0.2,42,200,False,0.244931
848,5242,85,85,92,0.27,False,0.27,random_forest,v1_handcrafted_28,28,stratified_80_20,0.2,42,200,False,0.244931
849,1060,51,51,87,0.29,False,0.29,random_forest,v1_handcrafted_28,28,stratified_80_20,0.2,42,200,False,0.244931
850,4753,92,92,92,0.225,True,0.225,random_forest,v1_handcrafted_28,28,stratified_80_20,0.2,42,200,False,0.244931
851,5089,109,109,109,0.35,True,0.35,random_forest,v1_handcrafted_28,28,stratified_80_20,0.2,42,200,False,0.244931
852,597,87,87,85,0.43,False,0.43,random_forest,v1_handcrafted_28,28,stratified_80_20,0.2,42,200,False,0.244931
853,5565,87,87,87,0.33,True,0.33,random_forest,v1_handcrafted_28,28,stratified_80_20,0.2,42,200,False,0.244931
854,931,51,51,51,0.26,True,0.26,random_forest,v1_handcrafted_28,28,stratified_80_20,0.2,42,200,False,0.244931
855,5298,85,85,85,0.25,True,0.25,random_forest,v1_handcrafted_28,28,stratified_80_20,0.2,42,200,False,0.244931
856,4970,51,51,92,0.29,False,0.29,random_forest,v1_handcrafted_28,28,stratified_80_20,0.2,42,200,False,0.244931
857,1636,85,85,51,0.245,False,0.245,random_forest,v1_handcrafted_28,28,stratified_80_20,0.2,42,200,False,0.244931
858,5059,109,109,109,0.375,True,0.375,random_forest,v1_handcrafted_28,28,stratified_80_20,0.2,42,200,False,0.244931
859,2934,87,87,92,0.25,False,0.25,random_forest,v1_handcrafted_28,28,stratified_80_20,0.2,42,200,False,0.244931
860,3221,92,92,87,0.26,False,0.26,random_forest,v1_handcrafted_28,28,stratified_80_20,0.2,42,200,False,0.244931
861,2769,85,85,51,0.28,False,0.28,random_forest,v1_handcrafted_28,28,stratified_80_20,0.2,42,200,False,0.244931
862,1208,51,51,87,0.255,False,0.255,random_forest,v1_handcrafted_28,28,stratified_80_20,0.2,42,200,False,0.244931
863,2953,87,87,87,0.315,True,0.315,random_forest,v1_handcrafted_28,28,stratified_80_20,0.2,42,200,False,0.244931
864,3848,85,85,92,0.395,False,0.395,random_forest,v1_handcrafted_28,28,stratified_80_20,0.2,42,200,False,0.244931
865,3983,87,87,85,0.305,False,0.305,random_forest,v1_handcrafted_28,28,stratified_80_20,0.2,42,200,False,0.244931
866,2477,109,109,85,0.285,False,0.285,random_forest,v1_handcrafted_28,28,stratified_80_20,0.2,42,200,False,0.244931
867,3228,92,92,109,0.295,False,0.295,random_forest,v1_handcrafted_28,28,stratified_80_20,0.2,42,200,False,0.244931
868,3214,92,92,85,0.28,False,0.28,random_forest,v1_handcrafted_28,28,stratified_80_20,0.2,42,200,False,0.244931
869,1234,109,109,109,0.25,True,0.25,random_forest,v1_handcrafted_28,28,stratified_80_20,0.2,42,200,False,0.244931
870,4204,51,51,109,0.26,False,0.26,random_forest,v1_handcrafted_28,28,stratified_80_20,0.2,42,200,False,0.244931
871,413,85,85,85,0.335,True,0.335,random_forest,v1_handcrafted_28,28,stratified_80_20,0.2,42,200,False,0.244931
872,458,85,85,85,0.345,True,0.345,random_forest,v1_handcrafted_28,28,stratified_80_20,0.2,42,200,False,0.244931
873,3370,51,51,92,0.435,False,0.435,random_forest,v1_handcrafted_28,28,stratified_80_20,0.2,42,200,False,0.244931
874,3887,85,85,87,0.28,False,0.28,random_forest,v1_handcrafted_28,28,stratified_80_20,0.2,42,200,False,0.244931
875,3621,51,51,109,0.275,False,0.275,random_forest,v1_handcrafted_28,28,stratified_80_20,0.2,42,200,False,0.244931
876,1764,87,87,109,0.285,False,0.285,random_forest,v1_handcrafted_28,28,stratified_80_20,0.2,42,200,False,0.244931
877,5380,85,85,92,0.25,False,0.25,random_forest,v1_handcrafted_28,28,stratified_80_20,0.2,42,200,False,0.244931
878,5865,92,92,51,0.26,False,0.26,random_forest,v1_handcrafted_28,28,stratified_80_20,0.2,42,200,False,0.244931
879,3519,51,51,51,0.265,True,0.265,random_forest,v1_handcrafted_28,28,stratified_80_20,0.2,42,200,False,0.244931
880,3069,87,87,51,0.27,False,0.27,random_forest,v1_handcrafted_28,28,stratified_80_20,0.2,42,200,False,0.244931
881,3401,92,92,87,0.315,False,0.315,random_forest,v1_handcrafted_28,28,stratified_80_20,0.2,42,200,False,0.244931
882,4780,92,92,85,0.29,False,0.29,random_forest,v1_handcrafted_28,28,stratified_80_20,0.2,42,200,False,0.244931
883,3950,87,87,92,0.245,False,0.245,random_forest,v1_handcrafted_28,28,stratified_80_20,0.2,42,200,False,0.244931
884,3782,109,109,51,0.28,False,0.28,random_forest,v1_handcrafted_28,28,stratified_80_20,0.2,42,200,False,0.244931
885,3398,51,51,92,0.245,False,0.245,random_forest,v1_handcrafted_28,28,stratified_80_20,0.2,42,200,False,0.244931
886,3717,109,109,85,0.335,False,0.335,random_forest,v1_handcrafted_28,28,stratified_80_20,0.2,42,200,False,0.244931
887,699,87,87,51,0.415,False,0.415,random_forest,v1_handcrafted_28,28,stratified_80_20,0.2,42,200,False,0.244931
888,4289,109,109,87,0.295,False,0.295,random_forest,v1_handcrafted_28,28,stratified_80_20,0.2,42,200,False,0.244931
889,1401,109,109,87,0.41,False,0.41,random_forest,v1_handcrafted_28,28,stratified_80_20,0.2,42,200,False,0.244931
890,4086,51,51,92,0.29,False,0.29,random_forest,v1_handcrafted_28,28,stratified_80_20,0.2,42,200,False,0.244931
891,1938,92,92,87,0.26,False,0.26,random_forest,v1_handcrafted_28,28,stratified_80_20,0.2,42,200,False,0.244931
892,4795,51,51,85,0.225,False,0.225,random_forest,v1_handcrafted_28,28,stratified_80_20,0.2,42,200,False,0.244931
893,3795,109,109,85,0.405,False,0.405,random_forest,v1_handcrafted_28,28,stratified_80_20,0.2,42,200,False,0.244931
894,3656,109,109,85,0.305,False,0.305,random_forest,v1_handcrafted_28,28,stratified_80_20,0.2,42,200,False,0.244931
895,2608,109,109,87,0.25,False,0.25,random_forest,v1_handcrafted_28,28,stratified_80_20,0.2,42,200,False,0.244931
896,1002,51,51,92,0.3,False,0.3,random_forest,v1_handcrafted_28,28,stratified_80_20,0.2,42,200,False,0.244931
897,4550,87,87,85,0.28,False,0.28,random_forest,v1_handcrafted_28,28,stratified_80_20,0.2,42,200,False,0.244931
898,5426,85,85,92,0.255,False,0.255,random_forest,v1_handcrafted_28,28,stratified_80_20,0.2,42,200,False,0.244931
899,3227,92,92,85,0.255,False,0.255,random_forest,v1_handcrafted_28,28,stratified_80_20,0.2,42,200,False,0.244931
900,3412,92,92,109,0.34,False,0.34,random_forest,v1_handcrafted_28,28,stratified_80_20,0.2,42,200,False,0.244931
901,5218,109,109,109,0.295,True,0.295,random_forest,v1_handcrafted_28,28,stratified_80_20,0.2,42,200,False,0.244931
902,5352,85,85,51,0.285,False,0.285,random_forest,v1_handcrafted_28,28,stratified_80_20,0.2,42,200,False,0.244931
903,5877,92,92,109,0.23,False,0.23,random_forest,v1_handcrafted_28,28,stratified_80_20,0.2,42,200,False,0.244931
904,1877,92,92,87,0.24,False,0.24,random_forest,v1_handcrafted_28,28,stratified_80_20,0.2,42,200,False,0.244931
905,3577,51,51,87,0.23,False,0.23,random_forest,v1_handcrafted_28,28,stratified_80_20,0.2,42,200,False,0.244931
906,351,109,109,92,0.24,False,0.24,random_forest,v1_handcrafted_28,28,stratified_80_20,0.2,42,200,False,0.244931
907,3131,92,92,92,0.335,True,0.335,random_forest,v1_handcrafted_28,28,stratified_80_20,0.2,42,200,False,0.244931
908,493,85,85,92,0.25,False,0.25,random_forest,v1_handcrafted_28,28,stratified_80_20,0.2,42,200,False,0.244931
909,2233,51,51,92,0.305,False,0.305,random_forest,v1_handcrafted_28,28,stratified_80_20,0.2,42,200,False,0.244931
910,2772,85,85,85,0.28,True,0.28,random_forest,v1_handcrafted_28,28,stratified_80_20,0.2,42,200,False,0.244931
911,5742,92,92,51,0.36,False,0.36,random_forest,v1_handcrafted_28,28,stratified_80_20,0.2,42,200,False,0.244931
912,4277,109,109,85,0.43,False,0.43,random_forest,v1_handcrafted_28,28,stratified_80_20,0.2,42,200,False,0.244931
913,2725,85,85,85,0.38,True,0.38,random_forest,v1_handcrafted_28,28,stratified_80_20,0.2,42,200,False,0.244931
914,1260,109,109,51,0.235,False,0.235,random_forest,v1_handcrafted_28,28,stratified_80_20,0.2,42,200,False,0.244931
915,1828,87,87,85,0.265,False,0.265,random_forest,v1_handcrafted_28,28,stratified_80_20,0.2,42,200,False,0.244931
916,3137,87,87,51,0.315,False,0.315,random_forest,v1_handcrafted_28,28,stratified_80_20,0.2,42,200,False,0.244931
917,5121,109,109,109,0.31,True,0.31,random_forest,v1_handcrafted_28,28,stratified_80_20,0.2,42,200,False,0.244931
918,5486,87,87,85,0.26,False,0.26,random_forest,v1_handcrafted_28,28,stratified_80_20,0.2,42,200,False,0.244931
919,1184,51,51,85,0.29,False,0.29,random_forest,v1_handcrafted_28,28,stratified_80_20,0.2,42,200,False,0.244931
920,3555,51,51,92,0.41,False,0.41,random_forest,v1_handcrafted_28,28,stratified_80_20,0.2,42,200,False,0.244931
921,2438,109,109,92,0.285,False,0.285,random_forest,v1_handcrafted_28,28,stratified_80_20,0.2,42,200,False,0.244931
922,1871,92,92,51,0.285,False,0.285,random_forest,v1_handcrafted_28,28,stratified_80_20,0.2,42,200,False,0.244931
923,1321,109,109,51,0.28,False,0.28,random_forest,v1_handcrafted_28,28,stratified_80_20,0.2,42,200,False,0.244931
924,440,85,85,109,0.275,False,0.275,random_forest,v1_handcrafted_28,28,stratified_80_20,0.2,42,200,False,0.244931
925,3005,87,87,109,0.285,False,0.285,random_forest,v1_handcrafted_28,28,stratified_80_20,0.2,42,200,False,0.244931
926,4382,85,85,109,0.255,False,0.255,random_forest,v1_handcrafted_28,28,stratified_80_20,0.2,42,200,False,0.244931
927,5757,87,87,92,0.29,False,0.29,random_forest,v1_handcrafted_28,28,stratified_80_20,0.2,42,200,False,0.244931
928,3991,87,87,92,0.23,False,0.23,random_forest,v1_handcrafted_28,28,stratified_80_20,0.2,42,200,False,0.244931
929,4508,87,87,85,0.405,False,0.405,random_forest,v1_handcrafted_28,28,stratified_80_20,0.2,42,200,False,0.244931
930,3615,51,51,109,0.415,False,0.415,random_forest,v1_handcrafted_28,28,stratified_80_20,0.2,42,200,False,0.244931
931,5946,92,92,85,0.29,False,0.29,random_forest,v1_handcrafted_28,28,stratified_80_20,0.2,42,200,False,0.244931
932,3149,92,92,85,0.4,False,0.4,random_forest,v1_handcrafted_28,28,stratified_80_20,0.2,42,200,False,0.244931
933,3871,85,85,85,0.37,True,0.37,random_forest,v1_handcrafted_28,28,stratified_80_20,0.2,42,200,False,0.244931
934,4577,87,87,109,0.33,False,0.33,random_forest,v1_handcrafted_28,28,stratified_80_20,0.2,42,200,False,0.244931
935,1569,85,85,87,0.345,False,0.345,random_forest,v1_handcrafted_28,28,stratified_80_20,0.2,42,200,False,0.244931
936,4530,87,87,87,0.305,True,0.305,random_forest,v1_handcrafted_28,28,stratified_80_20,0.2,42,200,False,0.244931
937,2763,85,85,87,0.335,False,0.335,random_forest,v1_handcrafted_28,28,stratified_80_20,0.2,42,200,False,0.244931
938,3446,51,51,87,0.295,False,0.295,random_forest,v1_handcrafted_28,28,stratified_80_20,0.2,42,200,False,0.244931
939,1297,109,109,92,0.355,False,0.355,random_forest,v1_handcrafted_28,28,stratified_80_20,0.2,42,200,False,0.244931
940,2329,92,92,85,0.26,False,0.26,random_forest,v1_handcrafted_28,28,stratified_80_20,0.2,42,200,False,0.244931
941,4264,109,109,87,0.345,False,0.345,random_forest,v1_handcrafted_28,28,stratified_80_20,0.2,42,200,False,0.244931
942,2945,87,87,109,0.28,False,0.28,random_forest,v1_handcrafted_28,28,stratified_80_20,0.2,42,200,False,0.244931
943,446,85,85,109,0.41,False,0.41,random_forest,v1_handcrafted_28,28,stratified_80_20,0.2,42,200,False,0.244931
944,426,85,85,87,0.305,False,0.305,random_forest,v1_handcrafted_28,28,stratified_80_20,0.2,42,200,False,0.244931
945,475,85,85,85,0.265,True,0.265,random_forest,v1_handcrafted_28,28,stratified_80_20,0.2,42,200,False,0.244931
946,4476,85,85,85,0.33,True,0.33,random_forest,v1_handcrafted_28,28,stratified_80_20,0.2,42,200,False,0.244931
947,3559,51,51,51,0.25,True,0.25,random_forest,v1_handcrafted_28,28,stratified_80_20,0.2,42,200,False,0.244931
948,918,92,92,87,0.365,False,0.365,random_forest,v1_handcrafted_28,28,stratified_80_20,0.2,42,200,False,0.244931
949,2816,85,85,109,0.235,False,0.235,random_forest,v1_handcrafted_28,28,stratified_80_20,0.2,42,200,False,0.244931
950,1792,87,87,109,0.335,False,0.335,random_forest,v1_handcrafted_28,28,stratified_80_20,0.2,42,200,False,0.244931
951,3505,51,51,87,0.26,False,0.26,random_forest,v1_handcrafted_28,28,stratified_80_20,0.2,42,200,False,0.244931
952,15,85,85,92,0.255,False,0.255,random_forest,v1_handcrafted_28,28,stratified_80_20,0.2,42,200,False,0.244931
953,626,85,85,85,0.26,True,0.26,random_forest,v1_handcrafted_28,28,stratified_80_20,0.2,42,200,False,0.244931
954,431,85,85,87,0.265,False,0.265,random_forest,v1_handcrafted_28,28,stratified_80_20,0.2,42,200,False,0.244931
955,4466,85,85,85,0.305,True,0.305,random_forest,v1_handcrafted_28,28,stratified_80_20,0.2,42,200,False,0.244931
956,408,109,109,51,0.27,False,0.27,random_forest,v1_handcrafted_28,28,stratified_80_20,0.2,42,200,False,0.244931
957,2853,85,85,85,0.355,True,0.355,random_forest,v1_handcrafted_28,28,stratified_80_20,0.2,42,200,False,0.244931
958,4591,87,87,85,0.225,False,0.225,random_forest,v1_handcrafted_28,28,stratified_80_20,0.2,42,200,False,0.244931
959,5184,85,85,87,0.24,False,0.24,random_forest,v1_handcrafted_28,28,stratified_80_20,0.2,42,200,False,0.244931
960,329,109,109,85,0.275,False,0.275,random_forest,v1_handcrafted_28,28,stratified_80_20,0.2,42,200,False,0.244931
961,3811,85,85,85,0.28,True,0.28,random_forest,v1_handcrafted_28,28,stratified_80_20,0.2,42,200,False,0.244931
962,4611,87,87,85,0.265,False,0.265,random_forest,v1_handcrafted_28,28,stratified_80_20,0.2,42,200,False,0.244931
963,608,85,85,87,0.275,False,0.275,random_forest,v1_handcrafted_28,28,stratified_80_20,0.2,42,200,False,0.244931
964,5009,109,109,109,0.24,True,0.24,random_forest,v1_handcrafted_28,28,stratified_80_20,0.2,42,200,False,0.244931
965,3281,92,92,85,0.275,False,0.275,random_forest,v1_handcrafted_28,28,stratified_80_20,0.2,42,200,False,0.244931
966,490,85,85,51,0.265,False,0.265,random_forest,v1_handcrafted_28,28,stratified_80_20,0.2,42,200,False,0.244931
967,5122,109,109,109,0.295,True,0.295,random_forest,v1_handcrafted_28,28,stratified_80_20,0.2,42,200,False,0.244931
968,5275,85,85,51,0.285,False,0.285,random_forest,v1_handcrafted_28,28,stratified_80_20,0.2,42,200,False,0.244931
969,6026,51,51,87,0.265,False,0.265,random_forest,v1_handcrafted_28,28,stratified_80_20,0.2,42,200,False,0.244931
970,5763,92,92,92,0.245,True,0.245,random_forest,v1_handcrafted_28,28,stratified_80_20,0.2,42,200,False,0.244931
971,1698,87,87,109,0.33,False,0.33,random_forest,v1_handcrafted_28,28,stratified_80_20,0.2,42,200,False,0.244931
972,3087,87,87,85,0.3,False,0.3,random_forest,v1_handcrafted_28,28,stratified_80_20,0.2,42,200,False,0.244931
973,2927,87,87,92,0.24,False,0.24,random_forest,v1_handcrafted_28,28,stratified_80_20,0.2,42,200,False,0.244931
974,4362,85,85,109,0.27,False,0.27,random_forest,v1_handcrafted_28,28,stratified_80_20,0.2,42,200,False,0.244931
975,684,87,87,51,0.3,False,0.3,random_forest,v1_handcrafted_28,28,stratified_80_20,0.2,42,200,False,0.244931
976,4395,85,85,109,0.245,False,0.245,random_forest,v1_handcrafted_28,28,stratified_80_20,0.2,42,200,False,0.244931
977,3977,87,87,87,0.31,True,0.31,random_forest,v1_handcrafted_28,28,stratified_80_20,0.2,42,200,False,0.244931
978,5487,87,87,51,0.335,False,0.335,random_forest,v1_handcrafted_28,28,stratified_80_20,0.2,42,200,False,0.244931
979,472,85,85,85,0.295,True,0.295,random_forest,v1_handcrafted_28,28,stratified_80_20,0.2,42,200,False,0.244931
980,1788,87,87,109,0.28,False,0.28,random_forest,v1_handcrafted_28,28,stratified_80_20,0.2,42,200,False,0.244931
981,5652,92,92,92,0.22,True,0.22,random_forest,v1_handcrafted_28,28,stratified_80_20,0.2,42,200,False,0.244931
982,5318,85,85,109,0.3,False,0.3,random_forest,v1_handcrafted_28,28,stratified_80_20,0.2,42,200,False,0.244931
983,3085,92,92,85,0.305,False,0.305,random_forest,v1_handcrafted_28,28,stratified_80_20,0.2,42,200,False,0.244931
984,5659,87,87,92,0.25,False,0.25,random_forest,v1_handcrafted_28,28,stratified_80_20,0.2,42,200,False,0.244931
985,3397,92,92,85,0.345,False,0.345,random_forest,v1_handcrafted_28,28,stratified_80_20,0.2,42,200,False,0.244931
986,1582,85,85,92,0.28,False,0.28,random_forest,v1_handcrafted_28,28,stratified_80_20,0.2,42,200,False,0.244931
987,3139,92,92,51,0.32,False,0.32,random_forest,v1_handcrafted_28,28,stratified_80_20,0.2,42,200,False,0.244931
988,1083,51,51,85,0.28,False,0.28,random_forest,v1_handcrafted_28,28,stratified_80_20,0.2,42,200,False,0.244931
989,760,87,87,92,0.3,False,0.3,random_forest,v1_handcrafted_28,28,stratified_80_20,0.2,42,200,False,0.244931
990,1505,109,109,109,0.265,True,0.265,random_forest,v1_handcrafted_28,28,stratified_80_20,0.2,42,200,False,0.244931
991,691,87,87,85,0.245,False,0.245,random_forest,v1_handcrafted_28,28,stratified_80_20,0.2,42,200,False,0.244931
992,3365,51,51,92,0.385,False,0.385,random_forest,v1_handcrafted_28,28,stratified_80_20,0.2,42,200,False,0.244931
993,4217,51,51,87,0.22,False,0.22,random_forest,v1_handcrafted_28,28,stratified_80_20,0.2,42,200,False,0.244931
994,772,87,87,87,0.24,True,0.24,random_forest,v1_handcrafted_28,28,stratified_80_20,0.2,42,200,False,0.244931
995,3261,92,92,109,0.32,False,0.32,random_forest,v1_handcrafted_28,28,stratified_80_20,0.2,42,200,False,0.244931
996,2064,92,92,85,0.28,False,0.28,random_forest,v1_handcrafted_28,28,stratified_80_20,0.2,42,200,False,0.244931
997,5882,92,92,85,0.315,False,0.315,random_forest,v1_handcrafted_28,28,stratified_80_20,0.2,42,200,False,0.244931
998,1093,51,51,85,0.39,False,0.39,random_forest,v1_handcrafted_28,28,stratified_80_20,0.2,42,200,False,0.244931
999,5949,92,92,85,0.285,False,0.285,random_forest,v1_handcrafted_28,28,stratified_80_20,0.2,42,200,False,0.244931
1000,3660,109,109,92,0.22,False,0.22,random_forest,v1_handcrafted_28,28,stratified_80_20,0.2,42,200,False,0.244931
1001,2905,87,87,87,0.3,True,0.3,random_forest,v1_handcrafted_28,28,stratified_80_20,0.2,42,200,False,0.244931
1002,1930,92,92,51,0.245,False,0.245,random_forest,v1_handcrafted_28,28,stratified_80_20,0.2,42,200,False,0.244931
1003,845,92,92,87,0.31,False,0.31,random_forest,v1_handcrafted_28,28,stratified_80_20,0.2,42,200,False,0.244931
1004,6046,51,51,85,0.295,False,0.295,random_forest,v1_handcrafted_28,28,stratified_80_20,0.2,42,200,False,0.244931
1005,2084,92,92,92,0.3,True,0.3,random_forest,v1_handcrafted_28,28,stratified_80_20,0.2,42,200,False,0.244931
1006,2287,109,109,87,0.25,False,0.25,random_forest,v1_handcrafted_28,28,stratified_80_20,0.2,42,200,False,0.244931
1007,3536,51,51,85,0.355,False,0.355,random_forest,v1_handcrafted_28,28,stratified_80_20,0.2,42,200,False,0.244931
1008,4904,51,51,92,0.25,False,0.25,random_forest,v1_handcrafted_28,28,stratified_80_20,0.2,42,200,False,0.244931
1009,750,87,87,87,0.23,True,0.23,random_forest,v1_handcrafted_28,28,stratified_80_20,0.2,42,200,False,0.244931
1010,6042,51,51,109,0.31,False,0.31,random_forest,v1_handcrafted_28,28,stratified_80_20,0.2,42,200,False,0.244931
1011,5466,87,87,85,0.42,False,0.42,random_forest,v1_handcrafted_28,28,stratified_80_20,0.2,42,200,False,0.244931
1012,5463,87,87,51,0.315,False,0.315,random_forest,v1_handcrafted_28,28,stratified_80_20,0.2,42,200,False,0.244931
1013,5448,87,87,85,0.28,False,0.28,random_forest,v1_handcrafted_28,28,stratified_80_20,0.2,42,200,False,0.244931
1014,5282,85,85,109,0.27,False,0.27,random_forest,v1_handcrafted_28,28,stratified_80_20,0.2,42,200,False,0.244931
1015,4852,51,51,85,0.235,False,0.235,random_forest,v1_handcrafted_28,28,stratified_80_20,0.2,42,200,False,0.244931
1016,2,85,85,92,0.33,False,0.33,random_forest,v1_handcrafted_28,28,stratified_80_20,0.2,42,200,False,0.244931
1017,3288,92,92,51,0.305,False,0.305,random_forest,v1_handcrafted_28,28,stratified_80_20,0.2,42,200,False,0.244931
1018,4115,87,87,87,0.26,True,0.26,random_forest,v1_handcrafted_28,28,stratified_80_20,0.2,42,200,False,0.244931
1019,5829,92,92,51,0.25,False,0.25,random_forest,v1_handcrafted_28,28,stratified_80_20,0.2,42,200,False,0.244931
1020,1967,92,92,92,0.32,True,0.32,random_forest,v1_handcrafted_28,28,stratified_80_20,0.2,42,200,False,0.244931
1021,5597,87,87,51,0.26,False,0.26,random_forest,v1_handcrafted_28,28,stratified_80_20,0.2,42,200,False,0.244931
1022,1934,87,87,85,0.255,False,0.255,random_forest,v1_handcrafted_28,28,stratified_80_20,0.2,42,200,False,0.244931
1023,5584,87,87,51,0.215,False,0.215,random_forest,v1_handcrafted_28,28,stratified_80_20,0.2,42,200,False,0.244931
1024,3352,51,51,92,0.23,False,0.23,random_forest,v1_handcrafted_28,28,stratified_80_20,0.2,42,200,False,0.244931
1025,2909,87,87,85,0.305,False,0.305,random_forest,v1_handcrafted_28,28,stratified_80_20,0.2,42,200,False,0.244931
1026,2427,109,109,109,0.285,True,0.285,random_forest,v1_handcrafted_28,28,stratified_80_20,0.2,42,200,False,0.244931
1027,919,92,92,92,0.21,True,0.21,random_forest,v1_handcrafted_28,28,stratified_80_20,0.2,42,200,False,0.244931
1028,5677,92,92,51,0.36,False,0.36,random_forest,v1_handcrafted_28,28,stratified_80_20,0.2,42,200,False,0.244931
1029,4150,92,92,109,0.32,False,0.32,random_forest,v1_handcrafted_28,28,stratified_80_20,0.2,42,200,False,0.244931
1030,4414,85,85,92,0.31,False,0.31,random_forest,v1_handcrafted_28,28,stratified_80_20,0.2,42,200,False,0.244931
1031,3176,87,87,92,0.29,False,0.29,random_forest,v1_handcrafted_28,28,stratified_80_20,0.2,42,200,False,0.244931
1032,5707,92,92,85,0.265,False,0.265,random_forest,v1_handcrafted_28,28,stratified_80_20,0.2,42,200,False,0.244931
1033,6059,51,51,109,0.27,False,0.27,random_forest,v1_handcrafted_28,28,stratified_80_20,0.2,42,200,False,0.244931
1034,4413,85,85,87,0.34,False,0.34,random_forest,v1_handcrafted_28,28,stratified_80_20,0.2,42,200,False,0.244931
1035,4662,87,87,85,0.245,False,0.245,random_forest,v1_handcrafted_28,28,stratified_80_20,0.2,42,200,False,0.244931
1036,852,92,92,109,0.365,False,0.365,random_forest,v1_handcrafted_28,28,stratified_80_20,0.2,42,200,False,0.244931
1037,3433,92,92,85,0.25,False,0.25,random_forest,v1_handcrafted_28,28,stratified_80_20,0.2,42,200,False,0.244931
1038,4638,87,87,109,0.34,False,0.34,random_forest,v1_handcrafted_28,28,stratified_80_20,0.2,42,200,False,0.244931
1039,1004,92,92,85,0.32,False,0.32,random_forest,v1_handcrafted_28,28,stratified_80_20,0.2,42,200,False,0.244931
1040,4463,85,85,109,0.28,False,0.28,random_forest,v1_handcrafted_28,28,stratified_80_20,0.2,42,200,False,0.244931
1041,1450,109,109,87,0.295,False,0.295,random_forest,v1_handcrafted_28,28,stratified_80_20,0.2,42,200,False,0.244931
1042,5558,87,87,85,0.415,False,0.415,random_forest,v1_handcrafted_28,28,stratified_80_20,0.2,42,200,False,0.244931
1043,3856,85,85,92,0.25,False,0.25,random_forest,v1_handcrafted_28,28,stratified_80_20,0.2,42,200,False,0.244931
1044,4973,51,51,109,0.27,False,0.27,random_forest,v1_handcrafted_28,28,stratified_80_20,0.2,42,200,False,0.244931
1045,2977,87,87,109,0.36,False,0.36,random_forest,v1_handcrafted_28,28,stratified_80_20,0.2,42,200,False,0.244931
1046,4993,51,51,109,0.315,False,0.315,random_forest,v1_handcrafted_28,28,stratified_80_20,0.2,42,200,False,0.244931
1047,1850,87,87,85,0.255,False,0.255,random_forest,v1_handcrafted_28,28,stratified_80_20,0.2,42,200,False,0.244931
1048,190,51,51,92,0.325,False,0.325,random_forest,v1_handcrafted_28,28,stratified_80_20,0.2,42,200,False,0.244931
1049,1896,87,87,85,0.355,False,0.355,random_forest,v1_handcrafted_28,28,stratified_80_20,0.2,42,200,False,0.244931
1050,2877,87,87,51,0.3,False,0.3,random_forest,v1_handcrafted_28,28,stratified_80_20,0.2,42,200,False,0.244931
1051,5549,87,87,92,0.245,False,0.245,random_forest,v1_handcrafted_28,28,stratified_80_20,0.2,42,200,False,0.244931
1052,609,85,85,85,0.275,True,0.275,random_forest,v1_handcrafted_28,28,stratified_80_20,0.2,42,200,False,0.244931
1053,858,92,92,51,0.265,False,0.265,random_forest,v1_handcrafted_28,28,stratified_80_20,0.2,42,200,False,0.244931
1054,2054,92,92,85,0.28,False,0.28,random_forest,v1_handcrafted_28,28,stratified_80_20,0.2,42,200,False,0.244931
1055,4420,85,85,87,0.405,False,0.405,random_forest,v1_handcrafted_28,28,stratified_80_20,0.2,42,200,False,0.244931
1056,4699,92,92,109,0.245,False,0.245,random_forest,v1_handcrafted_28,28,stratified_80_20,0.2,42,200,False,0.244931
1057,4703,92,92,85,0.265,False,0.265,random_forest,v1_handcrafted_28,28,stratified_80_20,0.2,42,200,False,0.244931
1058,2303,85,85,51,0.24,False,0.24,random_forest,v1_handcrafted_28,28,stratified_80_20,0.2,42,200,False,0.244931
1059,532,85,85,85,0.39,True,0.39,random_forest,v1_handcrafted_28,28,stratified_80_20,0.2,42,200,False,0.244931
1060,3390,92,92,109,0.24,False,0.24,random_forest,v1_handcrafted_28,28,stratified_80_20,0.2,42,200,False,0.244931
1061,418,85,85,92,0.42,False,0.42,random_forest,v1_handcrafted_28,28,stratified_80_20,0.2,42,200,False,0.244931
1062,3973,87,87,51,0.285,False,0.285,random_forest,v1_handcrafted_28,28,stratified_80_20,0.2,42,200,False,0.244931
1063,3146,92,92,85,0.465,False,0.465,random_forest,v1_handcrafted_28,28,stratified_80_20,0.2,42,200,False,0.244931
1064,2937,87,87,87,0.295,True,0.295,random_forest,v1_handcrafted_28,28,stratified_80_20,0.2,42,200,False,0.244931
1065,3204,92,92,85,0.28,False,0.28,random_forest,v1_handcrafted_28,28,stratified_80_20,0.2,42,200,False,0.244931
1066,1535,85,85,109,0.22,False,0.22,random_forest,v1_handcrafted_28,28,stratified_80_20,0.2,42,200,False,0.244931
1067,2418,109,109,109,0.395,True,0.395,random_forest,v1_handcrafted_28,28,stratified_80_20,0.2,42,200,False,0.244931
1068,5030,109,109,109,0.415,True,0.415,random_forest,v1_handcrafted_28,28,stratified_80_20,0.2,42,200,False,0.244931
1069,3296,92,92,92,0.305,True,0.305,random_forest,v1_handcrafted_28,28,stratified_80_20,0.2,42,200,False,0.244931
1070,2085,92,92,109,0.255,False,0.255,random_forest,v1_handcrafted_28,28,stratified_80_20,0.2,42,200,False,0.244931
1071,2003,92,92,92,0.225,True,0.225,random_forest,v1_handcrafted_28,28,stratified_80_20,0.2,42,200,False,0.244931
1072,2715,85,85,51,0.305,False,0.305,random_forest,v1_handcrafted_28,28,stratified_80_20,0.2,42,200,False,0.244931
1073,4533,87,87,109,0.39,False,0.39,random_forest,v1_handcrafted_28,28,stratified_80_20,0.2,42,200,False,0.244931
1074,4673,92,92,92,0.265,True,0.265,random_forest,v1_handcrafted_28,28,stratified_80_20,0.2,42,200,False,0.244931
1075,4889,51,51,92,0.32,False,0.32,random_forest,v1_handcrafted_28,28,stratified_80_20,0.2,42,200,False,0.244931
1076,721,87,87,109,0.365,False,0.365,random_forest,v1_handcrafted_28,28,stratified_80_20,0.2,42,200,False,0.244931
1077,1162,51,51,92,0.235,False,0.235,random_forest,v1_handcrafted_28,28,stratified_80_20,0.2,42,200,False,0.244931
1078,4146,92,92,85,0.245,False,0.245,random_forest,v1_handcrafted_28,28,stratified_80_20,0.2,42,200,False,0.244931
1079,4583,87,87,109,0.265,False,0.265,random_forest,v1_handcrafted_28,28,stratified_80_20,0.2,42,200,False,0.244931
1080,4454,85,85,85,0.315,True,0.315,random_forest,v1_handcrafted_28,28,stratified_80_20,0.2,42,200,False,0.244931
1081,4042,92,92,51,0.225,False,0.225,random_forest,v1_handcrafted_28,28,stratified_80_20,0.2,42,200,False,0.244931
1082,1151,51,51,87,0.26,False,0.26,random_forest,v1_handcrafted_28,28,stratified_80_20,0.2,42,200,False,0.244931
1083,2167,51,51,109,0.22,False,0.22,random_forest,v1_handcrafted_28,28,stratified_80_20,0.2,42,200,False,0.244931
1084,3179,87,87,109,0.25,False,0.25,random_forest,v1_handcrafted_28,28,stratified_80_20,0.2,42,200,False,0.244931
1085,1837,87,87,85,0.28,False,0.28,random_forest,v1_handcrafted_28,28,stratified_80_20,0.2,42,200,False,0.244931
1086,5409,85,85,92,0.4,False,0.4,random_forest,v1_handcrafted_28,28,stratified_80_20,0.2,42,200,False,0.244931
1087,4648,87,87,92,0.27,False,0.27,random_forest,v1_handcrafted_28,28,stratified_80_20,0.2,42,200,False,0.244931
1088,5469,85,85,85,0.41,True,0.41,random_forest,v1_handcrafted_28,28,stratified_80_20,0.2,42,200,False,0.244931
1089,4348,109,109,87,0.235,False,0.235,random_forest,v1_handcrafted_28,28,stratified_80_20,0.2,42,200,False,0.244931
1090,828,87,87,87,0.23,True,0.23,random_forest,v1_handcrafted_28,28,stratified_80_20,0.2,42,200,False,0.244931
1091,3029,87,87,85,0.34,False,0.34,random_forest,v1_handcrafted_28,28,stratified_80_20,0.2,42,200,False,0.244931
1092,5642,87,87,87,0.275,True,0.275,random_forest,v1_handcrafted_28,28,stratified_80_20,0.2,42,200,False,0.244931
1093,4451,85,85,85,0.49,True,0.49,random_forest,v1_handcrafted_28,28,stratified_80_20,0.2,42,200,False,0.244931
1094,1687,85,85,92,0.285,False,0.285,random_forest,v1_handcrafted_28,28,stratified_80_20,0.2,42,200,False,0.244931
1095,5886,92,92,85,0.49,False,0.49,random_forest,v1_handcrafted_28,28,stratified_80_20,0.2,42,200,False,0.244931
1096,700,87,87,87,0.32,True,0.32,random_forest,v1_handcrafted_28,28,stratified_80_20,0.2,42,200,False,0.244931
1097,389,109,109,85,0.25,False,0.25,random_forest,v1_handcrafted_28,28,stratified_80_20,0.2,42,200,False,0.244931
1098,4321,109,109,87,0.27,False,0.27,random_forest,v1_handcrafted_28,28,stratified_80_20,0.2,42,200,False,0.244931
1099,2750,85,85,85,0.33,True,0.33,random_forest,v1_handcrafted_28,28,stratified_80_20,0.2,42,200,False,0.244931
1100,2471,109,109,87,0.415,False,0.415,random_forest,v1_handcrafted_28,28,stratified_80_20,0.2,42,200,False,0.244931
1101,2861,85,85,87,0.275,False,0.275,random_forest,v1_handcrafted_28,28,stratified_80_20,0.2,42,200,False,0.244931
1102,944,92,92,92,0.38,True,0.38,random_forest,v1_handcrafted_28,28,stratified_80_20,0.2,42,200,False,0.244931
1103,2931,87,87,109,0.28,False,0.28,random_forest,v1_handcrafted_28,28,stratified_80_20,0.2,42,200,False,0.244931
1104,1242,109,109,51,0.275,False,0.275,random_forest,v1_handcrafted_28,28,stratified_80_20,0.2,42,200,False,0.244931
1105,5190,109,109,51,0.25,False,0.25,random_forest,v1_handcrafted_28,28,stratified_80_20,0.2,42,200,False,0.244931
1106,3643,51,51,109,0.33,False,0.33,random_forest,v1_handcrafted_28,28,stratified_80_20,0.2,42,200,False,0.244931
1107,1669,85,85,51,0.23,False,0.23,random_forest,v1_handcrafted_28,28,stratified_80_20,0.2,42,200,False,0.244931
1108,4017,92,92,87,0.285,False,0.285,random_forest,v1_handcrafted_28,28,stratified_80_20,0.2,42,200,False,0.244931
1109,4835,51,51,92,0.265,False,0.265,random_forest,v1_handcrafted_28,28,stratified_80_20,0.2,42,200,False,0.244931
1110,1185,51,51,92,0.38,False,0.38,random_forest,v1_handcrafted_28,28,stratified_80_20,0.2,42,200,False,0.244931
1111,1972,92,92,87,0.295,False,0.295,random_forest,v1_handcrafted_28,28,stratified_80_20,0.2,42,200,False,0.244931
1112,1927,92,92,85,0.315,False,0.315,random_forest,v1_handcrafted_28,28,stratified_80_20,0.2,42,200,False,0.244931
1113,4403,85,85,109,0.34,False,0.34,random_forest,v1_handcrafted_28,28,stratified_80_20,0.2,42,200,False,0.244931
1114,1134,51,51,51,0.255,True,0.255,random_forest,v1_handcrafted_28,28,stratified_80_20,0.2,42,200,False,0.244931
1115,4637,87,87,51,0.275,False,0.275,random_forest,v1_handcrafted_28,28,stratified_80_20,0.2,42,200,False,0.244931
1116,2974,87,87,87,0.25,True,0.25,random_forest,v1_handcrafted_28,28,stratified_80_20,0.2,42,200,False,0.244931
1117,731,87,87,87,0.355,True,0.355,random_forest,v1_handcrafted_28,28,stratified_80_20,0.2,42,200,False,0.244931
1118,5243,85,85,87,0.385,False,0.385,random_forest,v1_handcrafted_28,28,stratified_80_20,0.2,42,200,False,0.244931
1119,4712,92,92,92,0.25,True,0.25,random_forest,v1_handcrafted_28,28,stratified_80_20,0.2,42,200,False,0.244931
1120,6004,92,92,92,0.255,True,0.255,random_forest,v1_handcrafted_28,28,stratified_80_20,0.2,42,200,False,0.244931
1121,3374,92,92,87,0.275,False,0.275,random_forest,v1_handcrafted_28,28,stratified_80_20,0.2,42,200,False,0.244931
1122,3554,51,51,87,0.37,False,0.37,random_forest,v1_handcrafted_28,28,stratified_80_20,0.2,42,200,False,0.244931
1123,5120,109,109,109,0.265,True,0.265,random_forest,v1_handcrafted_28,28,stratified_80_20,0.2,42,200,False,0.244931
1124,6005,51,51,92,0.305,False,0.305,random_forest,v1_handcrafted_28,28,stratified_80_20,0.2,42,200,False,0.244931
1125,4002,87,87,92,0.225,False,0.225,random_forest,v1_handcrafted_28,28,stratified_80_20,0.2,42,200,False,0.244931
1126,794,87,87,87,0.305,True,0.305,random_forest,v1_handcrafted_28,28,stratified_80_20,0.2,42,200,False,0.244931
1127,2015,92,92,85,0.3,False,0.3,random_forest,v1_handcrafted_28,28,stratified_80_20,0.2,42,200,False,0.244931
1128,1233,109,109,85,0.395,False,0.395,random_forest,v1_handcrafted_28,28,stratified_80_20,0.2,42,200,False,0.244931
1129,1344,109,109,87,0.285,False,0.285,random_forest,v1_handcrafted_28,28,stratified_80_20,0.2,42,200,False,0.244931
1130,6070,51,51,51,0.345,True,0.345,random_forest,v1_handcrafted_28,28,stratified_80_20,0.2,42,200,False,0.244931
1131,2845,85,85,92,0.23,False,0.23,random_forest,v1_handcrafted_28,28,stratified_80_20,0.2,42,200,False,0.244931
1132,5452,85,85,85,0.25,True,0.25,random_forest,v1_handcrafted_28,28,stratified_80_20,0.2,42,200,False,0.244931
1133,24,85,85,85,0.455,True,0.455,random_forest,v1_handcrafted_28,28,stratified_80_20,0.2,42,200,False,0.244931
1134,17,85,85,85,0.225,True,0.225,random_forest,v1_handcrafted_28,28,stratified_80_20,0.2,42,200,False,0.244931
1135,4646,87,87,92,0.255,False,0.255,random_forest,v1_handcrafted_28,28,stratified_80_20,0.2,42,200,False,0.244931
1136,5127,109,109,87,0.305,False,0.305,random_forest,v1_handcrafted_28,28,stratified_80_20,0.2,42,200,False,0.244931
1137,1790,87,87,85,0.27,False,0.27,random_forest,v1_handcrafted_28,28,stratified_80_20,0.2,42,200,False,0.244931
1138,1936,92,92,85,0.29,False,0.29,random_forest,v1_handcrafted_28,28,stratified_80_20,0.2,42,200,False,0.244931
1139,5733,92,92,109,0.435,False,0.435,random_forest,v1_handcrafted_28,28,stratified_80_20,0.2,42,200,False,0.244931
1140,5692,92,92,109,0.275,False,0.275,random_forest,v1_handcrafted_28,28,stratified_80_20,0.2,42,200,False,0.244931
1141,3423,92,92,51,0.265,False,0.265,random_forest,v1_handcrafted_28,28,stratified_80_20,0.2,42,200,False,0.244931
1142,5433,85,85,85,0.29,True,0.29,random_forest,v1_handcrafted_28,28,stratified_80_20,0.2,42,200,False,0.244931
1143,4377,85,85,87,0.24,False,0.24,random_forest,v1_handcrafted_28,28,stratified_80_20,0.2,42,200,False,0.244931
1144,774,87,87,87,0.26,True,0.26,random_forest,v1_handcrafted_28,28,stratified_80_20,0.2,42,200,False,0.244931
1145,5804,92,92,92,0.3,True,0.3,random_forest,v1_handcrafted_28,28,stratified_80_20,0.2,42,200,False,0.244931
1146,3654,109,109,51,0.375,False,0.375,random_forest,v1_handcrafted_28,28,stratified_80_20,0.2,42,200,False,0.244931
1147,498,85,85,85,0.28,True,0.28,random_forest,v1_handcrafted_28,28,stratified_80_20,0.2,42,200,False,0.244931
1148,833,92,92,87,0.305,False,0.305,random_forest,v1_handcrafted_28,28,stratified_80_20,0.2,42,200,False,0.244931
1149,3993,87,87,92,0.405,False,0.405,random_forest,v1_handcrafted_28,28,stratified_80_20,0.2,42,200,False,0.244931
1150,4929,51,51,109,0.355,False,0.355,random_forest,v1_handcrafted_28,28,stratified_80_20,0.2,42,200,False,0.244931
1151,1201,51,51,92,0.31,False,0.31,random_forest,v1_handcrafted_28,28,stratified_80_20,0.2,42,200,False,0.244931
1152,4677,92,92,51,0.27,False,0.27,random_forest,v1_handcrafted_28,28,stratified_80_20,0.2,42,200,False,0.244931
1153,5178,109,109,51,0.25,False,0.25,random_forest,v1_handcrafted_28,28,stratified_80_20,0.2,42,200,False,0.244931
1154,2493,109,109,92,0.275,False,0.275,random_forest,v1_handcrafted_28,28,stratified_80_20,0.2,42,200,False,0.244931
1155,3598,51,51,51,0.28,True,0.28,random_forest,v1_handcrafted_28,28,stratified_80_20,0.2,42,200,False,0.244931
1156,2431,109,109,109,0.43,True,0.43,random_forest,v1_handcrafted_28,28,stratified_80_20,0.2,42,200,False,0.244931
1157,1951,92,92,85,0.3,False,0.3,random_forest,v1_handcrafted_28,28,stratified_80_20,0.2,42,200,False,0.244931
1158,2111,51,51,87,0.285,False,0.285,random_forest,v1_handcrafted_28,28,stratified_80_20,0.2,42,200,False,0.244931
1159,115,87,87,85,0.24,False,0.24,random_forest,v1_handcrafted_28,28,stratified_80_20,0.2,42,200,False,0.244931
1160,4308,109,109,87,0.365,False,0.365,random_forest,v1_handcrafted_28,28,stratified_80_20,0.2,42,200,False,0.244931
1161,417,109,109,109,0.24,True,0.24,random_forest,v1_handcrafted_28,28,stratified_80_20,0.2,42,200,False,0.244931
1162,745,87,87,85,0.27,False,0.27,random_forest,v1_handcrafted_28,28,stratified_80_20,0.2,42,200,False,0.244931
1163,2889,87,87,87,0.295,True,0.295,random_forest,v1_handcrafted_28,28,stratified_80_20,0.2,42,200,False,0.244931
1164,4326,109,109,87,0.33,False,0.33,random_forest,v1_handcrafted_28,28,stratified_80_20,0.2,42,200,False,0.244931
1165,5761,92,92,109,0.33,False,0.33,random_forest,v1_handcrafted_28,28,stratified_80_20,0.2,42,200,False,0.244931
1166,3508,51,51,92,0.395,False,0.395,random_forest,v1_handcrafted_28,28,stratified_80_20,0.2,42,200,False,0.244931
1167,2643,109,109,85,0.4,False,0.4,random_forest,v1_handcrafted_28,28,stratified_80_20,0.2,42,200,False,0.244931
1168,4180,92,92,109,0.345,False,0.345,random_forest,v1_handcrafted_28,28,stratified_80_20,0.2,42,200,False,0.244931
1169,1137,51,51,85,0.24,False,0.24,random_forest,v1_handcrafted_28,28,stratified_80_20,0.2,42,200,False,0.244931
1170,401,109,109,109,0.27,True,0.27,random_forest,v1_handcrafted_28,28,stratified_80_20,0.2,42,200,False,0.244931
1171,4806,92,92,87,0.31,False,0.31,random_forest,v1_handcrafted_28,28,stratified_80_20,0.2,42,200,False,0.244931
1172,6146,51,51,85,0.275,False,0.275,random_forest,v1_handcrafted_28,28,stratified_80_20,0.2,42,200,False,0.244931
1173,2266,85,85,87,0.285,False,0.285,random_forest,v1_handcrafted_28,28,stratified_80_20,0.2,42,200,False,0.244931
1174,3248,92,92,92,0.34,True,0.34,random_forest,v1_handcrafted_28,28,stratified_80_20,0.2,42,200,False,0.244931
1175,2465,109,109,109,0.27,True,0.27,random_forest,v1_handcrafted_28,28,stratified_80_20,0.2,42,200,False,0.244931
1176,1717,85,85,51,0.27,False,0.27,random_forest,v1_handcrafted_28,28,stratified_80_20,0.2,42,200,False,0.244931
1177,1842,87,87,85,0.325,False,0.325,random_forest,v1_handcrafted_28,28,stratified_80_20,0.2,42,200,False,0.244931
1178,603,85,85,92,0.255,False,0.255,random_forest,v1_handcrafted_28,28,stratified_80_20,0.2,42,200,False,0.244931
1179,481,85,85,85,0.295,True,0.295,random_forest,v1_handcrafted_28,28,stratified_80_20,0.2,42,200,False,0.244931
1180,2424,109,109,109,0.415,True,0.415,random_forest,v1_handcrafted_28,28,stratified_80_20,0.2,42,200,False,0.244931
1181,2225,51,51,92,0.265,False,0.265,random_forest,v1_handcrafted_28,28,stratified_80_20,0.2,42,200,False,0.244931
1182,2260,51,51,51,0.22,True,0.22,random_forest,v1_handcrafted_28,28,stratified_80_20,0.2,42,200,False,0.244931
1183,2911,85,85,109,0.255,False,0.255,random_forest,v1_handcrafted_28,28,stratified_80_20,0.2,42,200,False,0.244931
1184,1515,85,85,109,0.295,False,0.295,random_forest,v1_handcrafted_28,28,stratified_80_20,0.2,42,200,False,0.244931
1185,3808,85,85,85,0.4,True,0.4,random_forest,v1_handcrafted_28,28,stratified_80_20,0.2,42,200,False,0.244931
1186,4958,51,51,85,0.335,False,0.335,random_forest,v1_handcrafted_28,28,stratified_80_20,0.2,42,200,False,0.244931
1187,5349,85,85,51,0.295,False,0.295,random_forest,v1_handcrafted_28,28,stratified_80_20,0.2,42,200,False,0.244931
1188,3682,109,109,87,0.285,False,0.285,random_forest,v1_handcrafted_28,28,stratified_80_20,0.2,42,200,False,0.244931
1189,4400,85,85,85,0.4,True,0.4,random_forest,v1_handcrafted_28,28,stratified_80_20,0.2,42,200,False,0.244931
1190,538,85,85,87,0.26,False,0.26,random_forest,v1_handcrafted_28,28,stratified_80_20,0.2,42,200,False,0.244931
1191,1533,85,85,51,0.33,False,0.33,random_forest,v1_handcrafted_28,28,stratified_80_20,0.2,42,200,False,0.244931
1192,3542,51,51,109,0.355,False,0.355,random_forest,v1_handcrafted_28,28,stratified_80_20,0.2,42,200,False,0.244931
1193,5379,85,85,92,0.28,False,0.28,random_forest,v1_handcrafted_28,28,stratified_80_20,0.2,42,200,False,0.244931
1194,1395,109,109,92,0.28,False,0.28,random_forest,v1_handcrafted_28,28,stratified_80_20,0.2,42,200,False,0.244931
1195,4715,92,92,85,0.405,False,0.405,random_forest,v1_handcrafted_28,28,stratified_80_20,0.2,42,200,False,0.244931
1196,2908,87,87,92,0.35,False,0.35,random_forest,v1_handcrafted_28,28,stratified_80_20,0.2,42,200,False,0.244931
1197,2318,87,87,92,0.285,False,0.285,random_forest,v1_handcrafted_28,28,stratified_80_20,0.2,42,200,False,0.244931
1198,5313,85,85,85,0.485,True,0.485,random_forest,v1_handcrafted_28,28,stratified_80_20,0.2,42,200,False,0.244931
1199,3223,92,92,85,0.495,False,0.495,random_forest,v1_handcrafted_28,28,stratified_80_20,0.2,42,200,False,0.244931
1200,2801,85,85,85,0.345,True,0.345,random_forest,v1_handcrafted_28,28,stratified_80_20,0.2,42,200,False,0.244931
1201,3541,51,51,51,0.36,True,0.36,random_forest,v1_handcrafted_28,28,stratified_80_20,0.2,42,200,False,0.244931
1202,268,109,109,85,0.255,False,0.255,random_forest,v1_handcrafted_28,28,stratified_80_20,0.2,42,200,False,0.244931
1203,3162,87,87,51,0.225,False,0.225,random_forest,v1_handcrafted_28,28,stratified_80_20,0.2,42,200,False,0.244931
1204,5559,87,87,87,0.245,True,0.245,random_forest,v1_handcrafted_28,28,stratified_80_20,0.2,42,200,False,0.244931
1205,3436,51,51,92,0.27,False,0.27,random_forest,v1_handcrafted_28,28,stratified_80_20,0.2,42,200,False,0.244931
1206,2682,85,85,109,0.265,False,0.265,random_forest,v1_handcrafted_28,28,stratified_80_20,0.2,42,200,False,0.244931
1207,28,85,85,51,0.265,False,0.265,random_forest,v1_handcrafted_28,28,stratified_80_20,0.2,42,200,False,0.244931
1208,2270,109,109,92,0.3,False,0.3,random_forest,v1_handcrafted_28,28,stratified_80_20,0.2,42,200,False,0.244931
1209,6051,51,51,92,0.28,False,0.28,random_forest,v1_handcrafted_28,28,stratified_80_20,0.2,42,200,False,0.244931
1210,1075,51,51,92,0.225,False,0.225,random_forest,v1_handcrafted_28,28,stratified_80_20,0.2,42,200,False,0.244931
1211,2122,51,51,85,0.25,False,0.25,random_forest,v1_handcrafted_28,28,stratified_80_20,0.2,42,200,False,0.244931
1212,2702,109,109,85,0.255,False,0.255,random_forest,v1_handcrafted_28,28,stratified_80_20,0.2,42,200,False,0.244931
1213,4101,85,85,51,0.255,False,0.255,random_forest,v1_handcrafted_28,28,stratified_80_20,0.2,42,200,False,0.244931
1214,1520,85,85,87,0.335,False,0.335,random_forest,v1_handcrafted_28,28,stratified_80_20,0.2,42,200,False,0.244931
1215,4933,51,51,51,0.375,True,0.375,random_forest,v1_handcrafted_28,28,stratified_80_20,0.2,42,200,False,0.244931
1216,619,85,85,109,0.33,False,0.33,random_forest,v1_handcrafted_28,28,stratified_80_20,0.2,42,200,False,0.244931
1217,5922,92,92,87,0.295,False,0.295,random_forest,v1_handcrafted_28,28,stratified_80_20,0.2,42,200,False,0.244931
1218,1741,87,87,51,0.285,False,0.285,random_forest,v1_handcrafted_28,28,stratified_80_20,0.2,42,200,False,0.244931
1219,2536,109,109,87,0.29,False,0.29,random_forest,v1_handcrafted_28,28,stratified_80_20,0.2,42,200,False,0.244931
1220,4786,92,92,109,0.31,False,0.31,random_forest,v1_handcrafted_28,28,stratified_80_20,0.2,42,200,False,0.244931
1221,5974,92,92,85,0.37,False,0.37,random_forest,v1_handcrafted_28,28,stratified_80_20,0.2,42,200,False,0.244931
1222,5813,92,92,87,0.33,False,0.33,random_forest,v1_handcrafted_28,28,stratified_80_20,0.2,42,200,False,0.244931
1223,4869,51,51,87,0.34,False,0.34,random_forest,v1_handcrafted_28,28,stratified_80_20,0.2,42,200,False,0.244931
1224,1385,109,109,85,0.215,False,0.215,random_forest,v1_handcrafted_28,28,stratified_80_20,0.2,42,200,False,0.244931
1225,1594,85,85,92,0.255,False,0.255,random_forest,v1_handcrafted_28,28,stratified_80_20,0.2,42,200,False,0.244931
1226,2582,109,109,85,0.315,False,0.315,random_forest,v1_handcrafted_28,28,stratified_80_20,0.2,42,200,False,0.244931
1227,3847,85,85,87,0.24,False,0.24,random_forest,v1_handcrafted_28,28,stratified_80_20,0.2,42,200,False,0.244931
1228,4690,92,92,51,0.26,False,0.26,random_forest,v1_handcrafted_28,28,stratified_80_20,0.2,42,200,False,0.244931
1229,921,92,92,92,0.28,True,0.28,random_forest,v1_handcrafted_28,28,stratified_80_20,0.2,42,200,False,0.244931
1230,5230,85,85,92,0.345,False,0.345,random_forest,v1_handcrafted_28,28,stratified_80_20,0.2,42,200,False,0.244931
1231,1968,92,92,109,0.33,False,0.33,random_forest,v1_handcrafted_28,28,stratified_80_20,0.2,42,200,False,0.244931
1232,3319,92,92,87,0.32,False,0.32,random_forest,v1_handcrafted_28,28,stratified_80_20,0.2,42,200,False,0.244931
