message_id,sim_time,sim_payload,sim_nonce,sim_mac,hmac_pass,freshness_pass,higher_layer_decision
0,1700000000,telemetry:0:source:109,058891,7e7cce9c4d87dfbebf2c5cfdb0d9b2496bb8f5e7eee33e6434e5096ba1376a77,True,True,pass
1,1700000030,telemetry:1:source:85,707992,d617973fe8b2d66ae219729a82e44760b173a3dcbf72cc8b52a4c12805c7277e,True,True,pass
2,1700000060,telemetry:2:source:109,487847,4fe0df9fc8dc6a142322e1af399aac46360b85e01b3f6d05cecf3577abbbb060,True,True,pass
3,1700000090,telemetry:3:source:109,365596,080cb86d247f81455ec6ab8cf487f4ea812e1487fa0eae429bb6d4f8f976c250,True,True,pass
4,1700000120,telemetry:4:source:92,393557,1203503d57cb29f4149c4cb8d236551ea61aefef0b43e76fba7d67d12eef3f15,True,True,pass
5,1700000150,telemetry:5:source:85,564052,14eec5762476600997f37ae5bbef9fdfdf63b68d7bc6310691f313e58f703fc1,True,True,pass
6,1700000180,telemetry:6:source:85,984713,91f98d010ef73e41e6e5d2664dac60830b853f0203650bb667304e85783987d8,True,True,pass
7,1700000210,telemetry:7:source:87,160040,c45f540470108d166a43a8a975a53c52580f8236c145265db95d5d3648a305df,True,True,pass
8,1700000240,telemetry:8:source:87,650288,7c33852f9685a379a02095da4fa6084e19dcc932be6e0c25d5d3e2e113de0603,True,True,pass
9,1700000270,telemetry:9:source:51,665201,e1587f394a6b096071e16f8502b7f25a1bb1a9930527b86f8a1660b61a1cc430,True,True,pass
10,1700000300,telemetry:10:source:92,891380,c7fb51a3fe5399fc5041cefd8da301cb127a737df1d0989600b23c380ae73da0,True,True,pass
11,1700000330,telemetry:11:source:51,699407,d96118522505cff6892c178c5e7b219edb3f8e36cf65b9018bb100cac19f86ed,True,True,pass
12,1700000360,telemetry:12:source:109,506349,7e08e6b7ed35696945b63d465ff9b2c98ddcb12511438eacf6a1e217cfa0412f,True,True,pass
13,1700000390,telemetry:13:source:85,683746,a4d43109bfc92f154cb57dfbea0256a5ea7400724bf03372e8b2cbd23cae958a,True,True,pass
14,1700000420,telemetry:14:source:85,065909,eaa3dbc3358e6b5b042e2ebcec5559e483c24f09400b3097df2f847c608e3cd0,True,True,pass
15,1700000450,telemetry:15:source:51,308630,c7ad19d2f9f26046fe1322e8a06561236301d0e4351f49d3d3e3c9e1e3650cfa,True,True,pass
16,1700000480,telemetry:16:source:87,372958,5ea366a036387580f7932c173eb7d533bbdce770cdfea4025e6c9efb73fb4292,True,True,pass
17,1700000510,telemetry:17:source:51,767117,1273d9703093968ff33af58d1e68ffecb77051ec702ddf2491b989cf2c42f0a7,True,True,pass
18,1700000540,telemetry:18:source:92,574167,6fb228074fea5b7989f10c215144f53e6d1e567b0c26f6dd38213fe8c57df275,True,True,pass
19,1700000570,telemetry:19:source:85,391536,951ca177924f2c2ffcdf75d9dd888d11140775bac7cd2ca9cb61441d7bb47c5a,True,True,pass
20,1700000600,telemetry:20:source:109,851778,1d67292ec0d7ce188ee5557e38a7c07cf132d72049cbfa390e4327a9e921680b,True,True,pass
21,1700000630,telemetry:21:source:87,152930,c8cdf414a780b0736d41e8bbdb3f0d2e167c8b068226e3cc5b8c1075ef66c01f,True,True,pass
22,1700000660,telemetry:22:source:87,577826,08e5a0cea4786dd171a5048b83bd9abfa69424c7efcb04451ab26f3c115c649c,True,True,pass
23,1700000690,telemetry:23:source:109,094858,5d1360eccd7922d81e4b69e58c7d63a0edd103b659049750fd7a659432660a17,True,True,pass
24,1700000720,telemetry:24:source:109,767801,441cec80e0b19270b27adceab0675ed09026fe60ad4f1134bfb27b93c8c7acfc,True,True,pass
25,1700000750,telemetry:25:source:51,591936,7427e706a7c9a2c5bd9c1b20e7854091817214cb75b0c7b3c5b7a7df8cdd51e5,True,True,pass
26,1700000780,telemetry:26:source:51,753918,69b0c9aaef8dc694163cdc98757f5a68460071db54194965015eced913e93b90,True,True,pass
27,1700000810,telemetry:27:source:51,569289,d321bec3fca6426b28fa59509b3ee2b9d28459c3eb53ed2e8e7d3dd8ee465ffc,True,True,pass
28,1700000840,telemetry:28:source:109,655476,8f8638cf3f2b08ce1d8cd80c1ba02a92de4b7bc7b1df06b7fb0a3a96bc83f560,True,True,pass
29,1700000870,telemetry:29:source:85,760940,0b38e477300d1fe5bb11d3bbff00df90d7d8137ea35e9c03c57b802826027d89,True,True,pass
30,1700000900,telemetry:30:source:51,055915,11ed0204b6f3fabd97ade7d7c1fc52313157415146529355597e799655bd35ec,True,True,pass
31,1700000930,telemetry:31:source:109,659620,eb5be89932e3d754c0f04c40ad1c0c719e0e5309cd69c2d063500c2d8bc7b93b,True,True,pass
32,1700000960,telemetry:32:source:109,729327,6c120818a654c575eee4580e17d355176d7a0732cd544f9120a7796dedfb5502,True,True,pass
33,1700000990,telemetry:33:source:92,796205,d68507c4676d7ebef0fbbc1edf6a9f28c0b878ea1b2e2d8677328297ed8fe9bc,True,True,pass
34,1700001020,telemetry:34:source:87,347545,dfaa34fa9caa8691b4d885f49e34f665327c243daa0cad5e5c61e9a3e283b484,True,True,pass
35,1700001050,telemetry:35:source:109,242623,76f1294ad1bbcb7cf6915404a7faf02cad05dfaa9119cbbe9749ed79f66e766b,True,True,pass
36,1700001080,telemetry:36:source:85,624020,8f0342293c6d055ec1b00bdd904a1ca7bc70ade4a60c1fe83a9805bb0087de75,True,True,pass
37,1700001110,telemetry:37:source:92,368639,4e1146ff4a0392cdeca9614f918da91a4c813f4dac0e2241a19a61a15deb1e60,True,True,pass
38,1700001140,telemetry:38:source:85,885808,53b8af7937ec8c1b092c48446b0986a4d44068adb9eb09b361dd9213969da85b,True,True,pass
39,1700001170,telemetry:39:source:85,980391,21fbd9293b5caf65dfad39d2cadc1082aa37e05c19dc34b6c7d86dc26760f6ac,True,True,pass
40,1700001200,telemetry:40:source:87,993353,583546bfc6d4dc0659b8b650639a9e0f16c0f96abd3a6d70237a74e92e5f1d1d,True,True,pass
41,1700001230,telemetry:41:source:109,006828,6b1fab66164b2295bb58405ba4484f67c9f3f550cbc6d5d556bfe6a0c01d9190,True,True,pass
42,1700001260,telemetry:42:source:92,019344,6c3be79294def69da76568577ea7b1b208de9499e61a7a783580fdee9f162fa6,True,True,pass
43,1700001290,telemetry:43:source:109,674337,15c12e519bde7556e7612778bcb06f6bad1600263c83cbd1450f3f5fa99959dc,True,True,pass
44,1700001320,telemetry:44:source:51,666819,c405c869f00caaa654d3ced58078fa42211f66fb04904e4a2cbd2da7b1d6548e,True,True,pass
45,1700001350,telemetry:45:source:92,234104,695d004560be2e8286d5cc0a77c4c6613dfaf5aea9e327cb772150566a5a4895,True,True,pass
46,1700001380,telemetry:46:source:87,050731,7daf1ad3ba7dc3a046d01aa367113a00595c5f46cf7b4a12d3e65d3332946eb8,True,True,pass
47,1700001410,telemetry:47:source:87,240959,abac57368afd6df2cda89176009556c00151f585fa51207f5ebe0fedebbfba5b,True,True,pass
48,1700001440,telemetry:48:source:87,649607,e7ee893795881ded60839fc8a79457465841599e8ad542b52865ab20490b5449,True,True,pass
49,1700001470,telemetry:49:source:87,712911,5473556b0778a99c99663f0e64231c75a3db89bad6b6569ea2b0ce08318c2e44,True,True,pass
50,1700001500,telemetry:50:source:51,519234,75306e36e1f3f5854e931227093822f96f639d817441389ccc33f50e66735756,True,True,pass
51,1700001530,telemetry:51:source:92,371736,4f6efd372f362102781f6bbf95e2dd44a339cda8a84c1507621d9c4c3115bddd,True,True,pass
52,1700001560,telemetry:52:source:51,595775,b5a3b2e4492b58f5e80eaf6fd3b6ae8192d8c2a674658248df314566f137b71d,True,True,pass
53,1700001590,telemetry:53:source:109,556613,83cbdc014dcb45e7180274840a5879578cef30cbb553d535bc51e09dac7ade92,True,True,pass
54,1700001620,telemetry:54:source:85,476563,cf7c94bf59693b4c80e32eebaa5a0f0286a518fb1e01252aca04b0bf9b143f4b,True,True,pass
55,1700001650,telemetry:55:source:92,356228,e6b88ca9fe7970d52b25e6b5c73fb16829571699b6082ed762bb4ee78b5e69ba,True,True,pass
56,1700001680,telemetry:56:source:51,294489,6a2b50358f455e2f59299e789a3bf70c3da30477e51558dd8bdfab6343888573,True,True,pass
57,1700001710,telemetry:57:source:87,002509,082247c4677fbe9b77b76f58bcdc97345d92fbb5c41a08d1af8efd59c963e16c,True,True,pass
58,1700001740,telemetry:58:source:85,472305,68cd200050dfc143fdb41852ac1e6210c963570407461897c99b9f98ec88f8d6,True,True,pass
59,1700001770,telemetry:59:source:87,390675,22c4269067320f2070c42c912978a21e688ac41dd58d74d2f65387a8fbfbae1a,True,True,pass
60,1700001800,telemetry:60:source:87,134138,24d8fd326a0ec7db983da1f07779cc81f8b42365cb6025e4ee5610edf27319bf,True,True,pass
61,1700001830,telemetry:61:source:109,177661,7a3f978a8d005334a235598deb8dc81c9c47f2111439b64fb0cf356155662e4b,True,True,pass
62,1700001860,telemetry:62:source:87,308920,4fd38751ebf4c6382c8bc6053009b6790385ef37a102bd5a6a9c1966fc1f047f,True,True,pass
63,1700001890,telemetry:63:source:87,876998,8032dfa60951fc6cea421a0bb98eef6f01723d1715b97a0bb51d2223e482678d,True,True,pass
64,1700001920,telemetry:64:source:85,247722,bf198c5acbd69c8851e081e0feaf48f1ddf467944fcc9e8e24a0b3d6d4486688,True,True,pass
65,1700001950,telemetry:65:source:92,394197,3218fc538cbe6bca6e34d29b07c57c55017bebf3872afda387a1e62fa4ee109a,True,True,pass
66,1700001980,telemetry:66:source:85,981398,f142984685b938545c883b51b7a38056ec36316157c4d5d0bec100e96202296b,True,True,pass
67,1700002010,telemetry:67:source:51,302653,96d0dfeb386fa6ae6e44633cbbf265763d4bec0d3deb3b08b7885c7409d1b4ed,True,True,pass
68,1700002040,telemetry:68:source:92,821802,4c96b542b3b5b028ab1de683f986135a98395d1682cde0afaf8ad74d47bacff2,True,True,pass
69,1700002070,telemetry:69:source:85,360387,03885a6c0d72a4e7957d5fb58b9e98042d2134d065257b98f1e5e1408dc30da9,True,True,pass
70,1700002100,telemetry:70:source:51,888526,bf614419997e4508f7a5f3fb00d94f99ff04c486dc063511dfe7ee2531c3f4d8,True,True,pass
71,1700002130,telemetry:71:source:109,988488,2719f091458af4f1e020ec50eaef9c1adfdf14bb21bdf62737458d63d62474c5,True,True,pass
72,1700002160,telemetry:72:source:51,127820,cd8261b8500b34026cb45b1e458498d6167e23995db00aecd01819c7cda24eef,True,True,pass
73,1700002190,telemetry:73:source:85,074234,0e81070f7fe5c0edca7aa052a0f61f1b1f1464defd8d6b9a3bd63af0400073fb,True,True,pass
74,1700002220,telemetry:74:source:85,782958,4d6c4800b85027c21ca6b2fb8845cf17ccb993bc5a2579b6047977ac17aac395,True,True,pass
75,1700002250,telemetry:75:source:51,059407,f4b4592e3e330303b69df6b951ef00ca28080ac1421fdcb7c55e4829a50b168c,True,True,pass
76,1700002280,telemetry:76:source:51,248693,55ea94e9ea39f1ca45fab2dce475015a8d07b2e45a72b0306c845bd9164cff95,True,True,pass
77,1700002310,telemetry:77:source:87,382969,3f860afcd7bb9116bb27606edda160d03e636cc17c4ce5b22035db6200ddc839,True,True,pass
78,1700002340,telemetry:78:source:85,078978,b2a460cc50e9a6230607116a846fe12fec42e3e6d7dd6ce5a3069450fd7c3201,True,True,pass
79,1700002370,telemetry:79:source:87,106656,6bd6b5eeab673f6358dd25015d3cc3a8e212e0a5f604d335fbf0597d7ee1b6a7,True,True,pass
80,1700002400,telemetry:80:source:85,335343,a248b17c8ae5808175df566ffb36c48b92f7b44e1ea1f8c914df7bcc96edb91e,True,True,pass
81,1700002430,telemetry:81:source:51,492212,b708713947c5855d6373bf4832dd193ef905d2584ff19ed172b00115990cf62f,True,True,pass
82,1700002460,telemetry:82:source:92,457870,2fae639b06950a0f07856252204a1bcdededf16687bb2535f56f23a2fa5ff62c,True,True,pass
83,1700002490,telemetry:83:source:92,637717,181c36f148d8c974c7b28a8fa69b2d489089edc128b37a36612939139fa4856a,True,True,pass
84,1700002520,telemetry:84:source:92,858551,194d135b79d201cf2bcf3a01d469480150129699a8a1ab74d0b29e1122e1788b,True,True,pass
85,1700002550,telemetry:85:source:87,566108,a44efa35794e12a3c6af48074d0c1dd49c546c8eed21de252c71d6d273a8488c,True,True,pass
86,1700002580,telemetry:86:source:87,271494,4a82a5b04e55fe7648be2769e55529d903c6b9564c66167f46832fef64d21e63,True,True,pass
87,1700002610,telemetry:87:source:92,225257,19885846e19982bda0f154a74db13d196a1890ebc4253377fd172914e4756263,True,True,pass
88,1700002640,telemetry:88:source:85,043215,df3190c089f2d3cf896c2ea89bd6df71033d8c92b2f05b0e2fb8372d8d236a26,True,True,pass
89,1700002670,telemetry:89:source:51,403005,644c0b1efacc9c8da81234b256383bc8559f79289873c6d2951206a6870b3da3,True,True,pass
90,1700002700,telemetry:90:source:109,670673,ec2aa4718451e4d447588e819ff99c6aa82fe0abec7c4a90e3662bd52c97dbcd,True,True,pass
91,1700002730,telemetry:91:source:51,415818,dfbd3d6ef1718836bc092a02bf73f3de36578d3957ff48c6fea98846a5fc0d6c,True,True,pass
92,1700002760,telemetry:92:source:85,851105,26a847eb1c90881a84c97593d18b41cda8a3baae0e8981d9b5964717e75ca8e6,True,True,pass
93,1700002790,telemetry:93:source:87,137358,198d74efaea1fd4c6ef2c8ccee330ee085e9d438e3d22233dc06dfbaeb59b4b1,True,True,pass
94,1700002820,telemetry:94:source:109,893172,f63dda94f2a802df6a86762c0d121134d96ba677055de192557b6a21b60e0da2,True,True,pass
95,1700002850,telemetry:95:source:85,469402,78308d1a2385a90b7c57ebe2a138430084d1a21ef19bb2ca63c153a5b20aab53,True,True,pass
96,1700002880,telemetry:96:source:92,220632,b07a87c02ae5f5bec18859a11c33ba92749244e39b31b4f51c9ae52ac8ccef7e,True,True,pass
97,1700002910,telemetry:97:source:109,172696,869d63507dcc488553029d468249e1da790098cda2293da0f313e751d9d94945,True,True,pass
98,1700002940,telemetry:98:source:51,424526,25cebd06730d4c95281a977ed38f0d83ed5d1753cae62b8a585520f37ecc7bea,True,True,pass
99,1700002970,telemetry:99:source:109,206932,5b26e86c53c6a92c1880858940d6b3bd19083d8f87db2f6ae5428e11ac319f9e,True,True,pass
100,1700003000,telemetry:100:source:109,770706,e93bbb9170f33efe134e64e41c443a914f5f64fa247409c86f71218073666eb6,True,True,pass
101,1700003030,telemetry:101:source:109,508749,c298162a0420a8b988868e974dc22814f8af4596b852c62ed66203c007ec64a6,True,True,pass
102,1700003060,telemetry:102:source:85,140835,f4791ddc702dff23ceef57149fbc80126e539054ae81e5c0a06b9cbd936d86ab,True,True,pass
103,1700003090,telemetry:103:source:109,134035,63ee6c4c27624fba1235b38e58118a7d5f61e1861a376391648969f2594a8fbc,True,True,pass
104,1700003120,telemetry:104:source:85,959019,0fb615e5bb8f9027e17fdeedd6e8f326c2bf07c0cad1ab91a61f22ab54400096,True,True,pass
105,1700003150,telemetry:105:source:85,377092,d777fcf515e9a578f2e1d2fa9a986fb96a5fb266e231c4b234a5e8302f3a8a61,True,True,pass
106,1700003180,telemetry:106:source:109,767455,d17b24fa704700710867b860db3c4bcf607bef68fbe2bde40a78982e3a58c631,True,True,pass
107,1700003210,telemetry:107:source:92,805005,b0095772a0cfd35331b47cb0921d43e2f7a744af5a9c8e2033e2b1e010eeb093,True,True,pass
108,1700003240,telemetry:108:source:51,033384,9971eb20101f9fab967ef9ca862a2029492856c6f985ecd6412de2d877528633,True,True,pass
109,1700003270,telemetry:109:source:51,849843,d68019b0f00e1666a82465cc553b87891a0cf831dec2d020fc8992a9d6e5433b,True,True,pass
110,1700003300,telemetry:110:source:92,401273,4d78e4733ff91a91a3ca5b347dbec9fb92cc5cd7009234ec24ab5abf2159acf7,True,True,pass
111,1700003330,telemetry:111:source:51,332665,c3f9be4482065eb779066077b0aa808649a3fdd504c2c3b4405c9ba4a95b0e86,True,True,pass
112,1700003360,telemetry:112:source:87,080006,aa53464b5606deb9b110804bacc8b8847b850e6f0306d57bf404ff9a20a8b7d9,True,True,pass
113,1700003390,telemetry:113:source:92,658847,8e108c3f584f70f64fc34dc1e19e996608b15a8c3949aacd7a67d046e2daf6af,True,True,pass
114,1700003420,telemetry:114:source:87,646867,be8c2b5e276def65fab4ddf3e995b42cf0b1bbbaa8680ebd7cda4cf9488e24a5,True,True,pass
115,1700003450,telemetry:115:source:85,285601,e6550499206e63d4d8b8d225cee8eec145c7f7b542cf291d2a189c0750c554ad,True,True,pass
116,1700003480,telemetry:116:source:109,155729,39a606673a6d84886179e86ab235b861b8fee7e13a7064bf0a1a6831f274e0d7,True,True,pass
117,1700003510,telemetry:117:source:92,891375,4dc703235c60f9c95b989847bf278237752876ebb366e9d72b50587b909481bf,True,True,pass
118,1700003540,telemetry:118:source:109,495275,d429cc864d6f3c010bda66f238a2e7c2bcedb828ba883bee9524b6a1793a4b41,True,True,pass
119,1700003570,telemetry:119:source:85,807323,58c1fe04d24ee1251900e68671c4789a0a9d54a476a4e8c6fc49476a7b51d417,True,True,pass
120,1700003600,telemetry:120:source:87,231777,d63f333b7bb760e8c52d7d18f1df468460097f00d6957aa413e966179a7eb620,True,True,pass
121,1700003630,telemetry:121:source:85,393073,28fe9e7665a7c9e0fcfaf49c38efc18f8e6008d323375ce4fc01475f109fcb70,True,True,pass
122,1700003660,telemetry:122:source:51,109894,0b9a7baa3f59c3b7714dcd9fce1ecb911699426f191a5fc0d35b806d4e3e9280,True,True,pass
123,1700003690,telemetry:123:source:92,413823,5e668d61dfd12058144605eb5af17f2f26ac45ffddbf2fc3eda75c36bdcc2557,True,True,pass
124,1700003720,telemetry:124:source:51,536704,6b5a64f3f96faecdc50d5367d410a6f5651a0b489b96698345500c37f2b0c71a,True,True,pass
125,1700003750,telemetry:125:source:92,792254,0b47eaeb6f8d3d50ae1a2bcc6325230ad29cd43f4a565c4c2f1621e2b8bdeafc,True,True,pass
126,1700003780,telemetry:126:source:109,115192,069edc5e202ddf228193220d2e1af65744484d7ccd0be489bbb4b23bd4ce8062,True,True,pass
127,1700003810,telemetry:127:source:85,671326,3e0322bd395166b3de3eb851729df1aff8022853cea08c460f55ed4d020f94b3,True,True,pass
128,1700003840,telemetry:128:source:85,711195,261709f5e31287b69f44e2b7e61f015e4239e33d1b144c2355c83eb98ed7c909,True,True,pass
129,1700003870,telemetry:129:source:51,756402,9b18aea1df6071b72d2e207da111d94b3e9ca96154de105ae7323f0878755b76,True,True,pass
130,1700003900,telemetry:130:source:92,159364,d7b910c3f12c0e58f85441156c7c0b88d9a0ef87c40ac88f6643cfa9ef5d1acf,True,True,pass
131,1700003930,telemetry:131:source:87,530244,34667042a2cdcb09b74888776e1975381b27318a29af95f9b6e9afa1c492bd83,True,True,pass
132,1700003960,telemetry:132:source:85,434518,a51e20acd18ba16581629da2e09bb99c23b2852724ac7f6a3f74e6f6db2ce53f,True,True,pass
133,1700003990,telemetry:133:source:109,400365,21b0868c05c7a23b56cec378619907694fdd5ed92751e55d2507137541ad0642,True,True,pass
134,1700004020,telemetry:134:source:92,714212,e3a8cfe056fcd174c151efc9340757c05a04ec42a05a3b6db36a2be68888412e,True,True,pass
135,1700004050,telemetry:135:source:51,148717,954e66ed4e1546121d889d1926a5d44e44d879003c1ec6b8a9956bdb4065b1fc,True,True,pass
136,1700004080,telemetry:136:source:85,031964,88b36e3f8161c7a4f2d2af05c7ba38571db718d82f6e105b7b04db795f4b24ed,True,True,pass
137,1700004110,telemetry:137:source:51,183618,ce1806538ba6fd75798a572e77b1b54137422220d49bdbe401f0ec70ad5da752,True,True,pass
138,1700004140,telemetry:138:source:87,900291,646009afaf8b8f7e6737830b82b3edc88f80e68d017193b74503377f5c39a1b1,True,True,pass
139,1700004170,telemetry:139:source:87,844020,6afea1e85de5c4bb21f831cf3f54c2e95775de00d85147a4afbe17aefde3e8bb,True,True,pass
140,1700004200,telemetry:140:source:92,141242,77547e08fc2322915936248fa5eb59460f784543f66da000495ba3b74b41bd5a,True,True,pass
141,1700004230,telemetry:141:source:92,396017,f71f650a65e52e49277e54733a0c918e552a02d5ca549aae7fbcba6ddb743226,True,True,pass
142,1700004260,telemetry:142:source:85,382640,084923708ba29415272f83e0523f423c92315be466822c8b4b29d0b512ce800d,True,True,pass
143,1700004290,telemetry:143:source:51,858750,09a217d66aa5811d74bf977d2e7e7d21ca2bc5187dfaac2e7f9de47707a63ba0,True,True,pass
144,1700004320,telemetry:144:source:92,104692,0f6799d98a873a5b91bfa1d7fc8c48c7dd2d60267a0b4ce5d82e5e55aff72de4,True,True,pass
145,1700004350,telemetry:145:source:92,953418,14ed941514232a6e7dd9fac240fe3f055408b33152f8f24891242c2bdb57a3a9,True,True,pass
146,1700004380,telemetry:146:source:109,618936,fb120f7bba3292498aa5f71f27f493d17e827caf1104b4a230155154e876cac7,True,True,pass
147,1700004410,telemetry:147:source:87,488963,16a99baa64fa540c4714e277b73160be6317d65b790d196e4c53de75692dabe2,True,True,pass
148,1700004440,telemetry:148:source:51,580497,c35eb6537b0e4600a18eea5428831cbd3583941372e26d465e05bab4f08ebd07,True,True,pass
149,1700004470,telemetry:149:source:85,390855,f19251d85ae2a0d7c2020fbfb1de3b2b27c61903eb1bd430f675db19531906e4,True,True,pass
150,1700004500,telemetry:150:source:109,255590,f01e85a932c43f3c7cfbbc9571fd54475482a1667d6379bdf30bd22cc09ef0dd,True,True,pass
151,1700004530,telemetry:151:source:92,042453,6ccb6c766fd24ea02a660ac1eb2226466d872dae17c5a58bab525d5427005852,True,True,pass
152,1700004560,telemetry:152:source:92,191605,ea819b270eecdfb085aa60200d0baa1bf3ef603bbf1baaf4c93247a4520ff07a,True,True,pass
153,1700004590,telemetry:153:source:109,989976,7217eb10a706949db56c4b5e0198d527439ed5b7ef20ccb247d40098899ac926,True,True,pass
154,1700004620,telemetry:154:source:87,339191,8017980871bd73d9c745c3914ddbe198cf51c87667efb7de93bb0e606620a6c3,True,True,pass
155,1700004650,telemetry:155:source:51,181887,f1f2465654d8552472691c7d4c13413756c00e08e0c1149d5a4eae983f36b537,True,True,pass
156,1700004680,telemetry:156:source:85,152554,ddc4096810e6125ba342e8e540a1b3778f8a199905e0d4089998c115af9e5816,True,True,pass
157,1700004710,telemetry:157:source:92,298142,61620779fb63935409460a761e50ab838b0b7b64132c879e05f4f164e92a11c7,True,True,pass
158,1700004740,telemetry:158:source:51,304264,fccf34f605efd8c8ab6318056b6f8069d6989f255803df18bebe4af29abb74d5,True,True,pass
159,1700004770,telemetry:159:source:51,942070,20cbbfc57947c62e3654782e14a22cc99eee3efad111819adfc6702138d98472,True,True,pass
160,1700004800,telemetry:160:source:92,369228,8192f667c43b0389b79d7a54ba654b7b29b1645a4d0fd76e463e7ca8983c6d6f,True,True,pass
161,1700004830,telemetry:161:source:109,066595,e269345595985270eecaf06f51c8e1b4bdf17e617420fdf5a5f32fb8505510b2,True,True,pass
162,1700004860,telemetry:162:source:109,220177,b67ce8333638012c6883dab824e97c389a59874416f69017484c349a0b53755c,True,True,pass
163,1700004890,telemetry:163:source:85,826200,42e517556a38a82e8a316d8e80ad2ab7cddc533cb4811a1ea0d7171fa41091c8,True,True,pass
164,1700004920,telemetry:164:source:109,088020,3ed9d11b708535b4d7c7032eebe0bf9bc2672818d55624ec333be04c4518c6a7,True,True,pass
165,1700004950,telemetry:165:source:51,008692,e1a75d03a4a9e793e8aea1573518e6d8e23ffa68b18532dd5310fb48d2cac008,True,True,pass
166,1700004980,telemetry:166:source:85,408686,5fbd10a3d6c2d88cc0f88cef42440ab8e12b4c36eee0732c79dd782107bef972,True,True,pass
167,1700005010,telemetry:167:source:51,110451,5ec33eaeec2a9c7f749f9f402a18060fa2e7ed2b56019272d02aa7768ab075b5,True,True,pass
168,1700005040,telemetry:168:source:92,314466,33b67673dbf946793186d42bb5c8d6eb1cf102cfb013bf26bf18046b5323a327,True,True,pass
169,1700005070,telemetry:169:source:109,008814,363f94ac4c04437aed2cf2b5ad15f3ea2ff95343f4a77541c70bb842133a0ea7,True,True,pass
170,1700005100,telemetry:170:source:87,082561,278d157e34bce6867bd55ff6075de161d31bb7a03cfdc11b8582d9dc9d8286f0,True,True,pass
171,1700005130,telemetry:171:source:109,337094,58894cb88766f5118dc82fe8341593383048d1478875d70fcb156b17df8c9efc,True,True,pass
172,1700005160,telemetry:172:source:92,454666,4c4908563071b851778d4de46afd56dd46ca9e4fcb518edab83129350f78d1aa,True,True,pass
173,1700005190,telemetry:173:source:109,430356,2b7a0aee2519fb828319f9a014aeb5ed854ad25f5d9bfb1da8126612c8e79afc,True,True,pass
174,1700005220,telemetry:174:source:87,592568,5a3ce8e6886c0c4d037c4a5f469623c301743d1db3349bd734916203a070b17d,True,True,pass
175,1700005250,telemetry:175:source:51,379612,d1d3dc2a02195d5fd8d02c31b2a01c6f0e711ebe79000a9cc50e66cde4cf3170,True,True,pass
176,1700005280,telemetry:176:source:92,175562,8eab9387321798381c75a034adc5ffeca3566f19bb64294a5c328e9141f4f1e9,True,True,pass
177,1700005310,telemetry:177:source:109,964714,3ea4675e8112d164214e673b33bba5542ff1af171160605ac938e1f9a60c2413,True,True,pass
178,1700005340,telemetry:178:source:109,364166,2233261fb7377989d9b54b0f92d8f2c2696e8cb309e8dd8a880873d48ce247eb,True,True,pass
179,1700005370,telemetry:179:source:109,575953,597f4eebc76f2155ec9be43c02e1649ab3ddffc75275dbc7417fe754a57328c8,True,True,pass
180,1700005400,telemetry:180:source:51,490694,57ecd26195294d53e39102039c06e821923391d956ebf730f3dc9840206288ef,True,True,pass
181,1700005430,telemetry:181:source:85,266514,d111f9234547db299989484b3e10a2837c5c94a5fac3abd9116bc3757f1d66bd,True,True,pass
182,1700005460,telemetry:182:source:51,767279,61a41ba28a88c1328545ba35d67a14d38ae775a019e6cc2b2a978388c646edf5,True,True,pass
183,1700005490,telemetry:183:source:109,815667,9cae0af3545acc9dda4196a196772e1ebe5a8ba641ef4801e200d5c03af09af1,True,True,pass
184,1700005520,telemetry:184:source:92,913276,2736c0290d29399968af64b402fb9ffadb07417087d46b905c3e584607d56a28,True,True,pass
185,1700005550,telemetry:185:source:85,978633,c1fcffb443c344e4401c9d0ee43330d2ecdd3355739ff0fe5ea0d19f73c9c38c,True,True,pass
186,1700005580,telemetry:186:source:85,457527,e6f47f5fb0681097f15d98c0e3cd6d86a5ccda6e32f054f8d21ab3a1fb907694,True,True,pass
187,1700005610,telemetry:187:source:51,136575,0f91a8de561e6e74936b415c7aec9fc686840154acc045227bd1e7d592657e14,True,True,pass
188,1700005640,telemetry:188:source:87,472929,6096f8db1c2c953172006df387e6e24fdfdc0a85fa1a561163e4a0d75b97507c,True,True,pass
189,1700005670,telemetry:189:source:51,396674,63f9608d5be5fc2b2d25760135ebb81240c16a3041afb5e6aa4fd4b35f102b59,True,True,pass
190,1700005700,telemetry:190:source:85,877268,940bbdfd3cd4136ef24d486465f8d52ccc372ab6804324bb8af2d2f3ef1d92d4,True,True,pass
191,1700005730,telemetry:191:source:109,897121,6d6496d45874da6764645a469afff2510b31b23a1d33f24acd3ccdec9fc9b81a,True,True,pass
192,1700005760,telemetry:192:source:51,755406,ce03b33ecbf6030a77963c1e0e0cac0ef8ac6346a4cb06d93785219adf214ff8,True,True,pass
193,1700005790,telemetry:193:source:87,266659,553b523cb95874d4e98c365d15cf5e4cb85d490110693b264f962c7c692e8b6a,True,True,pass
194,1700005820,telemetry:194:source:87,739893,830004b03f1ad36f3035a1748b01038d613994d9db6073b9759bbdf239110efe,True,True,pass
195,1700005850,telemetry:195:source:87,216469,993128b044df227a54bff6e406035c180c64a35a30205da41855d7b7b5a42e9a,True,True,pass
196,1700005880,telemetry:196:source:85,030808,94c8fbabc3aea1ee115135118e38416dc74d1b7857783090308fbcde11d55453,True,True,pass
197,1700005910,telemetry:197:source:51,581499,941ca8022636e140853b060d657a15f6b1eac53e21f3736cbab5ffa368bd85b8,True,True,pass
198,1700005940,telemetry:198:source:109,424672,331fa0844fe7dc50f2fcf18ed0ed358e0ac75ec73ef7fad48cce02797aff0fc4,True,True,pass
199,1700005970,telemetry:199:source:87,326244,f2e9a890d05c3006bdfaeedd7bb39f3da409cd65dbfe23b012757839f184a0fa,True,True,pass
200,1700006000,telemetry:200:source:92,871810,caa7db2f8bd415a2198632e4e7ca7a382ce91b2222b9d7261e245077ca7d07b8,True,True,pass
201,1700006030,telemetry:201:source:85,737410,35f15e67cb0a06dc8321b8cfbe137f1f618909299c505a53ba0acb9c00321e36,True,True,pass
202,1700006060,telemetry:202:source:85,091542,33b55ea26d381c4cdca8664a679a0467e2fdd1ecd28cc2ac19a942e098c18c92,True,True,pass
203,1700006090,telemetry:203:source:51,862862,8013b9e5de63cc2f5fdd9b3818b4bd681f13a8b1fe102badacd9a9f02d81560d,True,True,pass
204,1700006120,telemetry:204:source:85,298827,2c04c3658cb9e6c9d3c00131a33a9b944899dd373c5dd36de027f9e30e063939,True,True,pass
205,1700006150,telemetry:205:source:51,979318,f73d66a62ab936e4bc43f65737b0c4f33a4662747224697bdfb04204fa7a3786,True,True,pass
206,1700006180,telemetry:206:source:87,303671,fe95c6f252dca70189b1d34a996930f03de26363c4bb1ba21576adcfc1a18c34,True,True,pass
207,1700006210,telemetry:207:source:51,135003,cdca0110160e31236cd033b9764bfb4fd3aea1581048f6d869cd4d2e1700ba37,True,True,pass
208,1700006240,telemetry:208:source:87,443663,247dde635343b8a7def4f1bba11c67091d9982cee8312071068278d65c738bb6,True,True,pass
209,1700006270,telemetry:209:source:109,859450,b8ee221402033fb709275f3679ab5a8e422878e79887402b7c45535ae5801b38,True,True,pass
210,1700006300,telemetry:210:source:92,367450,cf020baedf5ff04cfba0ad2512c1b58ffeb4a473f3dbf339e7f7fa4f5ca3e06c,True,True,pass
211,1700006330,telemetry:211:source:85,122198,f17594ac7e1f40b390759d8d4f16a3060a569ec666e7572a4af10b9923ed899a,True,True,pass
212,1700006360,telemetry:212:source:92,472143,0d1d2f09e488bb0346f3ca60d0581210a8047f876ad4830f7da3654a590e633c,True,True,pass
213,1700006390,telemetry:213:source:87,059230,e20d8569eb51e18e3d87013d5e40a500eb8ede97b2d0cd428c55852ad566703f,True,True,pass
214,1700006420,telemetry:214:source:109,477217,2d866cc011de72daceb1b5bcac1ef275d835434385f54d5ba2c722d4bea15612,True,True,pass
215,1700006450,telemetry:215:source:85,832781,c15b1bb882f2880a77b4fc8d1baaac879f49b537be3c7573c9bb8ae214d71525,True,True,pass
216,1700006480,telemetry:216:source:85,750687,dfc8cdad5a461bb6a9ec9e3a55845dd5820cc02a6e1dd8299c4a3afe32bacae4,True,True,pass
217,1700006510,telemetry:217:source:51,248148,cc27d75137f3c4b3ac098bbfe6c72eb407157c514d3a64e1b8d2f678c703ebec,True,True,pass
218,1700006540,telemetry:218:source:85,517533,61c66967d75454e00317e8f298dc70e4da7c45838967dab09ca179027faf06d7,True,True,pass
219,1700006570,telemetry:219:source:109,380132,8d240e7bdce1a5db7d065483d98030b0745416898ebd73bb0551fde04a970502,True,True,pass
220,1700006600,telemetry:220:source:109,163783,0d87a6b501d0df9e4e1db87d41c1d91571d149fe7b37c6a85e5c00919582d9f2,True,True,pass
221,1700006630,telemetry:221:source:87,473456,1b62b2246b36770eb0eee13cadac1039aaa5beda0e2e581325a31e91294f8470,True,True,pass
222,1700006660,telemetry:222:source:87,472926,e3b71c09b193d2e3e5a3bae5190670b765c618d228a4e0480c8ae76fc0c426e1,True,True,pass
223,1700006690,telemetry:223:source:87,115454,624a4ed1521e6fca0bf3f6ba17645120d01558ef4f16cd37f61d2f2f0a9a0d37,True,True,pass
224,1700006720,telemetry:224:source:109,296512,4437a3e5a1cbcae490a568ad367e56a48acfaf3e48feae8556d10c61bbc96af8,True,True,pass
225,1700006750,telemetry:225:source:85,046323,ad033ecefd6480f95a78a3ddefa15fc92ebc1a16e268e6a765e537152c452147,True,True,pass
226,1700006780,telemetry:226:source:87,563830,35a5489e37b94f2d5cba2a27fae3b4f51dfb7bbf6be3da333be3bfab89ce175e,True,True,pass
227,1700006810,telemetry:227:source:109,297271,c8a3e612aaa372beed897e74b145f09f8ea453a986dbf73e8f7c4bc1d0990d4f,True,True,pass
228,1700006840,telemetry:228:source:51,745059,5b32963a0d413908bf2f55ebd0e5fca2124629b6d016865ceea992ac9312d06c,True,True,pass
229,1700006870,telemetry:229:source:87,698890,ece8192c00e489d656bb8cf9b3f563ce45abcf2b5ec4339b3a90c0b356578485,True,True,pass
230,1700006900,telemetry:230:source:92,722557,4b349be83e34142a141c0cd9d79134c9999ee2520171f652c2c80a46c828903a,True,True,pass
231,1700006930,telemetry:231:source:51,962458,831c1957d47997f7ea1f912a1a515ca060fffbe48c2b820cd7ec574afa9c2953,True,True,pass
232,1700006960,telemetry:232:source:109,068610,c319df7ca56e97b933273e9181d94f1c30d02ef3cd7d0739383970f2cc40c595,True,True,pass
233,1700006990,telemetry:233:source:87,688226,52327f1b393e970302ecbd0d2549bb2d4cefc4fd9937a82b7830f7ad8bfb7dfb,True,True,pass
234,1700007020,telemetry:234:source:109,559327,241dc34b5af529894cbc83c1dcbd065963bf1ff2e95151cdf6382a92c0a65bb2,True,True,pass
235,1700007050,telemetry:235:source:87,157729,c345e967348a1e5d41e2ff95d960b38f6747fae42cc4a93f4570769a56c2be7a,True,True,pass
236,1700007080,telemetry:236:source:85,101710,785d6d6c18bfc051c3669cf627db83ba7fbecd0450b969cbaa60ab5445c4c981,True,True,pass
237,1700007110,telemetry:237:source:51,943430,a505630737daaf39e2867919ae97332e934c829d7cf1181bbec83c7b44fe7f3f,True,True,pass
238,1700007140,telemetry:238:source:51,028336,37c51a15a7a353bbcdf59dc9528944addab2be169400ec267cd19768e5cbfa9f,True,True,pass
239,1700007170,telemetry:239:source:51,923066,b591c5f2609c46e5de65606c0f6ddfe07e1e594e0f1a97292d409d0dfc414a6d,True,True,pass
240,1700007200,telemetry:240:source:51,893864,44363cf5b890f6efe72976cfe1f3d9a3473c008112a08d742d496f8de87f6f35,True,True,pass
241,1700007230,telemetry:241:source:87,042737,c173be2d7e3d967829c975ad49bf4de57645a0fe6d89ac9ee91e6253f77735bd,True,True,pass
242,1700007260,telemetry:242:source:109,839008,e4ef059557c5bd8807ef903f188ec51806d7d423e1f45040fe4db83c18020d6d,True,True,pass
243,1700007290,telemetry:243:source:92,925423,3391424c90054b2b8237ae0b2fb29da1d004c6a1155fd4a0e86bcd58dbac71a8,True,True,pass
244,1700007320,telemetry:244:source:92,226557,7ee424ebc7492ff57745cfff65afb0f6fe7be07defba01cc810dbdc0d1638190,True,True,pass
245,1700007350,telemetry:245:source:109,334705,8e0287ca3c62eb9571c3ef8a265b59049534951b282638bf83330c58c22eae3d,True,True,pass
246,1700007380,telemetry:246:source:87,005845,71baeb7ddd556a0470d63f893177563e8830c8a099401182fecbb2c179422257,True,True,pass
247,1700007410,telemetry:247:source:109,923342,a9ff4e0e2867ce1ad1ebe5e8eeadfcff247f94de062fee64d44eb674f90b0047,True,True,pass
248,1700007440,telemetry:248:source:51,029541,c64eb2d02e16c68c0296fcf85224d1c8b030b3d6827d8ea00574b5fb13197516,True,True,pass
249,1700007470,telemetry:249:source:87,372577,b0b84c7c9d77df10c923e58de80ce8db9936df043239f491d02ee29a1daff29b,True,True,pass
250,1700007500,telemetry:250:source:109,941554,afb07e87e4386e16181d212676309c06fec418ee177550659125b75667903cd4,True,True,pass
251,1700007530,telemetry:251:source:85,997232,847476931dbafd58feeebf36f611fd5b4bd72be432eecd50d19dca3b751128d3,True,True,pass
252,1700007560,telemetry:252:source:109,277215,994d3d2ff9d5089360d0fe3b894af414e4b9f9f3e7f6bdb4eaaf00bab68c6ce9,True,True,pass
253,1700007590,telemetry:253:source:92,201154,8b73edfdf81c6e9860339f06b9966dc314b308f8d80bec30474c174523d81882,True,True,pass
254,1700007620,telemetry:254:source:92,755742,b396e05d34bcae14b2b73e294d41c8ea34218763c1e82fc29f6ed723f0eb0edf,True,True,pass
255,1700007650,telemetry:255:source:109,178541,43dc08c6ff9459fa3386172e7575fcd08b2eadd793f0b519c4036e140775f780,True,True,pass
256,1700007680,telemetry:256:source:92,477153,5e7c14d8f54ac2581d082fde445a5f7f64a8ae05ee6ac3eea5dea0f51702e2ed,True,True,pass
257,1700007710,telemetry:257:source:51,027537,931683b1639e80bc51112313fef24512fd4a69dfd9036d2d4fc86ee95252f99e,True,True,pass
258,1700007740,telemetry:258:source:85,059457,f9762d6e4aec1cdd3bc26b7d318d536b8e7cf2ff3d9eaf3025ed27842babded7,True,True,pass
259,1700007770,telemetry:259:source:92,475950,4a056ac9cd82d71fe765aec05eb4be04a81c305f1d9085af2a92505c056f1528,True,True,pass
260,1700007800,telemetry:260:source:109,811489,b1a1ac29f9aee9be963f8f3f37965b3aaf692a7193226ed0bd1cee60fcb5d542,True,True,pass
261,1700007830,telemetry:261:source:109,531011,b0a5ced2ec02ff7cd2bf55e108242b218753cef476765f36c8d9ff9263c04f86,True,True,pass
262,1700007860,telemetry:262:source:51,096502,74f6b7f5fc7faf1569188ebdaecff19fda62df7471ca8336e67614ea84b8d9f7,True,True,pass
263,1700007890,telemetry:263:source:85,699298,6fb7b29b3f4d07d0b9fc27e1a8f893301e0e5ec8500f8ef92e65f7d624124813,True,True,pass
264,1700007920,telemetry:264:source:92,094562,3d76a8e9d29f7d12ddb7ff45f637091be37edecf3de3441a28cbfd09173ef1bc,True,True,pass
265,1700007950,telemetry:265:source:85,186701,1f423a246e43aaa497e03e52d42de152e4b2c7b881ca642c05c19745ea4a19bd,True,True,pass
266,1700007980,telemetry:266:source:51,532224,e07a465de979cca08b6a35da7a5a23a7ea7b1c60c7ea19314f6c7985d12398cf,True,True,pass
267,1700008010,telemetry:267:source:85,384174,ddc4e9ad93e892270b09ed5e2928e228703b92f2dc6f245b16734d6331954e0c,True,True,pass
268,1700008040,telemetry:268:source:109,910927,26a2c4f4e9c4465f056326d44c44257d7b83ceef6a03fa427cf31ae817201412,True,True,pass
269,1700008070,telemetry:269:source:87,307218,c55aa80cacc3a5b00ade9cd145eb1306c70cd0c4bff88b7a5dc512f2bce92378,True,True,pass
270,1700008100,telemetry:270:source:51,281081,d17e5a9c8967f69434b32b9bf20e9e4c0be1e94baadd2a9146cd2d7cdb566bed,True,True,pass
271,1700008130,telemetry:271:source:87,158890,caf652194ae08a8ee5cd632f5482d5e7fc3f8ea04c8824094b19bdbf3ceae535,True,True,pass
272,1700008160,telemetry:272:source:92,929668,baf4a7e7802556a75b556421eea1355e7286eccac9abbcd6e4febb9fa0cb6a8a,True,True,pass
273,1700008190,telemetry:273:source:87,503407,fd0855f59573687e7ade6ea7312a2dcbff6a6e5061e34bf651bde81d58685760,True,True,pass
274,1700008220,telemetry:274:source:87,734722,a00b240d168e91430295ecb404b96a3f5dd7bf28f1b5508c1890e7212b22399a,True,True,pass
275,1700008250,telemetry:275:source:85,268593,491276814f59f5e80f745de4000748d392f65af1b81c4db2e5e86979cf502b56,True,True,pass
276,1700008280,telemetry:276:source:87,283707,960f4f93bf6f3870f1b576d2ec3a827a0cf76240b02d2f04c8017e4fdcfb5bb2,True,True,pass
277,1700008310,telemetry:277:source:51,813448,75abe576ddf14fc63cd7223d11e98c266e4a36eea04feded2e895c7aefa57dd8,True,True,pass
278,1700008340,telemetry:278:source:51,917511,bb5aefe3619a50f00f475b8e45d143ad5b92f690d4f63339be72961e1aab37ec,True,True,pass
279,1700008370,telemetry:279:source:85,035366,d68145ef04c2aa3aa97c8ec84bce592fa09dbdd948e898782281a382699f64a5,True,True,pass
280,1700008400,telemetry:280:source:109,972655,f8535be8e78ce9ad2b1a8e1c8c7dba4bd6d0858412d4b88b1b47404a756f3a81,True,True,pass
281,1700008430,telemetry:281:source:51,263993,44aba8dad8aafc92caa824f4a8ef0b77f5e0546cdef3fbadaa7821bb64c00520,True,True,pass
282,1700008460,telemetry:282:source:109,504023,328e2720467057ab8d9891859d1959a976176ba414b7a7f6f35fd7f28872c57c,True,True,pass
283,1700008490,telemetry:283:source:85,815952,655fe11a1cb85937ded5a5f726e12c32fb005eb8f945773ba33daef31540e47c,True,True,pass
284,1700008520,telemetry:284:source:85,382988,c0a4e461eba520ea5a1688f2a3fdc710f06d484f4dbf476f273eaa242d15088e,True,True,pass
285,1700008550,telemetry:285:source:109,510150,e954cb15d443cc0a5743089fb37f0cfd1cc896a8bec5e220235c20bc92f38326,True,True,pass
286,1700008580,telemetry:286:source:87,981383,3e981118e1f05df0343a45c654737b94c2437ecdda4cf7b4a92a53a2cde3e662,True,True,pass
287,1700008610,telemetry:287:source:87,561896,39717f23c639b3ce70e1a491dc6df7645b14a0cc27f1dc59767a4828c542af02,True,True,pass
288,1700008640,telemetry:288:source:85,281044,9033990f00da2d9f0efa15f5662cee0a4ce936db6795b865d1bc6e9ef229fe82,True,True,pass
289,1700008670,telemetry:289:source:109,626111,0c26b57f95c1bb79abfe6449e6f52ddb53d925b12a05e852d3d2bf415c49f160,True,True,pass
290,1700008700,telemetry:290:source:109,179731,9557ed427f651c863c52197c4f33b490638ba6fe244060a6a317e11b1f8c635f,True,True,pass
291,1700008730,telemetry:291:source:85,534313,3632ccf0a5be64c18220633a28aadfec7b0f6c29b075d64532326efccd033faf,True,True,pass
292,1700008760,telemetry:292:source:87,737157,05cb0d076bd9296024f0931bbcc1e2d96d216781970c40c82b96552f20652bf2,True,True,pass
293,1700008790,telemetry:293:source:51,327135,4fa43a3a2118e689264e958f26220edfa20467bfb97185152419b17036921082,True,True,pass
294,1700008820,telemetry:294:source:109,700490,a90e144d74885689d70fb5a0c3b29d1d70f11ba212176c999523b370b2587648,True,True,pass
295,1700008850,telemetry:295:source:109,850471,a91072e39c1b9c1fadeebf6e2cce67476312079a9f82398966236a6017852ef1,True,True,pass
296,1700008880,telemetry:296:source:92,354643,f6f5d23d3bc961e8296d64826f304defd098e5717f7479e29a2a35d67a735839,True,True,pass
297,1700008910,telemetry:297:source:51,396468,058e3296bbc4da4a2a79ddd40671d0899b803f29242e8b34a2cb2ac24f234384,True,True,pass
298,1700008940,telemetry:298:source:109,227994,3fd879c1118d90a67882d5f0cb1055c11350df84c406b1a2e7a98b5676f8316c,True,True,pass
299,1700008970,telemetry:299:source:87,873252,f2db50831122882852b8657dd742b763d701a2d5aa1b712c1afb326efc621699,True,True,pass
300,1700009000,telemetry:300:source:109,497643,682010269b818faf045878fcaeb2606c4f34a0f08c47c6f025de92eefe32099d,True,True,pass
301,1700009030,telemetry:301:source:109,840254,5ba25bac4c844b42245e2aa06633f5436839e90594badeeee71194482a8df94a,True,True,pass
302,1700009060,telemetry:302:source:87,694190,e7be243df3299e2a6866e3e4afe202e2342fa661426e94d00ea6caab406d57cf,True,True,pass
303,1700009090,telemetry:303:source:85,199710,c01716f27aef16a179f7dfa5864e56b9ed192570be00d409d00f2dd556846a5c,True,True,pass
304,1700009120,telemetry:304:source:109,782264,1bb2c10cc7330329a7d360b4f94619ddd538af8c2b47a8eadf5cb55186b1cade,True,True,pass
305,1700009150,telemetry:305:source:92,706922,0d0eecabcfa85956f96beb2780474ff68bb04bcff77574ab8a5fe1fb68a7e6fc,True,True,pass
306,1700009180,telemetry:306:source:109,397135,561703ee3f6747415b6188f0a6813e657b423bafe013c2e60480a1555e65f277,True,True,pass
307,1700009210,telemetry:307:source:51,546303,d4f7bc9fecdbf6e97b86ae7774ec528daebf203c9ebc202ac548ee9524113477,True,True,pass
308,1700009240,telemetry:308:source:85,621122,9fc07d78060cfcde62760cbd4bd7d1f6dc069ac0d4bf12b6cc6631774d44c2ec,True,True,pass
309,1700009270,telemetry:309:source:109,644629,0ad08c57c49e37f722d426bc97e6e72bd825c2dee025a9973cd2406011e0213a,True,True,pass
310,1700009300,telemetry:310:source:92,471800,d127f17a500c011994c15a6ada744a6e31b1873e6088bf4d58d9e4d174f3406f,True,True,pass
311,1700009330,telemetry:311:source:92,475468,763158743c9b47a31622480478cf3c96cf69ef31ffaa919edeb61b2460584b03,True,True,pass
312,1700009360,telemetry:312:source:87,343677,fd2507fa4467bdd802eef999b2fb264b5dab349cc38b7aa0b736d5eabe74c38b,True,True,pass
313,1700009390,telemetry:313:source:51,421674,64f2a114981fb0be7e0623c98b3e05369bd464b31f2d6bc67ae24f37a63252a7,True,True,pass
314,1700009420,telemetry:314:source:85,813630,816a20fc4e5c94058567bffd04e714670a5692faf27f67a5362650b682786609,True,True,pass
315,1700009450,telemetry:315:source:87,078782,5809c3bf8fd3fec424f5021aa187746f6798c694ec95504d289e6a3bcef0925d,True,True,pass
316,1700009480,telemetry:316:source:92,053739,2de17fc76f7b37e158009015aab90552820f47c0e3e3b2831e873147b1313eb6,True,True,pass
317,1700009510,telemetry:317:source:85,283870,d182ef85a3c4f0349c38f44a1c986ce4501652ec816636712178084105a439ff,True,True,pass
318,1700009540,telemetry:318:source:109,430759,a3fa30b2fae17820df85a451fcc35967bff44bb477833362b9a634d63d825ca0,True,True,pass
319,1700009570,telemetry:319:source:92,982265,9909ddab23f0968106068d628ebb79d1da1c81568c055c26f03119d0770baa61,True,True,pass
320,1700009600,telemetry:320:source:87,024072,df3107c542629d591b99ea2d8af524e04ec551abdde4b6f5476857104699ab59,True,True,pass
321,1700009630,telemetry:321:source:92,759795,03e7d9a2458e0d596bea8e06cd8c9da2fe216b8c8bd7b34250e036c24b598192,True,True,pass
322,1700009660,telemetry:322:source:85,320883,81b833666feb8dcea72aa0fed57749c7d7e0e9bb4857de442e371ebe9246a8e2,True,True,pass
323,1700009690,telemetry:323:source:87,721521,c73acfe692e932869497aa4aec8f6ae2cb933fe14f44b7c746960c66a5885c6a,True,True,pass
324,1700009720,telemetry:324:source:87,999836,e1e9655a0f5ddd8d33da373f31386776bea07e230384f7088d89ba5f69492194,True,True,pass
325,1700009750,telemetry:325:source:109,828291,1e8f7b195ff0fc1736f38c04b46a0022a893a62ae04894bdf95b491926c70ea8,True,True,pass
326,1700009780,telemetry:326:source:85,544537,a34f5ebfce6d372ac637f0d96ecf7cc4d68e90089fdf6c428b9645a445f31bda,True,True,pass
327,1700009810,telemetry:327:source:85,511577,479c762914654088885e5f876bda0527da93ca49deddc8b62ef5c7830425614a,True,True,pass
328,1700009840,telemetry:328:source:51,108236,03af8f5ec0f9d175c80403025ec4fb691ab6639b830244f405e20d90d53fcb30,True,True,pass
329,1700009870,telemetry:329:source:87,103307,cb17780f18b895c8ebdfd28d4990001a28e03ccff3d6fb0bcdce53547ca28709,True,True,pass
330,1700009900,telemetry:330:source:109,445996,2919c57ac570a5714199b0e8ebe01e00fbd51944fb0f4fee95e16b8cebb7a3d4,True,True,pass
331,1700009930,telemetry:331:source:85,835097,140725fe5219ba6cd9a35e85ac0e8004d1c79fe8746dc1742b934ca81d44248f,True,True,pass
332,1700009960,telemetry:332:source:92,476374,698605683175e651c2f0b75a196d0ff2d5e178394593e7d103224e27cf8e7a3b,True,True,pass
333,1700009990,telemetry:333:source:87,634357,f313669fe9737406fd58c50528219e0f7c4cf475773243e4f4c26cbfa6a6c715,True,True,pass
334,1700010020,telemetry:334:source:85,308393,dc004b9036dfa7415ca90d31ffdc8877cb2b2f229317ec2d63b6ab26702e4d99,True,True,pass
335,1700010050,telemetry:335:source:85,679074,44cfba0d53eed30b28456d0a537268068990d1a70fb6ab12ab5cff57c8fb68aa,True,True,pass
336,1700010080,telemetry:336:source:92,172702,cd0f1d5ffe835dbd1363b98ff9e7541d723b777f219bfd17d59914ee90ac8abd,True,True,pass
337,1700010110,telemetry:337:source:51,135319,956a66342825a6970922b12484686c00c92af183b845a15eefc6214c4343160b,True,True,pass
338,1700010140,telemetry:338:source:85,541689,a6705cc2ecd3dde834b15e0849647cb143c90522c752f7aa4129ae7452a835a5,True,True,pass
339,1700010170,telemetry:339:source:51,383383,f6ea0cac3dc4a4d44418a32d8d45d02266be32c3194242d370504eb72c52a3c7,True,True,pass
340,1700010200,telemetry:340:source:109,309372,2e6978c84e4e0492298e9ed6b0c5d421114c8b5d3f073bb6eae94635518642ad,True,True,pass
341,1700010230,telemetry:341:source:109,639697,2d1dc95eff6a3ec589316dbd846ff0947e1ded16a8ea8581c3c5e8cad5d88fae,True,True,pass
342,1700010260,telemetry:342:source:87,934370,8139698df4959f5c96161a2bc98239d5948dc4b455eb3bf207f4349fee4869d4,True,True,pass
343,1700010290,telemetry:343:source:109,972472,bd5839eb27ffd09e2fbcf4ad96ffda8695bfcfa938859815c7709739658e4fc5,True,True,pass
344,1700010320,telemetry:344:source:87,441285,0fddff634f5017ff307db08fcb8f3e4d68caf5a48c5aac54a93d2a466d1ea152,True,True,pass
345,1700010350,telemetry:345:source:109,857454,eb5218f641fbe365bff6d75a59dc6022b92b74801ddeb477a80888a9486dbd6f,True,True,pass
346,1700010380,telemetry:346:source:85,250953,327fb8c0371280c6e59d085e292cdb1cbecc2c7e2f085ca80292f63dc44d47b6,True,True,pass
347,1700010410,telemetry:347:source:51,092488,f135646684ab859cafaa1c4933bb9ab10ac83ad68d9c28025229f40fee53d439,True,True,pass
348,1700010440,telemetry:348:source:85,583714,da07d55c8138323a3beb2a4803a3bb3e511d4c64402a001aa90706de0e5dd7a9,True,True,pass
349,1700010470,telemetry:349:source:87,550178,324dc5932ad764d3cf8c4d1450c03d95161c138928ada74a70c02e7789d572a7,True,True,pass
350,1700010500,telemetry:350:source:85,712983,a5fbb0cbb54f17802adf004296ed43dcb3fe27d1ca705624bcaaf676abe39793,True,True,pass
351,1700010530,telemetry:351:source:85,261952,45d156d4ae9380171df2fbca0e51a3974985ace07213569f337fbb1a2473642a,True,True,pass
352,1700010560,telemetry:352:source:85,122430,edb82c5f1a0975799a6ce1d118d8945b452281a2cebd464b980f020f7485cbbc,True,True,pass
353,1700010590,telemetry:353:source:85,149714,ae732bc09b8f0135a72002604bdb62e95ec6c23c382ff51b8e89c5c3dbe875e1,True,True,pass
354,1700010620,telemetry:354:source:85,204182,d404a56323aabc7023068a869310e70276aa4814b0ef8a4ca3378d780482da57,True,True,pass
355,1700010650,telemetry:355:source:51,734941,901fc534a4e0393cc8b0ea52002ee5ccdb21e93471c7a0afdf6268e474d12e8f,True,True,pass
356,1700010680,telemetry:356:source:87,671841,029924e267eac7c3abc1f12c34f0e7985c1eabe207fd43ce9b93f36baad27d6a,True,True,pass
357,1700010710,telemetry:357:source:51,511991,18403dfc70423a4d47b928eaa258e33c38de67369db473f1fb0b5a02d5645ba4,True,True,pass
358,1700010740,telemetry:358:source:51,289321,c2bc2a44216911bee60b0e60d0312a6732131169d7faa30b2375068a48684c71,True,True,pass
359,1700010770,telemetry:359:source:109,140454,cc7ae450619314f3579475d03f00713c40f805423b0c933cc6eeeaf947ea0609,True,True,pass
360,1700010800,telemetry:360:source:87,827720,ec0a2cd7abd3a0c3ec2f3527c7baec856ff57db13db11ad928636477af996a33,True,True,pass
361,1700010830,telemetry:361:source:85,190297,eb319d2afa0f712dc04fa8c75b8cdf5bfd92f951884945dda2682a743c56032b,True,True,pass
362,1700010860,telemetry:362:source:109,738578,479674e54e4e4cb66ae6e1506af1801cad657a91322292dfcab290f612d4c723,True,True,pass
363,1700010890,telemetry:363:source:92,429681,1bab56289f1373bace6f0c0eb00baf37b4ad34b92ec030e7f2feb86745e88ad3,True,True,pass
364,1700010920,telemetry:364:source:51,086134,157aad9ff108a179ab3123b729b6643728845f28e2866984371767738995df49,True,True,pass
365,1700010950,telemetry:365:source:92,622016,84c65c5bb4df8d2f50306b968f7d1feb0627f94e7c0d589c536aa0320c5a6c40,True,True,pass
366,1700010980,telemetry:366:source:85,737143,777c2eda8a1f2aaabbc5b76c9d4230df4a8ef863f4204c68ee36175627f26497,True,True,pass
367,1700011010,telemetry:367:source:109,546099,ee92accc0d66795f8d06224ac65f17c890c736b8f981af336868f4cb5c62d320,True,True,pass
368,1700011040,telemetry:368:source:51,879769,75ad92e090f1994c8e38163cfefc97b07d73ece5474f850da85f50957071644b,True,True,pass
369,1700011070,telemetry:369:source:87,294229,1dca13bd2769d058db76ff4de9fa52564b400be671aa7b90513f70b027c8cef5,True,True,pass
370,1700011100,telemetry:370:source:87,960026,bc05c233ca36c4e897895ec5748c964e17019657dcde9218da5ad973e7123ee4,True,True,pass
371,1700011130,telemetry:371:source:51,674796,caf13e6cccd681bbc1102ea994744dd94623e7d4d4fe6502347b33b0a6bcf075,True,True,pass
372,1700011160,telemetry:372:source:51,535176,fd3b081224a34fdf3d573063f4970fc369f26bc0075cd141a5d48bd31d0aad3c,True,True,pass
373,1700011190,telemetry:373:source:109,704387,0601203715bf0ff383db9b7db3ea908fcfff3b7ddb410d3969eff7d1e5ddc447,True,True,pass
374,1700011220,telemetry:374:source:92,160182,3c9d623aa3b1add9646dde82c7063717cdb7f2a9b4d0df2c87b501ef4a85d094,True,True,pass
375,1700011250,telemetry:375:source:51,073214,69db5a10b437955ac94499ecd7c56c1024e7a4e4f9f72ebc3b5eaed8ee67bfc4,True,True,pass
376,1700011280,telemetry:376:source:92,782596,aa4e213240738f952fc05d85a6e82e2cf1fd08720ac816b03fa650d54e476037,True,True,pass
377,1700011310,telemetry:377:source:92,030306,11961a2ee938e9e6f04e551b5ad8f2c6fee5dd8d338de00ac4da62bd5bc6ddf5,True,True,pass
378,1700011340,telemetry:378:source:109,438135,8b61bd51631e68b6aaf3a4a9d1a33bf734b63d77a5ea1bac405f4cc700236bf2,True,True,pass
379,1700011370,telemetry:379:source:51,871131,399277bdc9e5dd0b67e2f7582b683113368c5bf57f46d94088e89eb314899f34,True,True,pass
380,1700011400,telemetry:380:source:87,225771,3d6563fb488e70f625bb2908b9e05c5a573fc7c73ade29c087009aa87a4be95d,True,True,pass
381,1700011430,telemetry:381:source:92,422699,e69c3307d3e9e75d1ddc5cb113df826efc9fa259e78688dd72a521aa97653c8a,True,True,pass
382,1700011460,telemetry:382:source:109,032141,aa1c77ca2e08cbbbb7d28d821b8348e97c1dc5dbd6ae8fe98ba8feb6ba4a3409,True,True,pass
383,1700011490,telemetry:383:source:92,253266,6c656198f1757acd08a3781d48218d927e050ab07eb5362d570a317a3f6c64ca,True,True,pass
384,1700011520,telemetry:384:source:85,220062,08a43836ea387e813d77ccdc55e015d7b501e1429beb2cd9bda5000146d370d6,True,True,pass
385,1700011550,telemetry:385:source:92,089223,38932a6879f7015bcb2b17af4b6506054bb645bd216291517d6b65646044ea57,True,True,pass
386,1700011580,telemetry:386:source:51,502116,ec691b581e59a5dabae55a991f88e19b38bd4e7d782c6100f7ae7d0e69251960,True,True,pass
387,1700011610,telemetry:387:source:85,985258,ff1aeb2228f0485ab45ced8343c8703d430ee3e59684c65d73410fd776680c18,True,True,pass
388,1700011640,telemetry:388:source:85,399062,acd4ad92934aee8716d9c92586e0f7cf68f8bf44158589138a0022f0169be99a,True,True,pass
389,1700011670,telemetry:389:source:87,104386,ed953d44454c2e3b8f89ef6a7da6503222d14d7126fc0c6745bbf9db86e4534b,True,True,pass
390,1700011700,telemetry:390:source:87,409588,eabb2b3e0acbf91f429ba8fccb75d8d2477ce8fa523ee5f440cb102e6f9df093,True,True,pass
391,1700011730,telemetry:391:source:109,833073,fb068a8b281944ebf9f7474fcd9fce41600ae22a435cd76fac791b9b8c33c9be,True,True,pass
392,1700011760,telemetry:392:source:85,416500,f437fcff2473f323fd2431d62cd7cf0981fc9a837b9e7d0f7d1214ba5a441600,True,True,pass
393,1700011790,telemetry:393:source:87,499619,85ce5983e4c0c4642996ca2760f008f353a12ee2c71d616ea10b1cf5fc6ab1a2,True,True,pass
394,1700011820,telemetry:394:source:92,106751,fa5c7b3628c3541b8fe96c541d685d50ce1014684eb6b1462300c589294ec37b,True,True,pass
395,1700011850,telemetry:395:source:85,339133,014732423928e041da411816ffc35a7f3ff636604cad629a8177a2262141f3bd,True,True,pass
396,1700011880,telemetry:396:source:92,460657,eb69ed2b204aa42e1283858d7baa65217afb275c8154d0073802302d59bb9522,True,True,pass
397,1700011910,telemetry:397:source:92,759733,7de58eddec218a213d1124a980c079f8814bcfa30a08c0cd24c59cb903138386,True,True,pass
398,1700011940,telemetry:398:source:92,756155,9f8f936a108dcaa83bb2362e140e6e1a63217f627b48b3457b0660fa04b77548,True,True,pass
399,1700011970,telemetry:399:source:85,674153,27b9c7875161bda12f29249ecc76fbedf0a67684dc1b76bb39661841c4328448,True,True,pass
400,1700012000,telemetry:400:source:109,861727,4f3bf2745b8cc8f9a94a7836bab7669885430329d5866437adea5c381a58c6b8,True,True,pass
401,1700012030,telemetry:401:source:92,782409,020831537384ccf247a2e7eb540621dc31301911c795ad2e76803b084349954c,True,True,pass
402,1700012060,telemetry:402:source:87,168835,6f10ebfa03ddc9784e012de37eba50ac8b79e4938325aaa0eeb6519eafd0188a,True,True,pass
403,1700012090,telemetry:403:source:87,747733,8a645e2a91e561da1419673ee1bcf5b10119ac512bc2596e11d07c6feabc9fdd,True,True,pass
404,1700012120,telemetry:404:source:85,446810,c292b5c9984e878ab9ca31abaadccb6a550d0a221ca7a07f5c5a4eb77fad44af,True,True,pass
405,1700012150,telemetry:405:source:85,655154,bffa4982baa8f76a45c4d1d69a20ef7049002ee35396f8f53dea37daf969570d,True,True,pass
406,1700012180,telemetry:406:source:51,114528,516e6ec66fdbbc0f48191ca2ff3b1972e6ce40274ab4d1d9e99211106fe8c079,True,True,pass
407,1700012210,telemetry:407:source:109,517670,e974c86c28d37c708243b594fa9898bcfb54513f5267304ec6b45d2ad78ab503,True,True,pass
408,1700012240,telemetry:408:source:87,528144,1d84435574dc2a300ee7b189fc8e9add4df873c62c8ca0f447ca39685295a7e0,True,True,pass
409,1700012270,telemetry:409:source:87,847165,47160e4c042db93f5027d3519d19fb76b3e610e6b5bf3d91c746a21c953e9aae,True,True,pass
410,1700012300,telemetry:410:source:109,931652,61628b36b9d62971a7a07e228ab7f3b627a26db0606c31f8925c5aef794ac89b,True,True,pass
411,1700012330,telemetry:411:source:51,968730,1215d44d222a1cff6d576bfed7ec44e86eea184933f158ccce567eaa0b68bd38,True,True,pass
412,1700012360,telemetry:412:source:92,190719,a0ca90ce25884510c01157ba86cfa4dfbd3b134c225b47f5daca0412da26ef49,True,True,pass
413,1700012390,telemetry:413:source:51,887645,0959f2df9eef8dd4789f2d6e104bbb16221731b1cd53f7f687ae2216cc8ff637,True,True,pass
414,1700012420,telemetry:414:source:92,192352,fce652e14b475fbcbc3d18e3fa5bf9a013e9d36833078b03ad5938d5abb0f247,True,True,pass
415,1700012450,telemetry:415:source:51,415644,5e911a46d36b62eac4335f85014ba9c3f4d7b7bd00ec1bbb81d2dc8d530496c2,True,True,pass
416,1700012480,telemetry:416:source:92,681707,7698648b177ba54230f0a70b0b93846a078cca6536cc8dd5ed95b37b28723c96,True,True,pass
417,1700012510,telemetry:417:source:51,416435,5565f2ef3ded84f53bacbe76f670c772bffe2f3b4c40749928c916b8d8303d69,True,True,pass
418,1700012540,telemetry:418:source:85,258616,ca2fd4f3f498cc694c6706cfa185de733f757cc7390777652acc48a719c6d114,True,True,pass
419,1700012570,telemetry:419:source:87,646970,1b38de1fb184274837d90329f14f27f5be8c7e6a1157f8cb3b3b97fd8a394028,True,True,pass
420,1700012600,telemetry:420:source:51,724781,ec296b350857a692865b3d51c506b160fbb596c30b3f13ccc10c0187b232d045,True,True,pass
421,1700012630,telemetry:421:source:92,081361,8fa83d2eb840669b28f1979a756b92fbce0b62bc49d959378c653b109aaf8449,True,True,pass
422,1700012660,telemetry:422:source:85,907552,ae4458776068f1d0a1f397098eea343da25c3da78df093cd5691331061877d9d,True,True,pass
423,1700012690,telemetry:423:source:92,475493,140da79a3883862593de8a1a63b6870d7bdc978ea6c17093536e9a79058aa220,True,True,pass
424,1700012720,telemetry:424:source:51,005252,545435f1663031267c2a573fe66b62640bfaf9477e4313db46fa2383976b9b28,True,True,pass
425,1700012750,telemetry:425:source:51,208036,cd09299d361ab6c62b03e3fc5b17108c0d0ccfa73d334027af1c46d0a3e39ab9,True,True,pass
426,1700012780,telemetry:426:source:51,797470,c217e30ef098427cafd93cb67a20bf5f1f6da96d52b3b35136f84b2d7525d3b2,True,True,pass
427,1700012810,telemetry:427:source:51,433389,683959916df336c3907ba0ee2c25027d02fd7c91f9c3aa4c60a1a324ee86b93e,True,True,pass
428,1700012840,telemetry:428:source:51,826897,82fc9f81c2304d4a3e981cb3ec28a7baa92d65ee57ec6dc3bf7521b9f57409a3,True,True,pass
429,1700012870,telemetry:429:source:87,015864,0d99980b22086618f39957daa336ad8104e3081cc14da9dffee010aefd1af49a,True,True,pass
430,1700012900,telemetry:430:source:87,258033,b9343bdcb8d4f7dd233fea090818367940d062047bea14b64349062066e7f5f8,True,True,pass
431,1700012930,telemetry:431:source:109,994836,19aba4b9e408117b3cf556361493c8d70044c3e4165f9dc36493ba32077fe8e7,True,True,pass
432,1700012960,telemetry:432:source:109,394502,1a4eacd83ae99cf25b5d73eb540d5c271119409979273040a71f691f5890be5c,True,True,pass
433,1700012990,telemetry:433:source:85,698546,6422a23c6d15e0057e5da2437295144dad46394db415596dd4f3cc920a24e824,True,True,pass
434,1700013020,telemetry:434:source:92,249342,8875dbad40ca90c5ef0d50fa29f447872bf87d31fda1847b3d8395cee4dfe6bc,True,True,pass
435,1700013050,telemetry:435:source:87,524947,9a9a8fca931fa24c42820915ae568494cd36130afb7577af2ecdf9d8fdd488ee,True,True,pass
436,1700013080,telemetry:436:source:87,888836,73180450fd06af45127fb7d410af46242612c9bba63833f05330187a41925993,True,True,pass
437,1700013110,telemetry:437:source:92,320678,5695119af0e24f84fd4a44c8555010401ca61125574168c1b06bb4e1b6794148,True,True,pass
438,1700013140,telemetry:438:source:51,997255,94aea128355514646c9630eac958aededb9aa0304143e47945c3332264fc1587,True,True,pass
439,1700013170,telemetry:439:source:51,033429,b761d4793e4afcd198d798069fc6b7b0183f02ab96934ed9f25e5d2f1847a7b1,True,True,pass
440,1700013200,telemetry:440:source:51,565685,274de0e4f5c48cdb8d0fc325eae03638f81745c710db69e89f3f6fda8b2cc185,True,True,pass
441,1700013230,telemetry:441:source:87,978936,4fcd14b076994b5094ca1790f37f6bc4e65c48ce11b4ba1c2062895a66961c19,True,True,pass
442,1700013260,telemetry:442:source:51,700838,e84c57123dc215b8c0880ea00d6e23475158b50dcbfefb9943a3d9aceaca4963,True,True,pass
443,1700013290,telemetry:443:source:109,577850,359da140b11783f821f018db302323f40deffd861d7ebf8d134640d379f8f5a7,True,True,pass
444,1700013320,telemetry:444:source:87,521457,0b1907b0278640a8a3254a63b0fabf2dfae8e952119d60a353c596d730cec58c,True,True,pass
445,1700013350,telemetry:445:source:109,596741,6534ef56c430aa5068c603abbc7998bcac02aee825431d0b1c57e7dcbc8ec138,True,True,pass
446,1700013380,telemetry:446:source:87,873477,868ac3038d4101eb0cc124cee815ffae003c97ebdb4990bb7da38f0270a8581b,True,True,pass
447,1700013410,telemetry:447:source:92,539718,0dec9cf245b85748eaf1423938677fec76bd0932c4301683d0e6fd67fe63e3e0,True,True,pass
448,1700013440,telemetry:448:source:51,234801,9aa032e7bd08a78d08be6dd50b94b782a76abd92ef134d7090407c865f209ef6,True,True,pass
449,1700013470,telemetry:449:source:51,311572,edb16138c64ba7829be3f98fbd5e82d35160cbed25f8ff55d773a307b417abae,True,True,pass
450,1700013500,telemetry:450:source:51,577955,b12fd74c2acdf00e19ddaa2a1fe0707f91f8176d3aa1cdcb3c4467342980637b,True,True,pass
451,1700013530,telemetry:451:source:87,098598,a6ab1fc03abc0547d80676157d428ddc706de1c52745e523f4501b672b4ea5f0,True,True,pass
452,1700013560,telemetry:452:source:92,200522,c553a22216c15b9e5cadc7c5b94c30dd4c5386fb4c675b7fe24b1ad6c345e30a,True,True,pass
453,1700013590,telemetry:453:source:92,449861,737a96a10f06fc349bdb2758d6934860d328daa8f630e521c88e65d904e063cd,True,True,pass
454,1700013620,telemetry:454:source:109,445050,d017a3d60fab49261ac872058ab9f8067b04bb39ca2a736f487bce13feca9ebc,True,True,pass
455,1700013650,telemetry:455:source:109,052270,30d78a821f3b529be205db89787ead008091901431f9159fd0f6a13874e79647,True,True,pass
456,1700013680,telemetry:456:source:87,556690,9f24bfec461a82764313d4060715bbd77d17eb30ccacd0e0898ca82ca978e350,True,True,pass
457,1700013710,telemetry:457:source:92,293057,3b5913266027fdf6e4a83f089a0c806c06201236c2b555fe59a13ab10a0eaa80,True,True,pass
458,1700013740,telemetry:458:source:109,669948,48e5626e401fbce65fe8ecb9108dc6751f90a4bbb453ef99e63fab8ba3620222,True,True,pass
459,1700013770,telemetry:459:source:85,120948,c9dc82bc22a7ea47526e0ab32fe753a29488856f3f6c0b4510b658a76001e3f2,True,True,pass
460,1700013800,telemetry:460:source:87,679245,b048feb461a7ccd82392b7df17b6b7890446f0f1dd68099207bba17ac7698f47,True,True,pass
461,1700013830,telemetry:461:source:51,396762,cfcc30ba7d17b2429aacc7a80c6a4ff253e10ded077019233034a05ceacfb5e2,True,True,pass
462,1700013860,telemetry:462:source:51,542773,2a125c2941337cb8e91f0cb0d7599da0ce75db007b482c1d28ffc0f55480354a,True,True,pass
463,1700013890,telemetry:463:source:92,659727,62f2f75f883a2c9ceb2ea01561db102367adb340d5292a6f90b1e01da5cc1b4f,True,True,pass
464,1700013920,telemetry:464:source:109,332862,47df931f1e73f596548ce931924da53092bf22989d460121fe9cc678d4bcad79,True,True,pass
465,1700013950,telemetry:465:source:87,789573,6f1a11f20fc8c59acc908b6affea29ad8d3e0d149f851a63cab51be3fa59a1a2,True,True,pass
466,1700013980,telemetry:466:source:51,912473,8e08d5f30d8f3fa9039493aa6c8bc7eece4a144007f4b14a2550cba4e39ebdae,True,True,pass
467,1700014010,telemetry:467:source:92,780033,84c3919f67b5dda5f8d28bf94a6a43816a3bda265ef83b4e0fe79cb17d41855f,True,True,pass
468,1700014040,telemetry:468:source:92,238562,b26371f990ae28c97af48f14e915ebb25d2522281333617092932d5507dcaf92,True,True,pass
469,1700014070,telemetry:469:source:51,767549,54a67d13d267eba2d00585ccac92da0c2ebe5afea045a2b92683e85cc65ea4e1,True,True,pass
470,1700014100,telemetry:470:source:109,553094,04d88fbd56d2cae711f8fd266a6784d52b5e39b88231d765e21c90008a97dc93,True,True,pass
471,1700014130,telemetry:471:source:51,711199,5985fca3e30da31d43b0951493dcc437fb993e44320b3ced1852ba46090fb2dc,True,True,pass
472,1700014160,telemetry:472:source:51,175762,e2418c16cffd802ba0bc9b0f29cfae65306f1c7a67fa7d1654e59f01758f860b,True,True,pass
473,1700014190,telemetry:473:source:85,931509,34a6bd7bebf182fe10fc3260a8e16c6e1ee5a154eb7099a0c3f1312adecf45fe,True,True,pass
474,1700014220,telemetry:474:source:92,742820,7889897f4027cd408ba82ac7566fb623d92bde62b6bcfef58554143b5d5d7fa4,True,True,pass
475,1700014250,telemetry:475:source:85,589020,50fb80575d713c79c4e163989134871256235db29965e386d539d915f8f9fdd7,True,True,pass
476,1700014280,telemetry:476:source:51,541537,43409f39668fdf23eb6bc6244fb8ea3641414eb68f0cf5a432f00adcd55895ca,True,True,pass
477,1700014310,telemetry:477:source:109,681682,0273b3e6c1cd9ef6a540d26c1edb09f54836e8e54d44b3e6f0ffb546fbededc0,True,True,pass
478,1700014340,telemetry:478:source:85,113006,fefd77f5727cbf76252af7e23376727b0fc22c0665c4cba61592d078a86a2f70,True,True,pass
479,1700014370,telemetry:479:source:92,683784,121ee974b4a49a32c12f4fbf92f0b72c5ed025137177b5d6bb3ee188d288ed0f,True,True,pass
480,1700014400,telemetry:480:source:109,643945,5b50962cc5e2068cce860d631b2711e292bed0583d0f40aa809517ecbec9c357,True,True,pass
481,1700014430,telemetry:481:source:85,912855,d4577a4e173c1150e9c09141d2c287dc0a92daba597b0e273bcd6d6f222d41b8,True,True,pass
482,1700014460,telemetry:482:source:92,333845,9e8f400d680ca5061709f20380c45610ef59e785b58665cf05fd0a973338867e,True,True,pass
483,1700014490,telemetry:483:source:51,890889,327421612652ff469047a97441e3175f8ca54c65b3bb117b37d4ba0d00bad107,True,True,pass
484,1700014520,telemetry:484:source:87,545142,51be5a5467d6a463dcf95077c6829c5bc2efcc4302607d34f8e9bd03305b38a3,True,True,pass
485,1700014550,telemetry:485:source:87,168759,4ecfdcc764b078cda1b3ed18861be4a2003e663d0a26e3ca402dc7aca78dfabe,True,True,pass
486,1700014580,telemetry:486:source:85,172393,1ecbd1b02084ad1bec74ac3f2345e5627f1a3ef1708e0b54f8535f902a4eda17,True,True,pass
487,1700014610,telemetry:487:source:51,067281,67b0a09c3b0f1e1c9eb5e1abaa460bc15b97b9405a6e62135b18f5938fe3e486,True,True,pass
488,1700014640,telemetry:488:source:109,956444,615afee25a62fbfd9cc297efd55e2248a99c2e2ada70ff128eac42f22f0f0e63,True,True,pass
489,1700014670,telemetry:489:source:92,473173,6b629367e1a170c90eab0b80e5991ded32440cf4ab79c94be16b097fe0d080f8,True,True,pass
490,1700014700,telemetry:490:source:92,962034,e4abf9dd212d49e1dcfda3f6128503cf38bcaf727e40d8e179ea53a6bf0a08fc,True,True,pass
491,1700014730,telemetry:491:source:87,766290,e97f77128fafc0a1b74ea487a062ea857b1f52cfd92952ecf566780822bdb3dd,True,True,pass
492,1700014760,telemetry:492:source:87,081041,119ccacba28bdf5235c1809e2b9c6073d451957eff6823c6a679f49290641246,True,True,pass
493,1700014790,telemetry:493:source:92,138191,c208d905b8bc24d2044adba6c12debd1c86aa7a10b60bce00d0927a1e9bd13df,True,True,pass
494,1700014820,telemetry:494:source:51,073016,67ac2a99cbad89cf1f14036414c5e88293741f884c1674a57e16e3579aaf8a44,True,True,pass
495,1700014850,telemetry:495:source:87,968362,3c9c534b79a1efcbc2a704989b58278465a40dd4ea6a740ff484c543d41de503,True,True,pass
496,1700014880,telemetry:496:source:85,797235,845204948461bc2d03fd6788848c3d93e30943a125c8d0231883d075eb313069,True,True,pass
497,1700014910,telemetry:497:source:85,447314,de1c92d035f61ad721c90ffb9cc90cbd3d1a38af9225c4b922632b8685fe1aa7,True,True,pass
498,1700014940,telemetry:498:source:87,289149,b419a2aa86b8d11c7c6138e386915b378f5970160f8864efd724f7b29fff6df7,True,True,pass
499,1700014970,telemetry:499:source:87,495621,4b91f42313e833ba270c627dfeb1de693003e106fca46936b74634ecd055db60,True,True,pass
500,1700015000,telemetry:500:source:85,843929,c6b064c60abeb63cb3d5ad62b7794748d03206b3eab1e7665bf509243b6fe033,True,True,pass
501,1700015030,telemetry:501:source:51,338360,1007c49152ff1f33c39099428658ccb0034ce9ed2cb72ae930a130ebb425304f,True,True,pass
502,1700015060,telemetry:502:source:87,450546,18f57b47de09e95367cb332616c87c687673db1b82c741af669dd7499ad337fa,True,True,pass
503,1700015090,telemetry:503:source:51,975639,27ea635f7e7cb7621ad79799a0cffa00c0b5b05d9f8d09f5181bdf9b8b8b6f25,True,True,pass
504,1700015120,telemetry:504:source:51,377306,ff203c7dfec51f3b0d57841ebaf96ca10494697d698c82dbc00fc02d15f173d3,True,True,pass
505,1700015150,telemetry:505:source:87,525224,9343cef4884f513cf02214ebed99381a8b662a0c18bb50a12ee3a8d74ed200e0,True,True,pass
506,1700015180,telemetry:506:source:109,849339,84a8ec68da39c5ffbcd9fddd6206698f102d12c2b221cb89e37d547c0da0efc7,True,True,pass
507,1700015210,telemetry:507:source:92,893081,c0cb277c62de67809d9db64930b25458502098fb6f4c7c054b59dc8dd834db2e,True,True,pass
508,1700015240,telemetry:508:source:109,334426,cfcfef4dcd17021e79ff7c29746c9acb30a94f5d61835acc467159a78d772a27,True,True,pass
509,1700015270,telemetry:509:source:87,221944,18c7a4a824797f3240ad736649293d38357a5d8d68b188ce2583f934345dad5c,True,True,pass
510,1700015300,telemetry:510:source:85,410743,3eab36069e16b9c4650f327e16dd6ebc0456ea40d7416727347959a5358f38f4,True,True,pass
511,1700015330,telemetry:511:source:51,973908,9ecce2231c2e46d2f366440b48313414765f4ba713e2dc2cbc464bc3e05d0b89,True,True,pass
512,1700015360,telemetry:512:source:51,234052,f108d7b352e9e381a129b9406a6bca75a0af4824aed1c9e0c197ace3322d0dc1,True,True,pass
513,1700015390,telemetry:513:source:51,552767,58901c295a945fad2baa9f9b890959774f50d8e9d4840cb636825f0d6994b124,True,True,pass
514,1700015420,telemetry:514:source:92,452282,9e63100b97d6ed0204ddf68b8543f16904539f76e61a249bb80594496932f08e,True,True,pass
515,1700015450,telemetry:515:source:109,498154,2ea597387214695c14da431433729a01d2504de8608e7891f36df846418fb285,True,True,pass
516,1700015480,telemetry:516:source:87,252925,dd31bb2a76326cd5b9a92963c943bbd56018a39965a37166c9759da8cc9d358f,True,True,pass
517,1700015510,telemetry:517:source:87,384777,a29328cd80c0705ed72f7875bf6cc65ef209df2476f7c77556d6c20dc547e8d1,True,True,pass
518,1700015540,telemetry:518:source:51,350044,f2250455992709e1e80ade4ec8f249d4f294e324b0a01861b0b24f8c7bda7300,True,True,pass
519,1700015570,telemetry:519:source:92,676451,64a92970619993ea6105ec23438dedd276299709ee675b0b50b1f2875347cd05,True,True,pass
520,1700015600,telemetry:520:source:85,131959,d2874138968e0e807c32008ef6bae77b7a1debafc2bdf8af8e0f07ca903afc01,True,True,pass
521,1700015630,telemetry:521:source:109,996333,2ff9101e30c3ed25978c2c9c310ec472c9629a3ea4437b2f1721e8e5b33a6b73,True,True,pass
522,1700015660,telemetry:522:source:87,453302,7b111287688258d22bbe7dbf99855e682cd0268b643992c66cc757e066110693,True,True,pass
523,1700015690,telemetry:523:source:51,645198,0182086ba26ac56668c42e5ff6723a1a7af73d29ac2df61c4bc5532835fb9476,True,True,pass
524,1700015720,telemetry:524:source:85,324309,f8df719082ce590ed39dc41e763f24013507d4290beab69afe8a58aae0cdfdcc,True,True,pass
525,1700015750,telemetry:525:source:51,338353,7818c9fbb9855116ee0566280a97f27e1dbf1005c24388085c8b807125f2e902,True,True,pass
526,1700015780,telemetry:526:source:109,338592,14f013bc5bbf3691fb2977f0cbb91466d675f9155617adbfa8211b7a8fefcf41,True,True,pass
527,1700015810,telemetry:527:source:109,993250,296257de66a37fad3237cbec5cb6eb3d2e89d10653f767ff6c4a78fffa190ec2,True,True,pass
528,1700015840,telemetry:528:source:109,041741,75d03334f00617f0cf44ef82dbbe34200f3b70ef24701a397503bc70d9c16dd5,True,True,pass
529,1700015870,telemetry:529:source:85,169536,e6267b5c853147ccf5cb91c7f83d8a293e490d42b7f3eea606afba247ed20662,True,True,pass
530,1700015900,telemetry:530:source:109,952641,5c941256ae5ad649f593c371bf1b4d07383672577772d8b41ce05c1f7a42a624,True,True,pass
531,1700015930,telemetry:531:source:92,464928,62a184fbb1d7fad07449d076ef9cffa8350e5deddfd2b0e12dc6c4cb73d11c68,True,True,pass
532,1700015960,telemetry:532:source:85,376530,dc181efb24d4a79afcd390bb755f98a88c90cefce2b9a426fcd3321bffdda16e,True,True,pass
533,1700015990,telemetry:533:source:109,501218,2f062f217e97c99bdaf0dbbb7ada43d4ab2f2823f8e712c90860e37277f46e39,True,True,pass
534,1700016020,telemetry:534:source:51,829749,9f0db7a18a9acd7c19153cc4ad77c1691ad69e17d4943bf18d09e397f98084da,True,True,pass
535,1700016050,telemetry:535:source:92,544008,3f8d525b35c5d68f3ec93d9baf6e3bf659e1c212ec9bddbd305d6989655c585e,True,True,pass
536,1700016080,telemetry:536:source:87,833266,10b1a2c8faeeaba24d2298816621dd1c235bdd10f82466c579ca0b8459ed7d8c,True,True,pass
537,1700016110,telemetry:537:source:92,366576,ef7608d239db5a9917efa6383b3a658f79d7174512701f7d85d0f2918f0763d4,True,True,pass
538,1700016140,telemetry:538:source:51,288252,06736302521888d0986b4ffd669397b36dc883cae1c7e0948baa7251c698c6a3,True,True,pass
539,1700016170,telemetry:539:source:85,114791,5474434c7edf0d819c059682f4f6cccf87069a68078bad4298cda5e3508adaba,True,True,pass
540,1700016200,telemetry:540:source:109,417224,8a3a2ec81d7c9cc7761fab3bc71d8cd97f805eea2cc284553259594f3fb1a6e0,True,True,pass
541,1700016230,telemetry:541:source:87,347324,0e33f53efd8cf47ebbfc5cb09e2add4cc073d358ec806d2bfadfdd05a5026c84,True,True,pass
542,1700016260,telemetry:542:source:51,230258,cd3be4be6d1555b9c28f408fcbd6da405e5cabb254644d7716f5e422a21929c8,True,True,pass
543,1700016290,telemetry:543:source:51,014072,f83f45a98d75b8bc7f87f55a01a70d007211ac57d53847b98fabe7b0ac51445c,True,True,pass
544,1700016320,telemetry:544:source:85,862455,7b85c3db9fe197b1544784a3525b7ad716a79af86d00ef4163f82aa6f8cff768,True,True,pass
545,1700016350,telemetry:545:source:92,585215,266c7fab40aaad26fd66a8743f2f276eeb7d2d4fd64c75e2cae9a0da39e74398,True,True,pass
546,1700016380,telemetry:546:source:109,108766,5f89a25927364d74b2a159c29ef4213652e0facdc23c7a4c71eb8fa214106738,True,True,pass
547,1700016410,telemetry:547:source:92,237235,2f5130a3cf5187541d8f270b4739e072c86ec66b22bf6d6755317874ee685759,True,True,pass
548,1700016440,telemetry:548:source:85,847671,a4bf0c0ffe88788dc6b87bb500f202f807844c6d379e06d4dc0eadceddbce0b6,True,True,pass
549,1700016470,telemetry:549:source:87,979703,ce9ea207c427bd517dd62b34855809d249e3e5a1cf2c326bb83751b03a52fb45,True,True,pass
550,1700016500,telemetry:550:source:87,538368,4e0af0c965f787ba887a9cbe62177737a1d3cf39df66597e658107ad5904c81b,True,True,pass
551,1700016530,telemetry:551:source:109,755926,ae9aea1d6efb41406187349c5ebb783c43eb74c616c38e603bc8dd127905baf4,True,True,pass
552,1700016560,telemetry:552:source:85,651216,6c459d6f583774003113a7c0606e983d873167c8980c3032c6c8314f437f8264,True,True,pass
553,1700016590,telemetry:553:source:87,706640,3d9d5f6fac6a543d457dc9bc8e9c70b73f4686b2d841638461bb71a9154f5f76,True,True,pass
554,1700016620,telemetry:554:source:51,719348,7a3cf01c5cd5e6bc591a9eb5c3ebf94b70a2e6bdc5cdb52426112f28c0643429,True,True,pass
555,1700016650,telemetry:555:source:85,429150,af2109bffa3adad2f54a3258142b1746ffe1d0ac417f0515fa7f0cc20b21b7be,True,True,pass
556,1700016680,telemetry:556:source:92,033447,7601261fe68353e82fb9410996385f4f0f47b9b82e0eff567de0aff57a17f3e9,True,True,pass
557,1700016710,telemetry:557:source:85,374313,28edb00d2de797bc85990d39991e31513dd756b59ed94eef4552e207f2638577,True,True,pass
558,1700016740,telemetry:558:source:92,134893,9f2ee7c6874ca191c0aaaf459c68a1d2f8e2dfeb27ee49a54653123049f0dda8,True,True,pass
559,1700016770,telemetry:559:source:87,682279,900c3fac7f5cb295684c60b2a86c6f8849edf8c08736fed9292010aad495526a,True,True,pass
560,1700016800,telemetry:560:source:51,328076,67b4010f46fd8d006873de24e26ea1faacca09f9efefef9ffdfe7b645c713018,True,True,pass
561,1700016830,telemetry:561:source:109,264051,584af6aa81f39bb9793b111cb79147404a58bf118a4a06dc00b5fc9da4dac323,True,True,pass
562,1700016860,telemetry:562:source:85,015275,a6f59b825dab72ade1246115a851fb8d13674805f38ddbf9c78de0c84d2f2c0b,True,True,pass
563,1700016890,telemetry:563:source:85,175132,1466429233bb5529e3983c2852522a83fdf1487fd56622b6ad013a297e1383c8,True,True,pass
564,1700016920,telemetry:564:source:87,641506,edb146f88e6983e56f0e319c5b6f9142c96377b14cbf4360b2b7d11fda184235,True,True,pass
565,1700016950,telemetry:565:source:109,559895,77c00adba5bcc24d3a56a1283d63f3385745945f58120f365443836d5499e963,True,True,pass
566,1700016980,telemetry:566:source:87,691998,3a4e6a14cf0b0c68bacdbb8a0eb1fc0d1945436b8f12b3507fb88b4671ddae98,True,True,pass
567,1700017010,telemetry:567:source:92,734699,338b1505ed1c7f3032f7ed7d54db36203799130a995d240024feb7855422f9b3,True,True,pass
568,1700017040,telemetry:568:source:87,737784,f2cbaf75d8d668d0b23d1457f50faf16509f92806338b6dd3bbb78ea9243d7c4,True,True,pass
569,1700017070,telemetry:569:source:92,723807,0fdefc3de1f20388f27a41a69c4c144628a661223b261fb5ded54b0e42cdd5d0,True,True,pass
570,1700017100,telemetry:570:source:92,140627,2c88d7d2c3c25f338226460f6aff634037d3140bbd1fc81f53f5d8140fec7b9a,True,True,pass
571,1700017130,telemetry:571:source:109,704238,c62fb39ff3a358b59c9b1b4fba8be9d1401a9ead3921814c9c61e6bd8225c661,True,True,pass
572,1700017160,telemetry:572:source:51,433709,ff80be770c076c9ed71a7b86089910e3b0814ca8992f4a3f9b4b819bdee0a3ff,True,True,pass
573,1700017190,telemetry:573:source:92,629744,cd38021bbdf6de629f7806b6695894a8ac25b48bd80174d205baebb69af87ecd,True,True,pass
574,1700017220,telemetry:574:source:51,921552,568758794618dcaffc575414920220bc876c0180e6f4e7f207666c047318d889,True,True,pass
575,1700017250,telemetry:575:source:51,036189,12ad18c32486abbd6875ccf63a530ca9f262c8d3019e68b59a829b5e751f6073,True,True,pass
576,1700017280,telemetry:576:source:87,339100,bd0f479d7d8f778fe85582beceb969fd4542978196df4e6780ae752745610e3d,True,True,pass
577,1700017310,telemetry:577:source:92,708580,e41d861091ab9a2aad38f1f22dc06bfd0d8b1307f155327df557e7484f4839cb,True,True,pass
578,1700017340,telemetry:578:source:109,342106,d06fb38fbd01b98bcff0da807c628ed501d640a584121b2205425ac9c5aa823a,True,True,pass
579,1700017370,telemetry:579:source:109,439678,3183876a3080a1f9c900acbf39b2a5c1d86b241a9ef6ce190c6032dbdb841af5,True,True,pass
580,1700017400,telemetry:580:source:92,755559,4f33df2136f7ff844acd59aa659970e3e38a9513b518cd34f206f9de43ddab99,True,True,pass
581,1700017430,telemetry:581:source:109,487670,b48442eac2520a85a06ea2acaa92bdc00e4ce9b1acdebaec2e3ed35ffbb29073,True,True,pass
582,1700017460,telemetry:582:source:85,367091,3cf51411ce154972ca069c8f55e55a97157496d1c9d8b25d015f3a18b2457341,True,True,pass
583,1700017490,telemetry:583:source:51,286781,24de77b371b6ac3f989af04dbfd28655f8260f556789304241675f1973e032eb,True,True,pass
584,1700017520,telemetry:584:source:92,029489,4ca046ebba01e98f55a021130238c77250c0ceb6ea23ebf20bfe1ebc730286da,True,True,pass
585,1700017550,telemetry:585:source:92,939040,1629dc94ceada67b9dbef927748fbe5988e7fe29a6e3df83b09e801ab257a12b,True,True,pass
586,1700017580,telemetry:586:source:87,666794,8ffc58e8fd898a82164f54b2f642581f8a64acc4f9bf571aa4ee7db74f0cba43,True,True,pass
587,1700017610,telemetry:587:source:87,102738,21a7cb8fa3123a76cd979f6eee8d9fd3b7411454ba6b25a471a6ca4668058be4,True,True,pass
588,1700017640,telemetry:588:source:109,279412,2e1608bddd5e866a9f03c1c2e3e9b9766c61419b687080677228f43267828814,True,True,pass
589,1700017670,telemetry:589:source:92,473457,394300fe35bf53b3e8e62f07f8259bb66afb05356bc2e30faed61c6f096ae82f,True,True,pass
590,1700017700,telemetry:590:source:109,521489,f3209bb4a7b456fe71a3dc28ea2a9bb34d4127810d1b1d40b725996e20fceddd,True,True,pass
591,1700017730,telemetry:591:source:109,809557,fc637680186f73fed9244211df33aa9441c6e3ee1d9518cf606fc843872d5419,True,True,pass
592,1700017760,telemetry:592:source:87,501625,961470768bd2fc804d6a56d7bd0f89a28f4f97b34a9dcbcaf60998f31379e131,True,True,pass
593,1700017790,telemetry:593:source:92,030577,b11ad33599dd84564ecec843f2193312f1d73d68d7de0e2d37b247fce489fef9,True,True,pass
594,1700017820,telemetry:594:source:85,423157,73501bd536e556c1b1bccbba0f6ee07dc04bb2f5ac360f19f26d757407fd41b7,True,True,pass
595,1700017850,telemetry:595:source:51,284620,94ac9663e6b2c2b3a50658159b2a594cdcf8884ecdbe2f00ba93c5a733990416,True,True,pass
596,1700017880,telemetry:596:source:85,920899,293212d0e3b6e36d8c10687bd0083baf6472226d31d7be281ccd4f0bcc7e5dd5,True,True,pass
597,1700017910,telemetry:597:source:92,440826,5428397311ba58fb85ccfaf842db3c5cb339160e77cb18517816f40643223323,True,True,pass
598,1700017940,telemetry:598:source:85,040594,053dfb3396d75bdb98735a63eef7d60682a00bc031b072712ba0ce0726b9fedb,True,True,pass
599,1700017970,telemetry:599:source:51,104617,83c537e5a1af478984df245598a9715286d6d6bf3bb5c8185ce6669fec467c95,True,True,pass
600,1700018000,telemetry:600:source:92,139042,d353f7078c6291bd247e6842edbb7a4c074ed129ff6aca6a823c89d5d7dfa57b,True,True,pass
601,1700018030,telemetry:601:source:51,724179,4b9b5389810413ee6b422f753cf2cd038201aa66816c1ce486661bd64929631e,True,True,pass
602,1700018060,telemetry:602:source:109,367430,c333717e37eb8de2d8f7280ccabb06e3a7b2cf78ea9edfcf208c6e1d4f5f1424,True,True,pass
603,1700018090,telemetry:603:source:87,600590,9f5fe4b9deeecf162afe0e55c7700d1971d8dde2533dd8a50ada3d9543cf141d,True,True,pass
604,1700018120,telemetry:604:source:109,741001,e7a9488016a729ae3a4a1744505269f5403e61a20302bee4bb354713701efd4f,True,True,pass
605,1700018150,telemetry:605:source:51,357358,3ce0ac1233b40ffa03a14f5736e22ef04349992b8e8db760be6f549ef4af6fe7,True,True,pass
606,1700018180,telemetry:606:source:109,198615,bdc7d2a44cf622a3f158247e95622ff017ae4a5ee5c6783f9f88a0658520cc84,True,True,pass
607,1700018210,telemetry:607:source:87,891823,59d08d8651e4dbcf127fab97385aa23988643ce34f542134b7bb74a3720bd90d,True,True,pass
608,1700018240,telemetry:608:source:109,789030,eab2d8b9bfe9033bcd9f4fd81427a454b94846d866f78bb40bf9c129a514f13c,True,True,pass
609,1700018270,telemetry:609:source:109,083880,3ac46db631a60c81d329a1dc9c4c2b6c220870c7eb20a08cd0b91c82ff71f498,True,True,pass
610,1700018300,telemetry:610:source:92,688051,bc07d1c235c12c70f36dc7f7bae842f7c398015cdefd1206e05e19efc6ab2731,True,True,pass
611,1700018330,telemetry:611:source:85,310132,5d40f0e5bdae1d3e5ffec76c1b2c63a798a59fac395a141bf9f034c8364aa279,True,True,pass
612,1700018360,telemetry:612:source:92,358485,9a2b56c997830a7fbc805020c8a435d594c60c72c63b68ac2b70e33bcd50b5e5,True,True,pass
613,1700018390,telemetry:613:source:85,420591,79440689e1e80e56e9c4de4a85a692bdde2cdbdfa11d8dee1be53984bb492bcd,True,True,pass
614,1700018420,telemetry:614:source:92,790678,084535b9fc914cbe3ab1312f27057f99aa58b75cd0d27e7d44fca746eecd2075,True,True,pass
615,1700018450,telemetry:615:source:51,220999,955b6e73b50e46d9df79bec654ffb57645848ebb9743a8d19799e6fb5ee22181,True,True,pass
616,1700018480,telemetry:616:source:109,954478,68deaed2df5411d27344c5df7ea2f19becb7b1adcbbb7e2e1c36909ca8ae586a,True,True,pass
617,1700018510,telemetry:617:source:85,829918,b619ebdbe663c5bf21e9d600d2110e1d5926d27871d0b34bab1b091f5115d61f,True,True,pass
618,1700018540,telemetry:618:source:87,745773,06e40322dbe0f7628081d02edb9e6e5f71bb7412baeeac842b3992bbbadef40a,True,True,pass
619,1700018570,telemetry:619:source:51,054027,5c60f65da1961a3bd094d71b0d842d26aecead934b2660dcc5d5843871c4c435,True,True,pass
620,1700018600,telemetry:620:source:85,808292,8f31382861a1ae4b97716b9b6f28f620c60e9eb1ff66c8f8c9b64a8a9f3d8e87,True,True,pass
621,1700018630,telemetry:621:source:109,954317,33026cce90205a9432dedd92e2405e54ddb0233cc156ea3eb8bc4e3a5b28976f,True,True,pass
622,1700018660,telemetry:622:source:87,877585,4d64c04a0d1e8054691b293efcc1ddb00460a42943a41be102e291d00ef79daa,True,True,pass
623,1700018690,telemetry:623:source:87,597258,dd9bca5287329fe9e8d36279adb7538c09821d6333001c93b82352a94e02ad68,True,True,pass
624,1700018720,telemetry:624:source:92,435904,2aef4cf2a20cbd97d924ad53f43e8c06ae7d65aa4022fdc847bf660c44f9b4bb,True,True,pass
625,1700018750,telemetry:625:source:85,222041,64a8445765e68e6edad8b26c7457aeb3408f67429220dec597c096844f2a180d,True,True,pass
626,1700018780,telemetry:626:source:92,682884,f2b08d4b3e7a9826ab09ba670402ab831c85115dba5ca6941888e88df8897aba,True,True,pass
627,1700018810,telemetry:627:source:109,343692,310e08e90bcb731410191f1f20f96751f5670e76f891d13d2c29aea9201d8d18,True,True,pass
628,1700018840,telemetry:628:source:92,671221,f710ebc9259d14a9051ff7d822652b4e3ba97a6f26900918fbf25b86d73dfbf9,True,True,pass
629,1700018870,telemetry:629:source:85,115066,2c9d257fe69af19aef4c87804a0adf0a6d2c4e3107d3b66bd10abeb7bb3d4571,True,True,pass
630,1700018900,telemetry:630:source:51,075592,d7b00476537a7c3119801d8e76e0fbb3b81a9c35f7f8c6c6effc48bdafed78b2,True,True,pass
631,1700018930,telemetry:631:source:92,640382,f2bca83a952ac9a576c9644cbdd7b1ba0ad560acccad36ba402f6746afd346d0,True,True,pass
632,1700018960,telemetry:632:source:92,682501,f3733d76aba5b7528200a54e08503410b8cbc331386da35b34e62d9ffb32155f,True,True,pass
633,1700018990,telemetry:633:source:85,752822,2b886cf60b9855d822f4ab1670c9035ca1174d5061d85a235f4215be0937e1d4,True,True,pass
634,1700019020,telemetry:634:source:92,900076,1f5dd833f5aaaa3f216c08092d59af472887b0733197bcd7eb7134ae3d7a2a5a,True,True,pass
635,1700019050,telemetry:635:source:92,182434,fa0e3e46cb3bd8ce71806a05c726938ba9d9175a2df889b3cbcf42e3cbedf58f,True,True,pass
636,1700019080,telemetry:636:source:92,453767,a9e82f2a81348289ac3e170e078f1e8a6105357df2aaacc8ccc0e20795b2bcef,True,True,pass
637,1700019110,telemetry:637:source:92,273760,a3a59bfe2cb5dbeb4bb606268ddf4c029d6da173cf81ecb50eb66b30c221382c,True,True,pass
638,1700019140,telemetry:638:source:92,331949,9173319f56fb870b7fdf8db5c32f4e42bce161866f7807da301feaa88a7b46f8,True,True,pass
639,1700019170,telemetry:639:source:92,298508,c4358b8ef55ec905a9783dc511cff075ca944ce28fa6b2f1d046f337cc32fd4a,True,True,pass
640,1700019200,telemetry:640:source:87,313239,d7245f06b66fe877d48594563445a72635bf932927dbb9e0157f7a14db540165,True,True,pass
641,1700019230,telemetry:641:source:51,706670,be8745e4a9145b04172ea42c48a20f6375d2f9500e7355dbb909de27eeae3ee7,True,True,pass
642,1700019260,telemetry:642:source:109,991741,9ba65cd4bae2561dc5a4ad53db41582f4b9371a5bab24a5f08d67cf5be63df57,True,True,pass
643,1700019290,telemetry:643:source:51,079027,09b80ba82a6c251c3b142809c5eed733f7864aaab2a3d47a570855d024878610,True,True,pass
644,1700019320,telemetry:644:source:92,475369,535f962c691d3c7010e3f8e860374f99a2b2721f2c25e43d1ee226be9cd59986,True,True,pass
645,1700019350,telemetry:645:source:109,405021,563f3f3278b587dff32bb187e03ce1318007261e5201ab0214947d4f8b35b423,True,True,pass
646,1700019380,telemetry:646:source:109,948361,fced05c2e8a84801b224479f203f3ba7bd728c513a868c0e6f8c8018bfb46161,True,True,pass
647,1700019410,telemetry:647:source:92,324694,7905af71e2fdb2352ea07c9ae11b4ad319ecbc9b68affecc2d1051ef02dd8810,True,True,pass
648,1700019440,telemetry:648:source:85,092053,2fbaaa5825ea0f2a94d831962af1298775eaf39d5f83a271fece42d743c8d93c,True,True,pass
649,1700019470,telemetry:649:source:51,673810,9711bb03366c05f180d2546f77513c7ec563c090e249be60c1f664b999bee3b3,True,True,pass
650,1700019500,telemetry:650:source:85,282223,c33fb46461fd29b5def0c1dce3f6df16b066dce06c93164d8c242a7a98338ab3,True,True,pass
651,1700019530,telemetry:651:source:85,538638,15a519ff44974f58c26f6e4c6a377b0237fdb15c86e7bc1e9103c04538c0510e,True,True,pass
652,1700019560,telemetry:652:source:87,884732,8c342d66d3117641240d19a6b2b27598c64232aca3f02acd55bdb973fb18ab41,True,True,pass
653,1700019590,telemetry:653:source:92,017834,309d1e98cee9ec1170209ddb5a6957b85505475504617e29797586044a39c513,True,True,pass
654,1700019620,telemetry:654:source:109,865995,b459269335930469864f72c87bf84b83a0de99e60378ccd6110321107ada595b,True,True,pass
655,1700019650,telemetry:655:source:92,303050,ba720eebd00fb6f7cf08a07920987038aa350782503b8c671f59156f85c73ec6,True,True,pass
656,1700019680,telemetry:656:source:85,910919,8edeb59a45e90bddfb791a3dde156b73423c33adeacd9b1f7f9391407bc15ff7,True,True,pass
657,1700019710,telemetry:657:source:109,091187,56980fa8c09f7535b748d7eb817d949748c10275a3abbb353ccd89075af0d580,True,True,pass
658,1700019740,telemetry:658:source:109,857350,443195208d0f98f5cf3b723b4f951f6cd0d4ad471b632c667ee63077115d1351,True,True,pass
659,1700019770,telemetry:659:source:109,082101,b43fa1f9d6190fee92d775210dda769236bd878241f6d779b189746990158f6b,True,True,pass
660,1700019800,telemetry:660:source:85,534982,de79aa823a2e2cd18b9c4f63dadf0b072bcf70348aa240db9017c652b2d9e897,True,True,pass
661,1700019830,telemetry:661:source:92,657194,0f8158e56f94d0daf8ec9c50adf86d7ef688bd85ffdf84383020ec6af9545c33,True,True,pass
662,1700019860,telemetry:662:source:92,583315,aea2164863217009e1ffb237374731cf8083058f77a916019354b44215a079b1,True,True,pass
663,1700019890,telemetry:663:source:85,336422,2e3f386f04690da5567613e3b9dd841b85171f2ec1e5372b1b873be86a37ff1e,True,True,pass
664,1700019920,telemetry:664:source:85,460610,7f0a81991ab09a5af187c7e78bcf625f87d38b72f078b9030e9e0cb177cccfa8,True,True,pass
665,1700019950,telemetry:665:source:51,959830,f9626a524f8c07f040dccd180b1abe509188b953aeb57c9d6d4b64945a8bcae8,True,True,pass
666,1700019980,telemetry:666:source:92,139504,46f84c16453a3b92dca7c81738a6bcac1a09d8b0e594f3ec58dbe9fed1d8d64a,True,True,pass
667,1700020010,telemetry:667:source:109,898076,3ff2d9e11dc7b3a790c161a842c2c3d6875ceefa448011021f6a47e35a562e98,True,True,pass
668,1700020040,telemetry:668:source:92,301386,635d99e2b08c2d95be71c60329139f09be2c54a74cf129e41ec8bb1a4566c191,True,True,pass
669,1700020070,telemetry:669:source:109,857003,ba102ad3a104ba53f1725d7f855e31ba094220ddcafa7c2c3acd60ce886521b0,True,True,pass
670,1700020100,telemetry:670:source:85,737868,c319c4326dd59886e484cbc15fe8d14065cc03b031e023f7a9c76d1a827d4714,True,True,pass
671,1700020130,telemetry:671:source:109,966810,bf5a449ad1286a6da16684ef69c1c8fc738d47e6d433c5607cb9411ba1a7f94f,True,True,pass
672,1700020160,telemetry:672:source:85,575757,70309316d592d99df9c7e1492076fcc81624894d6feb5cfe800cc700f4e919f9,True,True,pass
673,1700020190,telemetry:673:source:51,255456,c8192c90c5c8d00121d428344863f809a9490cd88a3a0cc620607be85f84e2a1,True,True,pass
674,1700020220,telemetry:674:source:87,393584,97069922819fbde2bd567b22119ab865dd7bbb9c0a6066033951341ecdc006eb,True,True,pass
675,1700020250,telemetry:675:source:85,959952,8daacc5741fcb6c34dda34d316ba60984cd5a2386560026e2c0735c784e8ed21,True,True,pass
676,1700020280,telemetry:676:source:85,316500,9445f3b2043185a61e82dc8afe1ff17c1e9dc7a493643738fbc52db279886686,True,True,pass
677,1700020310,telemetry:677:source:85,340888,d9be7d0dadb8dac2b3febfc64358ef3ee3306ff8d27b7ab71b4a264335f0a776,True,True,pass
678,1700020340,telemetry:678:source:109,746301,b0cd0cc736d85acdf494cce36daba131297024f4d7f2e9511231ff96bc485d3c,True,True,pass
679,1700020370,telemetry:679:source:85,887372,bd8c5b605a9185397e33f6f3b6bec8521d9e2ed081757feb0e27cc0af3e00121,True,True,pass
680,1700020400,telemetry:680:source:109,837682,91b27bef670a38011db829d87646b1f8601923f0344a9785f3444e592c39b01e,True,True,pass
681,1700020430,telemetry:681:source:92,853061,f2db8c67e3f47dd98dbc7a9f6564c1a2452a0803770df6662eb023dce117f27f,True,True,pass
682,1700020460,telemetry:682:source:109,441838,5befbfdf8c63392bb71d7adc7bc913c0f528847c361f1c958a1aa24c2f6f0b47,True,True,pass
683,1700020490,telemetry:683:source:109,447284,3b922dafa2324b1fa738e8f11122a6815f6b2f16270da6f811c71eee772c48a2,True,True,pass
684,1700020520,telemetry:684:source:51,222031,d7fb689ee65248b58467506addad79488d14242d2730b4e0d81045d757578770,True,True,pass
685,1700020550,telemetry:685:source:92,031520,0376d66eef0ebf6b85ee950eb27b5759efffc5f69669fb602a01f1ec9471e92c,True,True,pass
686,1700020580,telemetry:686:source:92,349205,40a1be2ea3daa31d7bc72f55d85103b53605e73e53d5d8758791291f602b498e,True,True,pass
687,1700020610,telemetry:687:source:109,505899,4f4740e35d470d2fb0b638bf3116cb467326bf79bdabaaaf3caaa1eaa12cd3bc,True,True,pass
688,1700020640,telemetry:688:source:85,891925,e1295281e61f240eb87b6fb3018c3a3d64a40992e65462a2a7da5c47256ace1d,True,True,pass
689,1700020670,telemetry:689:source:87,550352,85e7a482ea04253d5100fd9eb303c081b341d652e3b71805cb556e712433e334,True,True,pass
690,1700020700,telemetry:690:source:85,834949,fa8c7dac81effa58c0a00b6a645c1c43e1a3af9595fbb6945e3b550ab53d8709,True,True,pass
691,1700020730,telemetry:691:source:109,793742,bc243ea9a835c70a0f4ee9f16087c5522b70ff8ecd4de00dc68f02a49b2d01a5,True,True,pass
692,1700020760,telemetry:692:source:109,186175,c79ddb019a09e6893a0c0ce07c9afae04c3b6a8efff0b43c3cad3c4e2b1a30d3,True,True,pass
693,1700020790,telemetry:693:source:109,708622,ed09283945a657cbb0a24aa43bde8c167b0d9b160ad857f47134e01380cd4ff7,True,True,pass
694,1700020820,telemetry:694:source:51,590479,cbd424ef15f631a22e70511b3aa559115e770dc72ee7d3affcbf7f48535cfb89,True,True,pass
695,1700020850,telemetry:695:source:85,688451,c2803794895c4ff28b0465a1c4884e983f8963cb3f4532db95f7c035c54064ee,True,True,pass
696,1700020880,telemetry:696:source:51,588756,b915d4e37473fff44af6976b7993a235857aa1ac6138930bd61c313c036ad6cc,True,True,pass
697,1700020910,telemetry:697:source:109,145242,0090f413b47f8394461412a34ee9b52877be471b0166b7b557c64243a7f80835,True,True,pass
698,1700020940,telemetry:698:source:92,560869,5644ad843137c8853c9a6347cd74ad1a26ecce4b709d51c3f6573101a0ff2659,True,True,pass
699,1700020970,telemetry:699:source:92,888239,f9ae47d73ea3b5330d9bcc9a8f00249e041299376caa885a9dd2bdb1b8cf3156,True,True,pass
700,1700021000,telemetry:700:source:109,094393,f5d31ed604e24d85e551d96b9cabfbb115bdcc74936c8c206b050f327e0973f6,True,True,pass
701,1700021030,telemetry:701:source:51,909556,bd9b16c3810bb438ba147d20a9bc3561d63bce1e72b246138fa7703a5de26d3f,True,True,pass
702,1700021060,telemetry:702:source:109,709704,e3a673ad44cdff0495951d11f3077f30a7ebfc81b9ff393acce1e0a8d021a75e,True,True,pass
703,1700021090,telemetry:703:source:51,555488,064a70268e62e1282657ada15d94aa33f574a63ee046c05742e8d6a6111278ed,True,True,pass
704,1700021120,telemetry:704:source:92,955468,f470cd9aa4819d52c340d764b85bd00736990d16188bb8563618c68bac4fd54b,True,True,pass
705,1700021150,telemetry:705:source:51,312268,06e7db352046569659d60ffcfa8fd1746db5fffa7e311cedbc6136713e2673c2,True,True,pass
706,1700021180,telemetry:706:source:85,556819,7f3856f889ade30970945ad19df33226ba28f4d9a384c239b08bd2a44bb778bd,True,True,pass
707,1700021210,telemetry:707:source:85,317113,8afaafd9b2e085b7e14f84ced2d5087348c8fd54a4e17f6d045f765a1a153ec1,True,True,pass
708,1700021240,telemetry:708:source:85,633940,5b8f8675baf76ac6590089b97c7289244e772142c0c437371a6632125a4e805f,True,True,pass
709,1700021270,telemetry:709:source:92,793107,5584f67041f9b899905fde0b76a52361c636947e5cbdce23f06fe4a359f73abd,True,True,pass
710,1700021300,telemetry:710:source:87,213503,a3cca610ef20eaa7207a9ec41d944a37c7d67340a0010246546f67955c2051cc,True,True,pass
711,1700021330,telemetry:711:source:87,849589,7fb8362607d7150f2646048b3519d68417cb6605d64c18624f0aa2c1d185b29a,True,True,pass
712,1700021360,telemetry:712:source:87,102801,ea09e742702c246240766a24183b63a17e427a345ea201e857436c03f10cac6f,True,True,pass
713,1700021390,telemetry:713:source:87,231503,ae0c25d71c33c531e76c68a6df92c30e7583c598a327077a0fadfd102397909a,True,True,pass
714,1700021420,telemetry:714:source:109,506485,da4a7165876c846deb9304a9777427fc1fe1b181b8cdf7a0e5340d735f564cb4,True,True,pass
715,1700021450,telemetry:715:source:51,865458,b2a7ccdb3ca2cd0a018cae5d3a39a0c053db3dcdaf60fc57f57016decb102d6c,True,True,pass
716,1700021480,telemetry:716:source:85,775797,1d3d8067203966db3b2bd1a3678032c4be2a85c64758a28d18526d4f13417e98,True,True,pass
717,1700021510,telemetry:717:source:92,444363,0d008146eb4e315efa5ebf93e1d10b778c46c6911dbc1418db03d5998c7cdfe7,True,True,pass
718,1700021540,telemetry:718:source:87,888234,7fd59d85aefa0be067bfb3835415d4be1b6a4826c145055db8b0f07b1465059f,True,True,pass
719,1700021570,telemetry:719:source:87,257680,195ddd2275b192233ecff7dd3c8aa5853f72ae16ac0b7d34a9594a1d3ca54af6,True,True,pass
720,1700021600,telemetry:720:source:51,676853,210e281f4d3f983d38db0f95a437bcc418c4b86791bce9735a3f74a72a0a6602,True,True,pass
721,1700021630,telemetry:721:source:85,784886,e06938cba92a0d483211291f7227ee4b37de2f7e328849f833e3a3296f257bba,True,True,pass
722,1700021660,telemetry:722:source:92,196996,ecec4d77d27940a6a1790c60d54db3b4eeb11a7bdc878abd03c47239f25f4e94,True,True,pass
723,1700021690,telemetry:723:source:87,182738,ddb576446a0f4935c10424304690e8a14d8f17cbe731a971959633167cc250e0,True,True,pass
724,1700021720,telemetry:724:source:51,275626,c122f4e96e019a41c9ec08038e80062f8b4fc313bee7e1a7a210d7ddb80801c0,True,True,pass
725,1700021750,telemetry:725:source:85,982685,221c0aedd43a704767df8157959b43ee9ade07114bdc256800c6cd355c3f8388,True,True,pass
726,1700021780,telemetry:726:source:85,894667,bd373e6cc1c927f670cc61b6ef7e1821e6d868f6704878271de732928ad72847,True,True,pass
727,1700021810,telemetry:727:source:51,071720,0fb12759881c1b1173720719aea7d5ef1bc4460e3cf4550eddc59167809e0465,True,True,pass
728,1700021840,telemetry:728:source:87,733157,e88c1ce07b3be2bc7a52adddc76da068f50a43e61b27592e2d13acea0a528062,True,True,pass
729,1700021870,telemetry:729:source:92,140539,47d8a7063b536e16f8929cf204eae0140e4487d1fe6f967a057ef652a1375bb5,True,True,pass
730,1700021900,telemetry:730:source:85,015065,695bf4518bfbde8d75cb1f7c41555c7297bbab16d712713052f14389cff695e1,True,True,pass
731,1700021930,telemetry:731:source:51,657885,287d9057f43f3099239b4cdd21613449a8b3f223bb66447b8e7d4d249837efb8,True,True,pass
732,1700021960,telemetry:732:source:92,268788,87356529315285c6839694508b2a3adebd7adf58aca268b39bbc0cc55c9c37bc,True,True,pass
733,1700021990,telemetry:733:source:92,553916,028930c4d6f382dd1535c040464319fce5a676234c92e3d95b6feacde4b8e75d,True,True,pass
734,1700022020,telemetry:734:source:51,937799,2706b2690a673b4766c3923760bd71b0823b70d116c8a13cc2a151eaec138846,True,True,pass
735,1700022050,telemetry:735:source:92,589156,8c7899acbd62ead9c13f5b136f66986c9c5e74d53b8ecb8d77484cd49628bcbb,True,True,pass
736,1700022080,telemetry:736:source:85,032657,c474024e069bbb32fc90aae82fdbbdefc3aefc2c5f093aabb20e899900e4ad4e,True,True,pass
737,1700022110,telemetry:737:source:92,126525,f599104da71d137baac6ea609fe8ce34212a1a635242cff7437dfbc2fa4c8e74,True,True,pass
738,1700022140,telemetry:738:source:109,911688,77f095c5e610d99a3c0572f5744bae4a402216deca711cb1b9b36f371f310bbb,True,True,pass
739,1700022170,telemetry:739:source:87,217848,8b93a03495c0cf45e760ebba1edf0a0f671028e46506001032855c3a7c47bda2,True,True,pass
740,1700022200,telemetry:740:source:51,406584,c6aa61c6f1279d292a582d83d75241076d0694a7cf8426633b917789bb0813b3,True,True,pass
741,1700022230,telemetry:741:source:87,013945,f7a5806753989a4e83e6f036383e1cdf52b3b8f85c2bb73e07a5d12a9342fd5e,True,True,pass
742,1700022260,telemetry:742:source:51,422887,e77db307b323e460e0eee14d10bd07db8861a25a8c4bcba7696d666c00ceaa41,True,True,pass
743,1700022290,telemetry:743:source:92,084239,aacee86e086f2ebfd500bc24142f3d32832b96abedafc469ad4612fa1ebcd8f6,True,True,pass
744,1700022320,telemetry:744:source:51,800379,412808092c9edb76a855fa14df578d6b391a602badcd9954d9935123a833bdee,True,True,pass
745,1700022350,telemetry:745:source:92,081006,048d40e78a13410747b5140ac9cfe71509898466776521e930efa500f2d5f36b,True,True,pass
746,1700022380,telemetry:746:source:87,293988,5cfefabb79736c8694c029fe01a46e25b7aed40ebe84319d3e49ebe2d7e01405,True,True,pass
747,1700022410,telemetry:747:source:109,929591,7565e185bf47375dce4f6a784b851858ac54e73bbb446fbf778b0392d773f6e4,True,True,pass
748,1700022440,telemetry:748:source:109,098273,de305beb3c5b8ddd51b98b8adc345362315cec0634a0e40fc7d12986496ef556,True,True,pass
749,1700022470,telemetry:749:source:51,847096,917ee5887d20e1ba399aa8a66d1ea75542337ab7a13b9a1efa0d09bb12f543cc,True,True,pass
750,1700022500,telemetry:750:source:109,767167,dc50cebdebf6051fde50bfd6f58229ba61809956a90fe573d8d107abf8fc2c0a,True,True,pass
751,1700022530,telemetry:751:source:109,548746,646122bd3638a244737013b57d83e204bc35bd5b8e4bc8b00fb4b9ea7d32ead3,True,True,pass
752,1700022560,telemetry:752:source:92,133901,616035b01a4bb26b6a8a5c1b76728695f807762bb252c5c9a3d1bba7b71dad79,True,True,pass
753,1700022590,telemetry:753:source:109,521021,0928356c266924488ec670cd9959469f8deec9414c075e56985fa84055feac31,True,True,pass
754,1700022620,telemetry:754:source:109,917042,a9c458d52b1d836e0e0574f646dcf59786ce1ec95b1ae4d1bd95f52f8d22f810,True,True,pass
755,1700022650,telemetry:755:source:85,998584,189c638073921af8ec1c711070d11c704a5d5c06c0bce3479a7c6a92c3e93bb0,True,True,pass
756,1700022680,telemetry:756:source:87,403234,033c56e8bc9db520dc5e84043c0733dbb60a627b269981cbd3f46c61a2a41ab2,True,True,pass
757,1700022710,telemetry:757:source:87,323460,6b1493136ac3493521ca7cf748bdea595a189409ec55cc10b7d1bd267d864d66,True,True,pass
758,1700022740,telemetry:758:source:51,002297,74c8f421463c1810d320ba0cbf13d585f136fce382815a718cba14110d978424,True,True,pass
759,1700022770,telemetry:759:source:109,953640,6f4924b3dff62a2858c21b90397dfd29871592eb49b1eada1eaedc8676a5d74f,True,True,pass
760,1700022800,telemetry:760:source:109,782472,e3e338ac5840360cde7b47853195fede015ec29677698c8b6b6e06bce5e3c78b,True,True,pass
761,1700022830,telemetry:761:source:51,626555,94840bc7271a0e14961033a8d6255309dbef2ed36c7c935d461073e0ad657c7a,True,True,pass
762,1700022860,telemetry:762:source:51,436178,08ff96472d34cade2c3fa88b7aa405eef26fb6962243cd427a4d2ee0e96f6ca3,True,True,pass
763,1700022890,telemetry:763:source:92,292606,a919d8157731c2418318c8d7ac312fb23d2c5ae58ffd977e5a2e08dd0f0ab61b,True,True,pass
764,1700022920,telemetry:764:source:92,596039,2f5e6c1728f3b0f22f4e1c0ade20b41ac43811effc3b1dd8754ff66f00bc83e2,True,True,pass
765,1700022950,telemetry:765:source:51,958763,45cad9409140a3e936fa83457dcb34775915e1d7515c797474e223b67251f2d7,True,True,pass
766,1700022980,telemetry:766:source:92,088028,481cffa2af55c27f7641752ffea69a34ac9f87a72d5a53c01d45d81ebe8022a5,True,True,pass
767,1700023010,telemetry:767:source:92,398913,578ffc647d0db9364b905a4036539fd51bf9516bc048ffd2e2c032de28b00c0f,True,True,pass
768,1700023040,telemetry:768:source:51,770340,6b3799576ddb146e759ff21dee28f82dbba8af6523c6f07d41d1f7b9b67cefc3,True,True,pass
769,1700023070,telemetry:769:source:109,432349,70789e40eb5e0df781f282fdd2e1bfd1631f8f7d418498a116a8ce59b69f4c44,True,True,pass
770,1700023100,telemetry:770:source:85,544276,6ef38e2d5c6fdafa62e12288a656259b678df0a4abf232b7e09fb74586d38695,True,True,pass
771,1700023130,telemetry:771:source:51,242046,a142a57b46b5ed399a13733dfcf16355f8a6567072a63de7cd492bccb6966eb6,True,True,pass
772,1700023160,telemetry:772:source:109,747582,3793e83b92bbbc9e100d9b68f709f8ee25cf25afc5863a85823386e23cf6788a,True,True,pass
773,1700023190,telemetry:773:source:92,768418,6e1d169f512b21c4270fc8e709854f84ec10f4c604c3235e05cbcb638d19ef09,True,True,pass
774,1700023220,telemetry:774:source:87,785452,be02d0dead862a3f095423067243f341eff0ca64a1658279759bf0c5d8bc60b1,True,True,pass
775,1700023250,telemetry:775:source:51,548511,92d082e8a121b9d38b135e130c928d7b577815ca3511e0fd6db25b4b665cfe59,True,True,pass
776,1700023280,telemetry:776:source:87,090181,92d9a4553f11c9aebea203f144a936d0b12a7b051929c940f03ec6c597da9dbc,True,True,pass
777,1700023310,telemetry:777:source:109,713515,cfd318aea10bd12ae5a0cf2faa7450bc6443e3cc616265e0973bea7f3f820156,True,True,pass
778,1700023340,telemetry:778:source:87,388885,7b1aed1e44cc2be5ae56c9a81a86614b33b45c37b4e619bf5bf1bbfad29ddefb,True,True,pass
779,1700023370,telemetry:779:source:87,229615,7202eff47ffbf89eaf0fc764e17ec26327f13f08be790da9418ab8f5b2389147,True,True,pass
780,1700023400,telemetry:780:source:87,199089,a76eedff55a234cf7cb31c779865f01c35d4172b3740adcd64ee0c53f1ba872b,True,True,pass
781,1700023430,telemetry:781:source:51,329189,900d44f55b90a9310db5283d97c1ca70300df016c7ff0d3bf71fb463aa3a1da2,True,True,pass
782,1700023460,telemetry:782:source:51,721917,446887eded2303975cf0f0789fe9253f14be67e6e30f9737017b12a4eb0e2e85,True,True,pass
783,1700023490,telemetry:783:source:92,710588,1e529aa7c92ed3717f157783992f22218f8fd129dc351132382ff47f5f47b401,True,True,pass
784,1700023520,telemetry:784:source:51,408547,7e04ea075f9a5d3aef486d12369a9a9a340b6577aeaf5603dcd45ba09d858c39,True,True,pass
785,1700023550,telemetry:785:source:92,707604,2dc410810a73d76651b2791756ccb990a17bc3fd8daf3d9491ee07e3a82cdcf7,True,True,pass
786,1700023580,telemetry:786:source:92,589124,9b90a33bf69540ca25a1893352f456c31ebf54ba7da09644ce8d603069cace03,True,True,pass
787,1700023610,telemetry:787:source:87,618682,1df3f52e1f98ad45c66c6a111d0fb1d9d19246056e0fc425f6e50eca638587b5,True,True,pass
788,1700023640,telemetry:788:source:109,626473,39619c76e4ceffb02e9fa36ffe2e873ea4a0df29c5ad05238920a052cf3d1adf,True,True,pass
789,1700023670,telemetry:789:source:87,395917,4e84b4e81414b2a0d16c352ce22ac19510a9c4c9033a313753004f40a0acb5c8,True,True,pass
790,1700023700,telemetry:790:source:109,212321,8c9cfccfe7622760cf959310dcf1581cbf6195afa7d11a767fda0f05d7db848c,True,True,pass
791,1700023730,telemetry:791:source:85,520341,2b11883b96df2e133f79c8fe9dc7e134d00c57ebd1c5b1c86ad0fdc65d0ca482,True,True,pass
792,1700023760,telemetry:792:source:92,456919,e9626e1399297dfa9cc06b1a878093a7895a692c2af8876f4e207fb7e91c413d,True,True,pass
793,1700023790,telemetry:793:source:51,293015,360018b1b2deae506ec6db8e8630b16d424b0ac6a4b69ad3218051c18b6bdefd,True,True,pass
794,1700023820,telemetry:794:source:85,178756,7f114804c2309a06df04ab4bc4212c7a422cff7d589200486fb40dc8a992facd,True,True,pass
795,1700023850,telemetry:795:source:87,934166,fe212b3547854d5c439297f5451fc1265e26854d7e209a0fe8c6f337a2ec6413,True,True,pass
796,1700023880,telemetry:796:source:87,809163,e5e5eaa957cabd12c451af42161dfab92288743b49a5d0208a8b98e4f120cf51,True,True,pass
797,1700023910,telemetry:797:source:92,727688,8525cdc1008352e9954f474dcd050a028c76fbed908f6cbf852d0e129911ee70,True,True,pass
798,1700023940,telemetry:798:source:92,332356,b09d81c7b7e33a344a93654bb8d34c3aa54b4f469ea497054bf5757b97a819dd,True,True,pass
799,1700023970,telemetry:799:source:87,009053,2bdc9196e5e02a02512b89720c8c1e72868690ce80009ed3cf8ac3ddfb625a84,True,True,pass
800,1700024000,telemetry:800:source:87,099812,a29ff17324f703fef130d0026e2f1d0b716054f7e47c1bab194f86b543ebdf31,True,True,pass
801,1700024030,telemetry:801:source:85,697821,25124d046de1ab4fd951df999a866112726266f3ac86a6c37647e7d153ae7567,True,True,pass
802,1700024060,telemetry:802:source:92,687988,991856fff2c460f7a0d6bde221def19c3f7bc0d29af64a1d06e32368028434cc,True,True,pass
803,1700024090,telemetry:803:source:87,966280,1fa65199cb38a5a750c350119565b7ac0b72b34d9b4742fe4f3c67a91d729316,True,True,pass
804,1700024120,telemetry:804:source:87,208883,b8106703a1bd7b737e20c5d8beb023d93cd5a2813e4beff30db649e1554e3789,True,True,pass
805,1700024150,telemetry:805:source:92,692926,6d3e760ddccc19ca736d472141f234f2945119f01acfcc230d4691869defc8b5,True,True,pass
806,1700024180,telemetry:806:source:51,132862,0fdf6dc5e43709c2259cdc4d895b8a13770ebaa9b88257745d7405c54c422cea,True,True,pass
807,1700024210,telemetry:807:source:85,336160,36e19368304088829d44a7c0124ac7ae9df79e966df0dd4add33e4a214c26cd4,True,True,pass
808,1700024240,telemetry:808:source:87,888543,5a0fd1a7db1b6e1fcf64d15f665418d0b9382d922a6f6a8525cb026156ef7fed,True,True,pass
809,1700024270,telemetry:809:source:85,207737,14e13d08cdfa2ff29dc8ea66082ae834ba614aa4be55b5782b3c936a9cd27153,True,True,pass
810,1700024300,telemetry:810:source:92,957358,57e2f83557e51ad9fe0e47595f75935125f85dd1d8caad2e846106511f1b5d9b,True,True,pass
811,1700024330,telemetry:811:source:85,157418,baf50644df7dc7b6f8e9e7454512e4548896fcb884ec19d0b2bb5509bf169660,True,True,pass
812,1700024360,telemetry:812:source:92,916504,4dcd9f457322ae7fa84dff7e267b7d825ec4cd37ed1558d77bf23f76e7bd077a,True,True,pass
813,1700024390,telemetry:813:source:85,013509,1ede3743c611682c3253b382ee35ee6f8f207a929e0b9a139464e029d4d82005,True,True,pass
814,1700024420,telemetry:814:source:87,961068,2e05c647eaf6a888c0bf5f375f86db59ae76326ece273e826ec498e14df48da4,True,True,pass
815,1700024450,telemetry:815:source:85,712543,d409beca33061d932829cd14f9fdba9964c7ec9b79051ce3cbd0d48c7e849770,True,True,pass
816,1700024480,telemetry:816:source:109,938054,c63679edbf8ea4a953a195cee016b9ac051e9f8a164576835891b8fe21642104,True,True,pass
817,1700024510,telemetry:817:source:109,829255,213f25a3ef1d0f5a48feb46ce2deb044a30cac0a78497824970516baeb85a578,True,True,pass
818,1700024540,telemetry:818:source:109,488908,0cf8a860edbc1fe10eaf6d88345cecfec159e9cd82a571312e3b23b280ce8918,True,True,pass
819,1700024570,telemetry:819:source:109,174606,d85a62fea1e5b1ab8cb5304b24ce5268e02fb33204b8a0dae1c1328074548e23,True,True,pass
820,1700024600,telemetry:820:source:109,083503,9649227652a7cfade7641167c3cebdb9cd3cf0ebf5fd08794c44a105645dc72e,True,True,pass
821,1700024630,telemetry:821:source:92,637240,17309f496457b397dbfb4e3d371898571d861996fe22a5cd363bfc7fa96106d4,True,True,pass
822,1700024660,telemetry:822:source:92,066262,34e916fbfab56d349edcca7d5b247d8c00446d7f83d298ec23e602880605862d,True,True,pass
823,1700024690,telemetry:823:source:92,592307,7ae55df1a93fdc3d8509a42d5c69c50651c05a42e26d0bdaf262605c73349e64,True,True,pass
824,1700024720,telemetry:824:source:87,984087,c129cc7e59e9cec771546ce89e0c38a16274789effa6a65e94755e0eab913bbd,True,True,pass
825,1700024750,telemetry:825:source:109,946580,1b296fddff33e1898b86d1a3ca5fce236591761854dfb7bb265656848370f9ed,True,True,pass
826,1700024780,telemetry:826:source:109,121566,aca406a1348d9b8b2c8141612b79389368ecf231b93d271c77a7265ec35223d3,True,True,pass
827,1700024810,telemetry:827:source:51,634574,50963f3d5b494d2d4578bf5ad5cfdc2e1772199caffa0a4d47000b31391c418c,True,True,pass
828,1700024840,telemetry:828:source:51,586467,8071a4accdf7027b13a5e312e4de67d11a54a498d92dbaabaf9d09dd4036d9be,True,True,pass
829,1700024870,telemetry:829:source:51,010128,4b2a50b6956d041b5dd1fb08aed7302e98d316232d85ee3057e94e79b7fcd463,True,True,pass
830,1700024900,telemetry:830:source:85,704380,0443c914a0f4ca2497c698f7b1e5ff0a6db76c2f4e035810f467aa1304173295,True,True,pass
831,1700024930,telemetry:831:source:85,364621,0aa09073d390946dfb96915dc2cd540555f3afcca4e5a41dc54d534a3b561401,True,True,pass
832,1700024960,telemetry:832:source:51,017592,e0f53bf9a4dc96d01a98163c749eeac5ff15becfc9ff3edbd9c2619c2ff255f1,True,True,pass
833,1700024990,telemetry:833:source:51,328672,13cf76ff03b18e245514ed982d77fb5ff748ec3113a994db0cf5858682fbcf59,True,True,pass
834,1700025020,telemetry:834:source:87,185986,eedbd02562ecc0e033a81b480e68932d09155520590a36e391621d7a977a4c0c,True,True,pass
835,1700025050,telemetry:835:source:51,543600,2b024e47a6515a6d60c2cc2698e856e37912bfd62cfe83b37d3d6830602c75b4,True,True,pass
836,1700025080,telemetry:836:source:51,279704,3a8544d9c919aed039cd9b1e55fab3b3e31834c627b97105bfdcb010d6534b6a,True,True,pass
837,1700025110,telemetry:837:source:109,613364,a114f1087b025e0ed912a4af498829ad425a5530959b7ae8f33c749e98ad8439,True,True,pass
838,1700025140,telemetry:838:source:87,302929,89df88d3d0c9a17c4fbe1f1dd4f05953d1bd1123aa506bb20d121a0f10be11f8,True,True,pass
839,1700025170,telemetry:839:source:87,711684,12509f53cd77f7c60788fb4f1552510203ce0c88d80958dd9f3ce7d58d797e69,True,True,pass
840,1700025200,telemetry:840:source:109,063608,9d1b4f0fe6c321546b0f3f06853d8345e21d4a35910855b6279476dd37e01588,True,True,pass
841,1700025230,telemetry:841:source:85,693109,1b910cbe630cb5ad51bf2342faf05d57b22cac4bcc6f31130c25eb2d42444d6e,True,True,pass
842,1700025260,telemetry:842:source:109,519954,90ff5c0a666f31f87b5f57007527d6976f148de5212ba39fb2e4d0918d77585b,True,True,pass
843,1700025290,telemetry:843:source:51,103848,99e3795d877f1c0e6302d9d5b7a0a46c3974bac480db999cfc422db3144b8bb8,True,True,pass
844,1700025320,telemetry:844:source:87,915022,7ffab9cb595e3a8b154050f0d996989a35d0f39e0c36311f9eb5745b4176bfb8,True,True,pass
845,1700025350,telemetry:845:source:87,280682,c3b32001521ef229e9e38b17dd2c01cd94f95efce3f391485a53d1dc8a75288c,True,True,pass
846,1700025380,telemetry:846:source:92,721344,978300b7daa7ecb9e9eda2d531945b690f4d59368f0c2f40fad42fed593f951e,True,True,pass
847,1700025410,telemetry:847:source:92,761678,7e90fe4e067b2dde9470913e216a8e1c76678b2b649e2a8dacc3a91441c80d3d,True,True,pass
848,1700025440,telemetry:848:source:85,389874,126b17758ed1d2232c793ea27c3d10d930279b70c1815477e84c10bb4fde2bc5,True,True,pass
849,1700025470,telemetry:849:source:51,919043,457339f9bf234af6d0c72c923402d69ab9c29734c257345a40f15c8349ac7182,True,True,pass
850,1700025500,telemetry:850:source:92,388083,2f6f2434c68272930d27b38c95f471965127cb773e4b0f2c17059249af30424e,True,True,pass
851,1700025530,telemetry:851:source:109,180498,3c21ae70d63ac628b844b810f13e5ea7ebb7e9a866b61b44f9bba45512ef23ab,True,True,pass
852,1700025560,telemetry:852:source:87,906983,6f14df300f80f7441c1570658f14fecd930f2fa4dab249e1617cab42cb047d05,True,True,pass
853,1700025590,telemetry:853:source:87,066199,7f68b2a2140d727d4f6aeb3235abf5497cc9e8dba01b95709a1a7cbfaf4c3002,True,True,pass
854,1700025620,telemetry:854:source:51,322979,de9bcac0c0ae7fd2923f2165fb55c0bbdfcdbb1f3e3df4ab40aeef68840efbbe,True,True,pass
855,1700025650,telemetry:855:source:85,885437,5cd506777eca4df7ad3cef298140113bf9aeeaf730a58b2e5bc5be813d21c94e,True,True,pass
856,1700025680,telemetry:856:source:51,389381,5a0ac9f3fb4ca354e40cc190f5bb2c131048c29600d64dda2719804f7790907e,True,True,pass
857,1700025710,telemetry:857:source:85,371715,06c1807db19497c15be4327b831a158f3633eaf0c4e3aebf86fba6d81276b584,True,True,pass
858,1700025740,telemetry:858:source:109,419171,1139fd6cb7ca9900974d603c5e178042a1b0ee46d0942a7d140bcd5813c51906,True,True,pass
859,1700025770,telemetry:859:source:87,247260,f148ed85a0087bce0107005f77136cc4f2b8fa45f56672dc5ea48c1de3194166,True,True,pass
860,1700025800,telemetry:860:source:92,096556,bb793b7d7922abdbe3df5a5b810ffeba35191f689bc728991a4f8caef9c79e24,True,True,pass
861,1700025830,telemetry:861:source:85,808341,63b83973ddd4a6bcf1ce24666fc7b3eedba1fe34298bb9fae40ff21521026a53,True,True,pass
862,1700025860,telemetry:862:source:51,195798,7754cacdda6b9f92c7a01caec16fc1aa9bc9dcb9c5c9a38c03f8506535df75b8,True,True,pass
863,1700025890,telemetry:863:source:87,164063,acb96fdaeaba469951bb41c8c4955dd7039e36d274e13148d6f1f4041669bd5c,True,True,pass
864,1700025920,telemetry:864:source:85,275862,b4e914f380e3682c0ad49b6339a5f82c654eaef5ea00ace61a304aac2395baff,True,True,pass
865,1700025950,telemetry:865:source:87,628534,2807d8872199285a8b63f1e4118fd7d9bc685fae4df7daeb88f9ff8702c04ea0,True,True,pass
866,1700025980,telemetry:866:source:109,195239,a3b7d29a944a029e2cd23b5ee7b77d7e4edae7401a3aa3089117eac821fea511,True,True,pass
867,1700026010,telemetry:867:source:92,361574,77793c4f772dd85227165b8edba2b732dc459b7bf4868af9e2d8e759e84ded1c,True,True,pass
868,1700026040,telemetry:868:source:92,278842,5e3cccb1e3e6fee66c254fe3bd633c0399e2811c753d92d755360e54e9ad8b9a,True,True,pass
869,1700026070,telemetry:869:source:109,132463,a20493f055fae34acd5906814c2765366c3d253ebefd950e576d8e11308f65d9,True,True,pass
870,1700026100,telemetry:870:source:51,902829,771c7598da3394afab1c0b8a4258aedc308fb07c74ef8ca7a942cc731c1f4b4c,True,True,pass
871,1700026130,telemetry:871:source:85,296350,201ec0a7451533c659416e0fec3f0a20240bf683fae5b22f73607c071e9ee29d,True,True,pass
872,1700026160,telemetry:872:source:85,282745,cd1e05456807b7e6c0bd59e0d8b0c3a77b5c758e98152fe5e010068d60ad2814,True,True,pass
873,1700026190,telemetry:873:source:51,653742,8e411b6b7f351acb29363b513bd2754acf8ffdd3e7d0dcf0dc5ecc4376fda19a,True,True,pass
874,1700026220,telemetry:874:source:85,076535,3195d6f615a5e80b31dfa7c2c5143eb65d9d16bba630aec0c26586fc843bbaa4,True,True,pass
875,1700026250,telemetry:875:source:51,150721,6f1ebda3698d8c118149599ee807a505440b901fc6cfb3a6a133a56d82a125ad,True,True,pass
876,1700026280,telemetry:876:source:87,987666,3071c546b6b81ae536bb56c97b85e9de0937f1fbcd33d013e1082ff52e9dd0b3,True,True,pass
877,1700026310,telemetry:877:source:85,181140,8ae8fabfbd13fa04f923e0afa15d6fcc05c785fb5add6cfa1669f8bb336649df,True,True,pass
878,1700026340,telemetry:878:source:92,119483,76709a7ec83e1c09faf390433ebbbdfbe56ff9107e60f050dbc87010f13f61e7,True,True,pass
879,1700026370,telemetry:879:source:51,255232,54948c24d2c11a4bb0c01316efb93f448d1671543f61fcd878291cd255c309ff,True,True,pass
880,1700026400,telemetry:880:source:87,234066,7ff1ce31f5058a9f2f406cf9d46f8515b28dffd85528daf8ba03b1fdb113d9a5,True,True,pass
881,1700026430,telemetry:881:source:92,605255,0bc489709f92c50d30a5b8dddaf815453959bf936d3b89472594c98fdf018ee7,True,True,pass
882,1700026460,telemetry:882:source:92,903294,afa5ea30134bdbca2b3245e386adb5e0029ffa9f9638b6cc16d98879aa7156d6,True,True,pass
883,1700026490,telemetry:883:source:87,933621,0535b48c02847d79b5308affb65985a95c8ec4b057cbc2b6af309cc78d210729,True,True,pass
884,1700026520,telemetry:884:source:109,320515,450f6b06ffb9fe16faf8d50f56d481ab0220eac0fbad80f418bda8e7549d17a4,True,True,pass
885,1700026550,telemetry:885:source:51,825421,f195a44e19dd8da495023aa83928e4d9dc505d7868ed381de4f71d88c6149513,True,True,pass
886,1700026580,telemetry:886:source:109,726783,8ab82a54a199ee6824a2be5224d802de8ea4a36d6d90b26d4262b41d397c6e6b,True,True,pass
887,1700026610,telemetry:887:source:87,363765,c8ce27c648553b6f8ad75221cf705fd4433fa5f76d8ebe01a854b2da00cc35dc,True,True,pass
888,1700026640,telemetry:888:source:109,586263,a59322125279cea11986195808e00f4ca7af7ad468c391e057e7b5db0405f078,True,True,pass
889,1700026670,telemetry:889:source:109,265022,bb6520c3fa94e44cd35f832df8eefe65e4c10243c66e6fc987a717a961281c49,True,True,pass
890,1700026700,telemetry:890:source:51,906204,a57caca431ae0d572ff9c4541f6091acc626143c4b5e316ea34ba69ca4b45e80,True,True,pass
891,1700026730,telemetry:891:source:92,273494,8d3ec0097936140d7abc26d07f38b1228997aac6bc80d8b29315d236f7bebe27,True,True,pass
892,1700026760,telemetry:892:source:51,920824,63fad78db711f07a6f5837b612fc446ba486f278f2f03fc3d5e57601ccb2db08,True,True,pass
893,1700026790,telemetry:893:source:109,519375,6be7ae2cf0ade55545d1aa4fb1dcca3e504a6363c356fc617f3d821519371378,True,True,pass
894,1700026820,telemetry:894:source:109,033091,c56dc2b61a226d084c4c8b7ea6b495fd3d7685f66654e9431d92e3bdc93af2f2,True,True,pass
895,1700026850,telemetry:895:source:109,244931,0b43c03f4873c01d62b7b573f3843b4b65197efc291805d3220b134be5e56bc4,True,True,pass
896,1700026880,telemetry:896:source:51,506467,b77d1c90c811f0c2a31361e6c1bbc1f46bd6cdad79ff287e77f8202d5d59b832,True,True,pass
897,1700026910,telemetry:897:source:87,728804,764a68c99b794275bf66d01bde329f01a6c2f74c3d775a6594bb2e15b69c9e84,True,True,pass
898,1700026940,telemetry:898:source:85,957269,7664bf2d94f6752035e5beaf0f303cb2e53dd67ab86a956242f03c9488034495,True,True,pass
899,1700026970,telemetry:899:source:92,993175,5fef7d31163050c4a5427e1c5e014dd67260388b440026a106a253e673aac6fa,True,True,pass
900,1700027000,telemetry:900:source:92,103659,e81b80509a9ad657c37b8ac5b8b589cc9cda7065aa0dcbffdd79416b290c5348,True,True,pass
901,1700027030,telemetry:901:source:109,072117,95b1a142fc19d3be232c9331772fa0660dd4d84bbd6c14f7632911485e374822,True,True,pass
902,1700027060,telemetry:902:source:85,441227,29f4c1b12076267df824e7cd9ca6c7d01139b33431243f3523991252f37b35da,True,True,pass
903,1700027090,telemetry:903:source:92,396393,8b2eb940b0b822ecda836b92e0264fd7245b6d9e097019b07e1c3067103a5c7b,True,True,pass
904,1700027120,telemetry:904:source:92,577732,72a309f1b4610d69018815fec5d82fa507318474209f2059844fd48ddf385771,True,True,pass
905,1700027150,telemetry:905:source:51,040156,075d4ea0ab1cb5e40971f90d100db22cdd6546ede4df0c9e21f11df8fe4e38d8,True,True,pass
906,1700027180,telemetry:906:source:109,979833,01a8e279d84f37f9009e6f525dad3bc031ffb97c4ed7c2f35fb3bcc2d40065e4,True,True,pass
907,1700027210,telemetry:907:source:92,935710,fd0f2507a0f4fc707d096fc89c23be404f071bc27a683ff01c9b67c33f275f35,True,True,pass
908,1700027240,telemetry:908:source:85,745745,01aae8d46a187dbb424b7b4beb95517a92d12af2d670ba9196059b573e850fd3,True,True,pass
909,1700027270,telemetry:909:source:51,986638,89dea9cee51d7fe69c1a75c4f8be2a717d2e3bc8dac2a97f30c0245ba73a3723,True,True,pass
910,1700027300,telemetry:910:source:85,502498,e9928ebd99c0d4cb80f7ff7cce0c712890c527d5485eea04cce025565f9a14b1,True,True,pass
911,1700027330,telemetry:911:source:92,731159,75b1cb4c41878ca4b66377eb958494108c4d7c3b7feffe30acca68188b581a27,True,True,pass
912,1700027360,telemetry:912:source:109,445441,39658278f6052939973edf3047783d4db3343a60fe9e049703debf6969b7ba7b,True,True,pass
913,1700027390,telemetry:913:source:85,685582,5e5087af0025e2e3852b185d3c9718b6383dacf0c0b4bf77165350fdeea96c5c,True,True,pass
914,1700027420,telemetry:914:source:109,865315,c398b61d711658b02a7b19183facc4b41879960bfda56a5a74639eaf4635cfae,True,True,pass
915,1700027450,telemetry:915:source:87,737410,b39f523cfea5b278b5202a9b1480d8b600e5f55df31aa31ad2a7228a29acc111,True,True,pass
916,1700027480,telemetry:916:source:87,444169,ca951c1ac058b9134076f663f2a8fadd68ae93aab00de85b69ff5c624c9f5827,True,True,pass
917,1700027510,telemetry:917:source:109,258786,f68bff67171b43cbe6d950cd41fa1b90d86dc28dc05cafbff451af93800b48b1,True,True,pass
918,1700027540,telemetry:918:source:87,730636,3e8f154e7034859216583199bebcd3d85c0d3c27fd367b6ca94cf321e6781066,True,True,pass
919,1700027570,telemetry:919:source:51,975580,57d50e4ecb6929a4caa305a56cc455a814b316724d062d3bdbb3043efe5144c5,True,True,pass
920,1700027600,telemetry:920:source:51,917699,1f293da785568008140f1b2be7aedac3b7d21840ed0e5ebebbc7f829dcf8ab9f,True,True,pass
921,1700027630,telemetry:921:source:109,506701,94ab19b806d4df6aa69990e2e75b6441fa331d8822a1de08a18483671e85b8c1,True,True,pass
922,1700027660,telemetry:922:source:92,213384,cae4977fa038bf5c795cd482124bf96542efa0e2900794b1ed4e8e0550ec148f,True,True,pass
923,1700027690,telemetry:923:source:109,262771,be1add9a2a33690ddbc2ea0fee78624f162d996fe2b9366b43925f1b25a86f8c,True,True,pass
924,1700027720,telemetry:924:source:85,011350,8050d1f9ba48fe662d550b862508666ebf9600f8274df0d1afe49421c39c005c,True,True,pass
925,1700027750,telemetry:925:source:87,175668,e3133b34bce10cbd389da686eaffa826ccca6dadc6eb5d2748ff9dcfedff9186,True,True,pass
926,1700027780,telemetry:926:source:85,026107,6a6836e72ac23df6c97fd2bb5b61ffce0fabfefc3edbab7f06ef79319c584c9f,True,True,pass
927,1700027810,telemetry:927:source:87,162001,07e015b3f6c9b095c33d62239d2e16485bb3a0840c91448b05721ed98850f36f,True,True,pass
928,1700027840,telemetry:928:source:87,637275,fbdf33e5f8b7a2e8d96d6aeac45e88b41a5a1bbc41526f44147604627c07783b,True,True,pass
929,1700027870,telemetry:929:source:87,199676,47f2a9c0f60b893be7a2d12ad108b1c08b2047484de6d14492803f886ba0cde1,True,True,pass
930,1700027900,telemetry:930:source:51,605271,e36d1b4493dcd5a6e68d7be9236bb14c1a5add15c685ca5c6d0da11ec0084cdd,True,True,pass
931,1700027930,telemetry:931:source:92,413120,8eaedf30cbdd81b1f0e95e25d45974100c70fedf50f068093678fcd96d602740,True,True,pass
932,1700027960,telemetry:932:source:92,463235,0675f2723e6687d0d97b06e6f3da1df8ec282eb7409ce9baefab704ffae4d93a,True,True,pass
933,1700027990,telemetry:933:source:85,139907,48ab919fb11a352a2e17b39b993ea81e5b4918f8b5c224b213a2bf3b77bff435,True,True,pass
934,1700028020,telemetry:934:source:87,431445,a2ddf5c1a863a39363726ceb42e916f33b97116b9021701ba21b5e3c6115017f,True,True,pass
935,1700028050,telemetry:935:source:85,309841,8706d4432bdf980fe72a95667eb8f95a4a95da6630e963c1cacda02b755bc05c,True,True,pass
936,1700028080,telemetry:936:source:87,492269,bcb37da383ebabd06edf5c1f2c2ef33fee99efefb8458bb4f8cf1467eb3bffd9,True,True,pass
937,1700028110,telemetry:937:source:85,474603,f4ee8de9b73001f926ae68571d74949c9327b89bb263df19420124ea82b1c523,True,True,pass
938,1700028140,telemetry:938:source:51,577773,486a1ce7f5e092f57fd6fe3cab21662c8359bd7d0f50095a9ba7fecc09d593c5,True,True,pass
939,1700028170,telemetry:939:source:109,559438,36e918e37215377180d00e6c683b1d3ff83b1ff3612cb11db5c958d8cc1326bf,True,True,pass
940,1700028200,telemetry:940:source:92,537639,c923e1f639bbcad3849e881fd74a58124731823950ba43ca65218d359c434c19,True,True,pass
941,1700028230,telemetry:941:source:109,126113,069bb66f1498e0bc5f49b03bc22bcec00689638b6ab67f4df90b1a85b374bf5b,True,True,pass
942,1700028260,telemetry:942:source:87,166793,ee23e851fbf0ac86b7c767980253b60700b395c2105830cadd97c76e52bfa671,True,True,pass
943,1700028290,telemetry:943:source:85,492276,d94ea93c8f633cb6879274b316b3eacb6c8376f15403895b5271b845aaea5f15,True,True,pass
944,1700028320,telemetry:944:source:85,415340,4b01964dbceb8461c45a830a33fa60ef9bfc1a9dd7abf7ee7d8e18816c9d0dfe,True,True,pass
945,1700028350,telemetry:945:source:85,574504,605b7e5b891aee180032e94542dc059690c9da8cdd7a79da05954f2d17352e4f,True,True,pass
946,1700028380,telemetry:946:source:85,152198,aea2f98720a3bca637b2523839b295cc8b6167ad2beb7d2c6e858a1021fbc26a,True,True,pass
947,1700028410,telemetry:947:source:51,611958,2fac507f9d9f035139f7a76bb4ea6eac187cb927470421f514a3562db12e22be,True,True,pass
948,1700028440,telemetry:948:source:92,640897,d75deb22c4593352b31a39b4d5d390a2d304a377791f5a31bbe38ed2c58ce629,True,True,pass
949,1700028470,telemetry:949:source:85,209257,3add17fdb7eaacd3562c8e0da3fa32d1cbdcce00187bf149cc8ba8cf974f62ea,True,True,pass
950,1700028500,telemetry:950:source:87,342747,0874500e30b5927cfc220e2396e6ac58903d4d919e7187579809123565dc05e0,True,True,pass
951,1700028530,telemetry:951:source:51,114468,d9a05f6a927eeff9d87fc973f51975d8bfe2756aa926b2af94e5ce77ce4fdc60,True,True,pass
952,1700028560,telemetry:952:source:85,205629,8920a9041554dfd9dd4d698ca0132b13b72595ba6147b971fb6d9a892211a3b1,True,True,pass
953,1700028590,telemetry:953:source:85,425421,dcf88f3184364d1d8d91fcbcc0b4c8d12692f5584858c9f4d20103119b3eb26f,True,True,pass
954,1700028620,telemetry:954:source:85,748446,951e6d97ffe9254f957facc5d0037a46a39f8ee3f654c6068bbcf7048b9aaa68,True,True,pass
955,1700028650,telemetry:955:source:85,474896,3591a4748615cdc7d4af5407d7c3960442b133e2b11d51dc0b9925f4d82b78d9,True,True,pass
956,1700028680,telemetry:956:source:109,618180,492992fab70b62066e222b30658a710a89b81927d13ad257e08cb6493ff23976,True,True,pass
957,1700028710,telemetry:957:source:85,898595,351ad7df575308574b02faf845ff28f675a7a907932e29e93da7d25f91a0b57d,True,True,pass
958,1700028740,telemetry:958:source:87,479950,dd0107654982229372416f9c67e5f1b16e508674bb64ebe75fba6cfe8544a5a1,True,True,pass
959,1700028770,telemetry:959:source:85,957879,ca8353a774de7ea542c30222bad1e51712bc6b62a1a776d5ad78405a4fce601a,True,True,pass
960,1700028800,telemetry:960:source:109,057898,2d21cfcbc07d82d09755c79d230080cb1b632b4292c1ae1aeaa700759187c2be,True,True,pass
961,1700028830,telemetry:961:source:85,951360,8f9c92a7ad1d5f23cb941eac1676aadfab7e8c881b9adadcbb85ffc855efe4a9,True,True,pass
962,1700028860,telemetry:962:source:87,894116,d162ef0ea0a8a960178c866ef8d0ada58d1fdd704ed5ef38a9e3d3fc7f63a8dd,True,True,pass
963,1700028890,telemetry:963:source:85,581245,adcb9058d25690f8ca97604695115e5bc52b5cf8b326d17f2130037263a6f3ad,True,True,pass
964,1700028920,telemetry:964:source:109,649509,d4f6a80c920d515e06cea4bfc33c193370481c92a3930ebe7612df90508ac645,True,True,pass
965,1700028950,telemetry:965:source:92,837401,4b46d26719da69070a61ecb0e121e9f00ab6bdbaac75a7eea6a829a17e53cc84,True,True,pass
966,1700028980,telemetry:966:source:85,550449,ca482cf08088e659bec34225784807b3e2d1d2160d53beca080547ab69e6bf2a,True,True,pass
967,1700029010,telemetry:967:source:109,905404,a39a6ff44ea394f08f66d3fba18f57b4b4534ba4f1378c2eeadcdb143c2b286c,True,True,pass
968,1700029040,telemetry:968:source:85,967447,82a781000d2ee366d1f36a2e5236204ef1bc669946e24efe2bdcb5666ede050c,True,True,pass
969,1700029070,telemetry:969:source:51,921638,2e7a11323a2db97187f2a58958ea51c2be2974c3e6f44f3a0b84a58059f73fee,True,True,pass
970,1700029100,telemetry:970:source:92,597335,37a5bc69aefb1c68ec09364475ceff8c3a1346f976c01eeb6721f598b4e6f9bd,True,True,pass
971,1700029130,telemetry:971:source:87,750858,06b76105c8d4353ed3f08c4cf794fa9722bb3a61114f63912c17a91199f9e27e,True,True,pass
972,1700029160,telemetry:972:source:87,092945,d945a20b0e7a6e480abc0aecf8804345d1cefe71c4e1a92d0f77675c4692ffa7,True,True,pass
973,1700029190,telemetry:973:source:87,930168,4feba9d219431d7e6d6cb066bd963c6965eaa36432b6171ad7267e821b4bedba,True,True,pass
974,1700029220,telemetry:974:source:85,954649,336f2ce52cde44b851860534906e39d88d3d240d535c518e02506e7e7e954d1d,True,True,pass
975,1700029250,telemetry:975:source:87,137639,2142224f0192ce3dedc707bad69127da42f9bd34117d2de7ae4e5e0e06030b41,True,True,pass
976,1700029280,telemetry:976:source:85,598793,07f7dc2e6c02d2a9f941f5d4d57a39658da26d7f62a7e6bdeb6f472d8f747502,True,True,pass
977,1700029310,telemetry:977:source:87,331441,bdd3cc12ce1f14c9dbec49ab9eb4584508b5651d9319136c8bf456a004f7721e,True,True,pass
978,1700029340,telemetry:978:source:87,372376,f4658a48dee3c0d86f8bf99201a292518eaa5bed64c557e6360a053d244a9f2c,True,True,pass
979,1700029370,telemetry:979:source:85,146517,efafa184ae517f421acb965d0859d6af2ce195344b41566c807e029fcf665e17,True,True,pass
980,1700029400,telemetry:980:source:87,441940,a5d9a140634fc9a368a64447e94c11758480a46b1584b8ca85414d479a123849,True,True,pass
981,1700029430,telemetry:981:source:92,943285,7039b5418ac4321f07443508cbd0f98eca64ae067e1bb69009445c4d163d0d06,True,True,pass
982,1700029460,telemetry:982:source:85,159895,30611334534227a55e6ddc3a25682010626f3fa6973aa6de15e6c2234e7949a8,True,True,pass
983,1700029490,telemetry:983:source:92,946740,68d24e67112a1843dc0d2a9f8d5d0572c53f5265ac8b96c531c213a81e24cd01,True,True,pass
984,1700029520,telemetry:984:source:87,320509,684d6c61bc547ce5a90e7a69c91aaccb0a7107297528e1e9d4c0cfad6149dd12,True,True,pass
985,1700029550,telemetry:985:source:92,287594,fa50e073e2e8d70ad88bb41b7fd00aa58df179a2296c6bef09e09583299cd171,True,True,pass
986,1700029580,telemetry:986:source:85,693701,c923320eeceb530b18d02c6a1ece939a088ed432036553bdc98e0ad23c99b743,True,True,pass
987,1700029610,telemetry:987:source:92,601341,fa3f00405d6dae446dd02d05cd2b032c2d8c9c8f3fe517e854f0ad3791c6a2b3,True,True,pass
988,1700029640,telemetry:988:source:51,965065,a8f1ee3b41ff8d70fb201e999e89f0c84bb8c0cdcf9255424252891cf2dae721,True,True,pass
989,1700029670,telemetry:989:source:87,588712,217896dfafb57f498ae69961b72772ad515e505fd889af36e0c56e6ed589fe36,True,True,pass
990,1700029700,telemetry:990:source:109,224632,9932ede79fac8287dcebe4b71499ed9437cffc383740a9b2cfd2eca89662f501,True,True,pass
991,1700029730,telemetry:991:source:87,750899,0bba5aa2b64ffe8e88cf2444aa9c8c585e68a415c551096ecefcf19fdbbd2819,True,True,pass
992,1700029760,telemetry:992:source:51,989692,457dfc93b79c74b25418ae7fbc1aba8b50f4c652a9601ad1548553637d6c7ae4,True,True,pass
993,1700029790,telemetry:993:source:51,580722,2419d68715af28b73aaa29429955fe4dcb28e7c998ce41cc2d63d6b956266734,True,True,pass
994,1700029820,telemetry:994:source:87,985096,7ba57603c4ea466092974a719d58f5fafe8825d5347f58dd0875dbb1b3c932ff,True,True,pass
995,1700029850,telemetry:995:source:92,624855,e223eefd5151cd2f86f059779b0a0f9b000a956d353070b9f98afc097d98bd14,True,True,pass
996,1700029880,telemetry:996:source:92,013961,629cc32260a82c9ec76ce8296ae7e274543c0213a8e31f1404282578d5c1eb8a,True,True,pass
997,1700029910,telemetry:997:source:92,128858,22b4d23f4829bd81386471105e7ac0402b9e6a900ef991ea186afbb5e9089800,True,True,pass
998,1700029940,telemetry:998:source:51,452482,afd190d84d97804c4a62ff6d8f1755eb37a2015ae71da8c4b5d0d5de88af95ef,True,True,pass
999,1700029970,telemetry:999:source:92,182931,465709ed98a53c3a0b1a10e237f46394f471df7317daecdc1b2784d075005100,True,True,pass
1000,1700030000,telemetry:1000:source:109,279912,c86e65bf0dd942560f9e72409628b11feabad39478a0164c51868da862761e50,True,True,pass
1001,1700030030,telemetry:1001:source:87,822079,5bdf4112d394efb7d85f76a6e7f4507d8bc0293f24354d88780959318c4387d6,True,True,pass
1002,1700030060,telemetry:1002:source:92,229525,bda754150e6351e4798436a4688fcb52d45f66f62429aa1f97c628ebd9cd62e1,True,True,pass
1003,1700030090,telemetry:1003:source:92,647813,ab200749545973a648d9a1547ead192fb9fff7026da758e088e5b31504650af2,True,True,pass
1004,1700030120,telemetry:1004:source:51,844597,b9c611fd9d6b0a415389971c7188243d2ecedaea52b9304617d08a16023a6e00,True,True,pass
1005,1700030150,telemetry:1005:source:92,723562,c0f406868422fa9098f7187dba85968066ab744f6af820efd68152d777358395,True,True,pass
1006,1700030180,telemetry:1006:source:109,383614,b41906251521972ecde276297d23819fc1ee5effacb076095544247b5ebf26d7,True,True,pass
1007,1700030210,telemetry:1007:source:51,612119,0e34ca3bf7a54a7139dbea9b15829debdf2e4085c85218a8ae772b3c9b1d8479,True,True,pass
1008,1700030240,telemetry:1008:source:51,279349,e65e9003358da844bbb1d568ddbb21330c3b70057fb43b9b1ed9c76f5f02be68,True,True,pass
1009,1700030270,telemetry:1009:source:87,196729,fac5e9416e7557ff2bad53d98b14f99a18b62bc5d8c5bf45f78d0d92018e73d2,True,True,pass
1010,1700030300,telemetry:1010:source:51,871151,4edf99059dfa0dc6182990459ae0071cb9328a87f9b4ffd9147799120d152f4f,True,True,pass
1011,1700030330,telemetry:1011:source:87,855385,6ac8c36b3b516ac8f03f9b143fe5df976ceae6a4ff73cad3749bd1bf6815e626,True,True,pass
1012,1700030360,telemetry:1012:source:87,465798,7f35934f92e2c9c45eef8cd108791b1a5fcf89a0d5fb98b24118bbe0c230cb47,True,True,pass
1013,1700030390,telemetry:1013:source:87,537117,b5d2cad2c0cd30767b8acb4c911ba4606ddf9277f78555393abe93419dd6f314,True,True,pass
1014,1700030420,telemetry:1014:source:85,638268,30704dd25e2e7636a5470ea026f68aa3d90d3fdade5f32511676083020494048,True,True,pass
1015,1700030450,telemetry:1015:source:51,518474,933139a0aebc4992a227b72377946a44935be998816793385159c14116365fa6,True,True,pass
1016,1700030480,telemetry:1016:source:85,501665,d56925a730e18fff0b772f84ac1942226bf9a8ecd9bd931e144d228de1e14da5,True,True,pass
1017,1700030510,telemetry:1017:source:92,118051,cbfba36a5d3d314497a7f9d4e1f528ede38074d6b46eb9e776ab71a45c8df353,True,True,pass
1018,1700030540,telemetry:1018:source:87,996745,770bc35a9f32bf1a1b1ceca07331e175c4c619dbc91354af454d6edf8789d03a,True,True,pass
1019,1700030570,telemetry:1019:source:92,661204,9325e71b477190ef565ca72974ff282de0db7a1b4c0f9b8938ee87fe31f8a616,True,True,pass
1020,1700030600,telemetry:1020:source:92,502448,cea94f95d654bf31a41f9cb83601eda9455836967f7fff562f86c366e3e56993,True,True,pass
1021,1700030630,telemetry:1021:source:87,172997,24fc63bf59781f1a1b4b6119d36a80f74ebe6500393eca1726c92172b2b6132b,True,True,pass
1022,1700030660,telemetry:1022:source:87,031192,dc7a60616af482bf52ce44e506c5d792b882598f7465e5505d76c992c2c7e4eb,True,True,pass
1023,1700030690,telemetry:1023:source:87,970838,9c83ff77a21a9652a2ba756157cce1e620fb6f8c6e56153247d118173bcfc39f,True,True,pass
1024,1700030720,telemetry:1024:source:51,130899,a228edfa5d0ee1f5cfbdbe87dfe616f7c4893c463aaf456abe23491bf44cfc4c,True,True,pass
1025,1700030750,telemetry:1025:source:87,811598,04837216d2ef80228703ac2a0cad83a7b6a96e06fd0cb094ff9eb61f85343f9b,True,True,pass
1026,1700030780,telemetry:1026:source:109,677783,07995a8b3e384d6f5ad247a8778436795f17253e6243d299bc31d1b09d2fa4a0,True,True,pass
1027,1700030810,telemetry:1027:source:92,129589,89f6750169583d857e34ad58eec6a79fb9ec10181fd02f6cbbc0b42e67fa9b2a,True,True,pass
1028,1700030840,telemetry:1028:source:92,416314,86e66a5109fb3e6b2798dd972f07246ecd4288e1c70a32078bda89f5730cb6ea,True,True,pass
1029,1700030870,telemetry:1029:source:92,546764,22fef2a28e4edd8445a4c44eaf5f6d03ea9de95c41180b4724f9f74138ec959c,True,True,pass
1030,1700030900,telemetry:1030:source:85,325933,35723bdf214daca4fa846af11e5503789ffe5008df9bb5a10d74d2be7b075adf,True,True,pass
1031,1700030930,telemetry:1031:source:87,520377,1ef1696c631c8150cb7fdc61934b0580786707ebf9db7d22e60f1c08bc1177f5,True,True,pass
1032,1700030960,telemetry:1032:source:92,037560,9496b5ae2bf124a33f8af7f805b33a49b507c38eeb93ef0033d121e9e503ae0a,True,True,pass
1033,1700030990,telemetry:1033:source:51,314076,2ea6afacd9a9faef6b9a5f6f79d6a0f96bfa964fc5b757c81f7d8b51874ca76b,True,True,pass
1034,1700031020,telemetry:1034:source:85,060405,a47007184c15f0f38ce6ec57159f66b95206aa1b59c8c10178bab972fe698adc,True,True,pass
1035,1700031050,telemetry:1035:source:87,555639,654a494753d914476cdd6779c4ba97ed21b45e87656fb1de070d4c0b9d95e852,True,True,pass
1036,1700031080,telemetry:1036:source:92,562928,451acaf4649618f92478a0b66a33059618329ce57612d3f9c979dd7f996c758f,True,True,pass
1037,1700031110,telemetry:1037:source:92,902061,2378c6a85c19a4d65f6703814e73fbcbb7001ff974f262ffe38ce38b9bff5f26,True,True,pass
1038,1700031140,telemetry:1038:source:87,626257,6e7c29747075cb61f15653f1aa5ec5cc6e43e6b76a58611f5248d3aa37e48a44,True,True,pass
1039,1700031170,telemetry:1039:source:92,593360,4ecf5348bf461eee8fd0bd0cb481aa922850aa069cf9e89be1c4443e61c8342f,True,True,pass
1040,1700031200,telemetry:1040:source:85,394504,a25f6f5f36e2c64a7248cc9193407e2235fdecc52fccd93f1c8499bdb5548c70,True,True,pass
1041,1700031230,telemetry:1041:source:109,663822,af4ea1021a4439a5a8995f07f9045820cef39b0bccdd1598229d2fd47d557171,True,True,pass
1042,1700031260,telemetry:1042:source:87,070273,86741aabf06a3c0d85c34e3abd3e7ea323c202b6e32dc7faba1c7e5f30af4d6b,True,True,pass
1043,1700031290,telemetry:1043:source:85,909029,c4fd651979fa37700a3273d91888545fd9ccdebe75c33428cc550ac9fcd6de07,True,True,pass
1044,1700031320,telemetry:1044:source:51,305780,76e1af39cf66bbff28623e8a96d7b5e1051cf156c9686f75640894a5876bbf90,True,True,pass
1045,1700031350,telemetry:1045:source:87,263913,b60c9f73bbe50ce9dcadc38b6b42436e5ea24564413c09770083753eb3152e55,True,True,pass
1046,1700031380,telemetry:1046:source:51,383898,f067e0101a72f6a37b6dd30fc1ef87a7c93e770ca359e0a261450d6db311bc67,True,True,pass
1047,1700031410,telemetry:1047:source:87,093974,9b0eec129301e3c98be56dad1d527826481309706bede6258a166b0bbfde0ed0,True,True,pass
1048,1700031440,telemetry:1048:source:51,427300,a126284fd6165880638abcf577ea6979f3f7f5c6901aadde0b160d3534e99e65,True,True,pass
1049,1700031470,telemetry:1049:source:87,366210,f24a8515f8592ea343cbee5bd1574c709327455b3a48d1accf22f40396895cc6,True,True,pass
1050,1700031500,telemetry:1050:source:87,787245,d282a4291414651f18cab1bd385d096862a55883adf756582dc8d9d3f00ab418,True,True,pass
1051,1700031530,telemetry:1051:source:87,250228,12e35c76be5ff8c8f11b5c0278dd165ebb084ec9147de9073f95ca1f6ca88704,True,True,pass
1052,1700031560,telemetry:1052:source:85,579252,5184c2b660b814b6b70e419c508a2db26a287ea60d0929293f69f403fac2166b,True,True,pass
1053,1700031590,telemetry:1053:source:92,158557,ee683831d9ca9c233ad3899d75270f09ef3ac9564adc166721bcf4589a5facf1,True,True,pass
1054,1700031620,telemetry:1054:source:92,239947,9670f884db13864c42ebb11fb7cd24dd16db9a1bee7cf2962126cf4665348ea7,True,True,pass
1055,1700031650,telemetry:1055:source:85,585644,549db4e8ac0d20dd2ba8c4e043f01bee7466ae092b4a940279185ab85ae5b461,True,True,pass
1056,1700031680,telemetry:1056:source:92,909865,136b302f135682e1833a499f8492cd969cb83f4ad8c4882fd28ebd11cb121147,True,True,pass
1057,1700031710,telemetry:1057:source:92,359829,a4bfe168ece0386b0bcb415357e845bbeb5df47148903d099340d54dd4b5be28,True,True,pass
1058,1700031740,telemetry:1058:source:85,282445,0565f421a5594a50dc4031c8f85ea951b513c58a45f8675d63dd9c4eac61c55d,True,True,pass
1059,1700031770,telemetry:1059:source:85,229262,bd350f236a41d87e5bdfb4f317270f68fb31bbee813def5ceddc5285bd6df8c5,True,True,pass
1060,1700031800,telemetry:1060:source:92,721373,68a2fc558ec4b92e099134869f84bcf23d650e29f53654b4123158a8f3de068b,True,True,pass
1061,1700031830,telemetry:1061:source:85,705128,e6cc4e8c4e35d1b94794e113537e2b6841e044ceae4f8373c1c8ed19781a8256,True,True,pass
1062,1700031860,telemetry:1062:source:87,090569,b46eb53679162cce49cb5966b02af23acf8c9281c047bb772ffe7274737c52f5,True,True,pass
1063,1700031890,telemetry:1063:source:92,373215,ed22e7280f74b1474357d5eae599a37f37e6f47731c3885e57b8a989565ac157,True,True,pass
1064,1700031920,telemetry:1064:source:87,691525,2c07c5e5aa9aae6358276f6c1c8c510c4b389c7d7bf6fa531c2a2bc21c5b8f28,True,True,pass
1065,1700031950,telemetry:1065:source:92,422356,38805a23cccfd5bb2d9161c6d4f879ce364f08e2a0d19ae6180e65667b243f7f,True,True,pass
1066,1700031980,telemetry:1066:source:85,196956,02ef6893b75e296db54f6d300f8a22d422ef9b83c33ee06d3b7dda9780e929db,True,True,pass
1067,1700032010,telemetry:1067:source:109,695046,a106a7c7435e49a6d79c001b9ca5ce3321a1ff075776344e97a8e2f74f9b0348,True,True,pass
1068,1700032040,telemetry:1068:source:109,496571,0dd305958df59596d7166ded4d84318b6f8032313917c3d20e55750c4aeb7976,True,True,pass
1069,1700032070,telemetry:1069:source:92,618923,46fa93ce8890e4d6fbf6bc6cef9032024bbaa385e1849c586e4d33954805e0f5,True,True,pass
1070,1700032100,telemetry:1070:source:92,939687,417a508d4d54732234525a543276fd5fa2eb4cf1121300901f9b5c68ad9cd528,True,True,pass
1071,1700032130,telemetry:1071:source:92,521043,243def389c6a008c677bee7763647c58b5a6771b3657b8e107b022e323bb0c7b,True,True,pass
1072,1700032160,telemetry:1072:source:85,201529,eac50d70c636d44e4a08f6355f62c41bb88c692df3191611a8d775a5feca2ef6,True,True,pass
1073,1700032190,telemetry:1073:source:87,013884,186c541fc002dc1f784184336c42a5afcb1bf4f2d1cd077ea9080dd13ac058f5,True,True,pass
1074,1700032220,telemetry:1074:source:92,938893,b75153091a84386edf9a72b6ccb3b6912a6f2408aa7ade07794e41193f3a3280,True,True,pass
1075,1700032250,telemetry:1075:source:51,298085,19e81a566158889b054f5be19508c17356aa9f4bb2609913d77fbc0e7bac3287,True,True,pass
1076,1700032280,telemetry:1076:source:87,480566,5cfed32b1df9ed417f36c9d2a284465d07d0dcd0e3ac94ad5849e52018ee2a79,True,True,pass
1077,1700032310,telemetry:1077:source:51,993540,ef412c7bf667e3da687868de3bc12293ee07a68c9aacf34872bdcbcbaaf79d7f,True,True,pass
1078,1700032340,telemetry:1078:source:92,623967,63b0fb13e927a093882380370be4cc68c9ca0d31da8458791bee136e35cd48d1,True,True,pass
1079,1700032370,telemetry:1079:source:87,187152,4b9fdfb14a0a239d19c4c9338eae9bead2cd7f9887a98c9efd43940d0e72b927,True,True,pass
1080,1700032400,telemetry:1080:source:85,106568,4cc8bf3382858abf6cb8db858fb588b8030e902e84970ff24bbd71e4d2796e6e,True,True,pass
1081,1700032430,telemetry:1081:source:92,232514,311b7fc79a80a56577780f8408306d6478eea3fecbe4f23a0e88536fa69fc582,True,True,pass
1082,1700032460,telemetry:1082:source:51,942818,f96eeaab437430b96cd22a28114ed626427eddf0dfb2f9996cb3ace8ec2ac1dc,True,True,pass
1083,1700032490,telemetry:1083:source:51,652907,82e47d52ea5ce8380fbd862a4989d24abb965f5295d2e1e59828bf435b24a369,True,True,pass
1084,1700032520,telemetry:1084:source:87,049110,7bd5d3a69a44f08c47d4b57c5a8bbd82c939f306d6d39579c1b2b367738a083b,True,True,pass
1085,1700032550,telemetry:1085:source:87,144469,4227249c77d4ce215f13350c7caa2dd9980fdd123ba7758147f6991524fb819d,True,True,pass
1086,1700032580,telemetry:1086:source:85,242058,9f6a83760a4ae82747888da1d6a1f98d9f46975ab7407f891338b51dcca5bcfd,True,True,pass
1087,1700032610,telemetry:1087:source:87,563393,18defb12b5e0579b9a3ce7dbb094f55f87b18204e3508b39f2f867097a0885f7,True,True,pass
1088,1700032640,telemetry:1088:source:85,504533,3c38f56e1cc1d877286590e4bb1813fe23d4a267864b7be1a20889027328d13e,True,True,pass
1089,1700032670,telemetry:1089:source:109,593941,77242515176351f8a9d513302ddd38fdcde83a719785bd79002c119bf01b656e,True,True,pass
1090,1700032700,telemetry:1090:source:87,413843,518a722ab57a19c5d8990096bb98e6ca5dbc46db74272df69dafbb32f5214abf,True,True,pass
1091,1700032730,telemetry:1091:source:87,655996,ba66d8a86246b3147cc214d2eb35ffd91baf5eddb626b7e1718d49e6877ddac2,True,True,pass
1092,1700032760,telemetry:1092:source:87,034243,97414ca02e4f378718b290dee26253d26fb56b81be54cb4d000dfcba32142b74,True,True,pass
1093,1700032790,telemetry:1093:source:85,000745,e71338959fa82e08e658d852beb7d1755122787ffd9d88496db98776e933a255,True,True,pass
1094,1700032820,telemetry:1094:source:85,699223,647b5d7abfc3ae1a0de0a505b65e2ae0dd60892eb0a81ac3d72f7f9392203062,True,True,pass
1095,1700032850,telemetry:1095:source:92,555600,6ebdde51ff12f0fc31342dbd091cae96d201a643e5e3f74731d886562e324bf2,True,True,pass
1096,1700032880,telemetry:1096:source:87,007511,8825c662eab7c940c546566c3a6dc07c93a2001e63ea1923b4888f6c5ba6a89b,True,True,pass
1097,1700032910,telemetry:1097:source:109,518462,05365346ef052b5bb07536dbddaeb41994341ad574fae685bb8f6162044dc4ae,True,True,pass
1098,1700032940,telemetry:1098:source:109,003566,30f347cc09a56e2f0d3b89a3fd4c20b1965a03bc2f86e24ff4ac0051de1562de,True,True,pass
1099,1700032970,telemetry:1099:source:85,453229,910da54d4139ec7c0af345ead72a773675c304955f4e95b13d7fd42fd2ceb1c7,True,True,pass
1100,1700033000,telemetry:1100:source:109,773122,e9636a9eefdf4b1b911dad8726be12ef88c76ea1fe7dc1fefb8ce74d0685c4e2,True,True,pass
1101,1700033030,telemetry:1101:source:85,119603,93f3198560392ddf2d6a8611e473222d0e2fc4417614adc35b19c45ff4711884,True,True,pass
1102,1700033060,telemetry:1102:source:92,717908,c8c006827cecb6e3caceba7ff2f6323bb497c7ff87e83ea61f7c3dba415bbcb5,True,True,pass
1103,1700033090,telemetry:1103:source:87,566725,0bad8ba3c7557e3cb0c78d162acfa29dfde7c2ef9b5d304b246afcbcaa87f315,True,True,pass
1104,1700033120,telemetry:1104:source:109,475479,3dde4002e13fe4e63f9d81ebdca0b8eb15140e46b141ca5ad6e23375562e037e,True,True,pass
1105,1700033150,telemetry:1105:source:109,234834,3737970c81a6abf78600245ea421c6f3b62a249aa00722d2cab36799c22de299,True,True,pass
1106,1700033180,telemetry:1106:source:51,544217,e5e66b23d3cf9a0eca909f44ad6d8ab1f3f1f31a68e5a394282e825be4021eb6,True,True,pass
1107,1700033210,telemetry:1107:source:85,166699,e5786f582e60bc75a8dcfc596d939102111063f2fe54ce2932e2c8f8ea0de4f2,True,True,pass
1108,1700033240,telemetry:1108:source:92,558821,7ba5dae7cca38343b767a88d6dafddc10619220be49797fadd8256b475d07be8,True,True,pass
1109,1700033270,telemetry:1109:source:51,233007,3be02b8d53c6e14c242581e6a7511e49798c52f0ebf0611ee3731aac8fe401ae,True,True,pass
1110,1700033300,telemetry:1110:source:51,310770,5a8644f6ac9653d33fddb88d1b8c01f5e088914bb14e630bdfefe39a66ae56f4,True,True,pass
1111,1700033330,telemetry:1111:source:92,361343,5a2e2167cb8cf682f7fbc435e1c809a6787cc98c9b75bb5b697af685ef0fbc85,True,True,pass
1112,1700033360,telemetry:1112:source:92,598147,67b1ee324d4424d5b502d0f691037a5b3c9f283055e29cd7a31416e5461920d6,True,True,pass
1113,1700033390,telemetry:1113:source:85,472736,996a4de9427dd80aee9048ca6d8e58547c548b0940f96341e8c11a64a17e37b2,True,True,pass
1114,1700033420,telemetry:1114:source:51,121184,deb4268c2a935985edffb5481f240f4adc23a92a5fd1232449ccd05601560942,True,True,pass
1115,1700033450,telemetry:1115:source:87,807844,55ba75eb1ea116f93658e1f7514a9237a747f0ff41f59f935c6903f9d9750fd3,True,True,pass
1116,1700033480,telemetry:1116:source:87,913915,51ada5f44b0c1bf12f0f7a902103a5d0cf704be6b415b5ec57fece4c20dc3995,True,True,pass
1117,1700033510,telemetry:1117:source:87,110386,bcfe1381a5e830dd9f127958bf8cace5ba3c69212655c4d6c5fd6aea51ea931a,True,True,pass
1118,1700033540,telemetry:1118:source:85,721003,2b6b1e8884d205425c5d22e88ecd46b0321443f98f9774450e5d92e281757f6a,True,True,pass
1119,1700033570,telemetry:1119:source:92,019769,e34362128f0f7aca992ec28c5540e69025d0bc603a3827a54239b20d589b8a36,True,True,pass
1120,1700033600,telemetry:1120:source:92,044988,e816ea3d6f8fd7a699aedb72f37ee8c59aec46f6f80c60147fe6e9ec59b03506,True,True,pass
1121,1700033630,telemetry:1121:source:92,537285,04f28f1a14fd3b63fd285c1c823b4e15f6fd7d484c6cb4fdefb9889f96f17b24,True,True,pass
1122,1700033660,telemetry:1122:source:51,426542,2f72d0b172e001e15c4680d3cec6c5b7b90f9763e3388fa29c4ab64376e8d122,True,True,pass
1123,1700033690,telemetry:1123:source:109,015216,ba5266da8dc74eee536cbaa95a6ea18a9fba2c66b9b7f0c614135a2516397cb5,True,True,pass
1124,1700033720,telemetry:1124:source:51,904208,f0f1ae0c9e1d97367dfe9aa72462159c6ee14acb837a54f2b767633024a92e9a,True,True,pass
1125,1700033750,telemetry:1125:source:87,226543,dace76b96a5b4fed180cf437007e8b23d74809643463651d1ce77e594f4eb8c7,True,True,pass
1126,1700033780,telemetry:1126:source:87,394874,1f7a0f14374cd10df29b004611753756832a9ed3c04fbe682f2cc91dfeb7db00,True,True,pass
1127,1700033810,telemetry:1127:source:92,634987,d5511f2939c7b757cb8ab1eeae16940573564ed0dcc4cdbb3e445613eaf12767,True,True,pass
1128,1700033840,telemetry:1128:source:109,580154,29760b2d6f254006a3da1d5d25b371f2a747ed8a735ac215c1e38baa92f2e089,True,True,pass
1129,1700033870,telemetry:1129:source:109,192271,076d65dba88707d136c25b209e8a5a958252f9dc9083540f46bcdf988169f0a5,True,True,pass
1130,1700033900,telemetry:1130:source:51,634423,fbe4d830c08ae8b40d8f911a0e70040280ca0ad646459e5a6595788e4717e7dd,True,True,pass
1131,1700033930,telemetry:1131:source:85,851100,1164d9eebb93c10144f068c7015f508599b84ac2c7b879efcf7ea2da43ea3208,True,True,pass
1132,1700033960,telemetry:1132:source:85,942588,3edd85eb02f315552fbd5883d9c0b08fabd46ad6f8bed930114f84ed906b09c5,True,True,pass
1133,1700033990,telemetry:1133:source:85,704378,937f9e14fb1651a51aa5edd86bfa50a691d0e99a9ecedb5515724355922eb1f1,True,True,pass
1134,1700034020,telemetry:1134:source:85,091180,f53285498196e48bc409df965811661ec2fbf2d6343e928d18b9aeeb48e9031c,True,True,pass
1135,1700034050,telemetry:1135:source:87,576530,275713a5e276c83ee7716cea55b946cc1da112b9a20a74829fd2f8b65cbdc56b,True,True,pass
1136,1700034080,telemetry:1136:source:109,898598,da0da188f6e7ead18550d37580fb77f62177ec32e091883f63665ac4333e3725,True,True,pass
1137,1700034110,telemetry:1137:source:87,833488,1ddbf9d47948ec31457a963a18b3320bf537186901eadd11cdf0fa44fe145db2,True,True,pass
1138,1700034140,telemetry:1138:source:92,610723,ada06ab4506be9fe5c21e60718f0a171058ea361035aa1aeaadfa1ccf56d34a6,True,True,pass
1139,1700034170,telemetry:1139:source:92,342838,17ae734b58ce085b97fc47abaec9adaf3d50944dbb0e79233c43f0e1d4cb6ae3,True,True,pass
1140,1700034200,telemetry:1140:source:92,119880,609b694a52d35fc8ea31c04ecc8648e3cfb5a397f6d754b34323805f6f2cf741,True,True,pass
1141,1700034230,telemetry:1141:source:92,151926,9024742645bc73959837c317e4a51e06cd534e226339989cdc702806628d0b37,True,True,pass
1142,1700034260,telemetry:1142:source:85,492537,4b706f8072c240f0f51b9edf26387ef5e027c485f83a6950da29e4157a29eedf,True,True,pass
1143,1700034290,telemetry:1143:source:85,013534,3d67d4880200bffbce05b1f94a2bd097d9ff53f2d5c4a201d5fb8aa176887308,True,True,pass
1144,1700034320,telemetry:1144:source:87,181548,4646fabdb827256421dbfa15a2f2d0ebcfcd14055cf0a7f93be4dcf456baf036,True,True,pass
1145,1700034350,telemetry:1145:source:92,086786,d72bdb66f02ab0a68bf635d711ef259ae05a3b6dac1effa9214a6c30afab1f60,True,True,pass
1146,1700034380,telemetry:1146:source:109,451656,90ee593537b3af3bcd0bba46af53a3859dc3e77f6f5a5eb6b57ab30937891c12,True,True,pass
1147,1700034410,telemetry:1147:source:85,101652,7b25a52e1e14245059a7c96923706d8fc861d9063eb2df024fd3fef71fb4c971,True,True,pass
1148,1700034440,telemetry:1148:source:92,283871,215bb16d38399d972ff5c7019343e4b9f218708f17d5194edf59c60cd8edc42a,True,True,pass
1149,1700034470,telemetry:1149:source:87,745516,b823d60be896a0246142de139424f4bc91a3d2bcae61bf226e9eea7b7e5ea266,True,True,pass
1150,1700034500,telemetry:1150:source:51,127842,312d2559b03e2df92df074f0fbb1c07d314ee38878603d81f138c349bf997d0d,True,True,pass
1151,1700034530,telemetry:1151:source:51,045529,bd602aa697ca2588a160f1b61ca3ceff8ac5ed7b95e7ee888af50198929198a1,True,True,pass
1152,1700034560,telemetry:1152:source:92,855280,24b4c81e7f244a2e54f05c77b9a71edb9ae63bf7231c20068754a1cdd19335c0,True,True,pass
1153,1700034590,telemetry:1153:source:109,325256,5f5ea3f571d4a1acf8440297dd563fcdc0a3d07a0c1cb534ab8d305b951fb7c5,True,True,pass
1154,1700034620,telemetry:1154:source:109,215181,e4c39cc613e0edcc682b3c6acc7acf6413b29b9e4ab70eae12de567265b4acc7,True,True,pass
1155,1700034650,telemetry:1155:source:51,680682,0c4d08722aaa7d45f49795eb93f2a35eb95d24c98155bf751f72433b1867df69,True,True,pass
1156,1700034680,telemetry:1156:source:109,616403,254b6baf4b136d076bd54b7a88e2ab5dfb91463b9863821d9f7db83a7ecfd4c4,True,True,pass
1157,1700034710,telemetry:1157:source:92,910245,7a7774807b9e930f161301ec648b64de2d9f385e1fc96db1cb3f14ab713a7ec5,True,True,pass
1158,1700034740,telemetry:1158:source:51,247651,3018b52bd45184829fe372ceb7c4dfbbce1c02895a9cf4a5642dfe409ae30ff2,True,True,pass
1159,1700034770,telemetry:1159:source:87,608734,ea938faf10bf3c796727df00b3fec75632bfa2a4b484c5e385227943ccb1b93f,True,True,pass
1160,1700034800,telemetry:1160:source:109,394604,b2fa1f3e71e4a023a4e9e56569f1791cb3909eb36b19cb35aaccbccaf5eeb0bf,True,True,pass
1161,1700034830,telemetry:1161:source:109,237873,35d128ffe75f72e156e3b7db22c99bf6b5d4ee3f541e4c28558306564557506e,True,True,pass
1162,1700034860,telemetry:1162:source:87,045974,5afcfba10bfdebde23471247d7fee4e32b1f407359a6dd52889cf9e955d33490,True,True,pass
1163,1700034890,telemetry:1163:source:87,902713,eeab1b9aa7c3cc9f4e3f3cd9445da64b312aea70268fcda2e789cf84833d7afa,True,True,pass
1164,1700034920,telemetry:1164:source:109,564437,81ff8c5c5c8438d3546f31caa356485993cced2e374c462cf067a1b7902dc7a8,True,True,pass
1165,1700034950,telemetry:1165:source:92,046084,2f8fdedcda4dc57767e18a94c0338892e0a8c81d60ae895ecc0d4d7ad8bd20cb,True,True,pass
1166,1700034980,telemetry:1166:source:51,078209,ee2dc18529b1fa7a1dc202758abd67e96dbc423c4f23228e47ed073a24850fbf,True,True,pass
1167,1700035010,telemetry:1167:source:109,859679,f8f3cd48d77bde2ad89cb4b212126ac50a1a647d7d7799f2dc536bdc3d63142f,True,True,pass
1168,1700035040,telemetry:1168:source:92,417697,a41b275d0303cfc68b5b5e963d0c1839a0512500234a0d71429454534f313e4d,True,True,pass
1169,1700035070,telemetry:1169:source:51,334037,82bc4fa4756ea47a154111f8f723626e878b5c4f2f676f5a1f9df4db11bd1044,True,True,pass
1170,1700035100,telemetry:1170:source:109,995506,f89f3d241c0fa71e06e1e3c9d07f43076d21b1b65ae1156d81543d7b81443723,True,True,pass
1171,1700035130,telemetry:1171:source:92,710527,a349b19158930d6b549b090c75ea6a9431a96463ac393f611a87b8a11788b7b9,True,True,pass
1172,1700035160,telemetry:1172:source:51,970833,540f6cc6daf951a896b25ccf9bbe8201814abaa43d6fa7d78050b9885d395ff6,True,True,pass
1173,1700035190,telemetry:1173:source:85,679763,4a980ff065838c4bbd80c6516a3fcc7cdec73af05f3d716c59b8ca15d971bf90,True,True,pass
1174,1700035220,telemetry:1174:source:92,771722,65adbede9eab35646c9ee6b27fff453575495c4edd102d2e458798c577375ef6,True,True,pass
1175,1700035250,telemetry:1175:source:109,569818,ece68576eea3a5224d81643c5bc3992fc31f55c11b50e17035f6778cb15062f0,True,True,pass
1176,1700035280,telemetry:1176:source:85,196868,a5e20af6e574dcfa11d75361e67f96c2fde9fe868accc44a5f01162b6f966de5,True,True,pass
1177,1700035310,telemetry:1177:source:87,515037,639f90132871172442398b3b351b7ceab226a57f21d04c6b738fae38fb9e4127,True,True,pass
1178,1700035340,telemetry:1178:source:85,662354,0f5ce3fa262e0c4a1bc7b4730f25c63a729a3eab0b705d7a0af3ac23b6131096,True,True,pass
1179,1700035370,telemetry:1179:source:85,460791,1cb139d412b355616a43520b3d5a080482b05d77498664fbf741f44b7799b870,True,True,pass
1180,1700035400,telemetry:1180:source:109,363935,17867da2bf0ca340f55c76bd675e0fa28aeb20e1ef6958c441c851e6d9fb5a93,True,True,pass
1181,1700035430,telemetry:1181:source:51,332974,e9362186f4fa199220cb644124f399218b8f4e352a3281824c4718ccb226bb8e,True,True,pass
1182,1700035460,telemetry:1182:source:51,451547,3268c437a91e6e204ef84a38833534541df5e19513a27b3db5eb80aaf6a77c33,True,True,pass
1183,1700035490,telemetry:1183:source:85,239433,8b1f4eace37be64cf01bf0957f915e57eaf19f47cc3d9d3db7bff5bec6aff6d5,True,True,pass
1184,1700035520,telemetry:1184:source:85,033274,c15fa18b03227cf0323f7b288452167bd4424f55f08eeb19114038c0d6a1de66,True,True,pass
1185,1700035550,telemetry:1185:source:85,968215,ca8f21abbd15e46f1ac9b8ba0c23fb6296748449904ff51f5febbf8f51046353,True,True,pass
1186,1700035580,telemetry:1186:source:51,886703,705f438ac6ba7083ccaa1fabbc0ba6164b018233bb0e84fd89ec50270d0bb2b9,True,True,pass
1187,1700035610,telemetry:1187:source:85,179716,aa44c5d1cc80a2a189c8b5121f8c5e9d0402816ff0c2f09baf45cbf75a61c8f0,True,True,pass
1188,1700035640,telemetry:1188:source:109,882605,c3f92c9e585f581d0d288d1c2eeb3c35f91215eef490a2bc496f46dccdc41673,True,True,pass
1189,1700035670,telemetry:1189:source:85,842503,7e1a2c475da59fa27395cdc79c84ff65642f21c0446a85e900629f5fc44f99a0,True,True,pass
1190,1700035700,telemetry:1190:source:85,631308,604ebd671f12b478425051eea3d7e13c4d3c3dcef9bde09c42affb09a216116d,True,True,pass
1191,1700035730,telemetry:1191:source:85,048364,34d16f586b66e8b24c181de9298ac9b18e9323ba36e468b7a4cf8588473078ca,True,True,pass
1192,1700035760,telemetry:1192:source:51,962432,67cc2457fe74fae652962700afb5afc5ceaa57e6aa30e16e93c86cef4f6bca74,True,True,pass
1193,1700035790,telemetry:1193:source:85,110224,429f3d18a7cf1dd5fc77688adb6642cbcdf42e33c61c073585e079320dea2c7a,True,True,pass
1194,1700035820,telemetry:1194:source:109,222936,b2ef8f256242730f9c538e842407bb30468708b4adb6bb6ad0eaef8d2a37d8b1,True,True,pass
1195,1700035850,telemetry:1195:source:92,787059,7b8936ac424f05035eb9dcae91e432c21cf38dc400056aa45b2ea2a3b1ad9f60,True,True,pass
1196,1700035880,telemetry:1196:source:87,087440,227f2bbfebe3837be4d4ca8d3924a531918f147e2e1634df868d0166986cf1b7,True,True,pass
1197,1700035910,telemetry:1197:source:87,689756,fba39532c7098de85b9c4c19cbcbe303edc884b08bd28b609e3a219f5d746aca,True,True,pass
1198,1700035940,telemetry:1198:source:85,512049,1b04cf86e61f397e74737e902d85d35bd24c60fe8784f136c280982b3d94e183,True,True,pass
1199,1700035970,telemetry:1199:source:92,048900,390363f8739147535259bbbc6212cf0550a6edb7177d213935f01e60c67cfc5d,True,True,pass
1200,1700036000,telemetry:1200:source:85,862850,d5524e948de2e9ebab2766fd29b9ea15a62cb9cdbefd930b5a2539259f9a99e5,True,True,pass
1201,1700036030,telemetry:1201:source:51,680876,28ed0268bf025ef7681c2195b057834f0f0f6bbc32eb7059742e6419078dc166,True,True,pass
1202,1700036060,telemetry:1202:source:109,372315,c77aa793a4d2e107a0c70020582ed30a93e7a0720f42cc026af6d9722582059a,True,True,pass
1203,1700036090,telemetry:1203:source:87,534990,942e059dc300d1c180c5804d36f5ef7ebcc4112cfdad911a1f8d701e7492c4f1,True,True,pass
1204,1700036120,telemetry:1204:source:87,045340,eaa01a9b673df530521ae027e7917ef2791b4be79e952c64b1bea7594b0c4c63,True,True,pass
1205,1700036150,telemetry:1205:source:51,471912,1ee66ffde0db405ee5196eaf0e382a989316084d4260f782cf0ca18e7ac94e09,True,True,pass
1206,1700036180,telemetry:1206:source:85,256425,e8e1afd5d6dd0f7f7bbea3af94682af9e28ba9f58e132f0c3d2a1178b22f6579,True,True,pass
1207,1700036210,telemetry:1207:source:85,176578,b1abae977a7f7910bae1d0f90af4a8037c73b5f632db0e8c842ca344af70ec07,True,True,pass
1208,1700036240,telemetry:1208:source:109,840111,af418decea365fb971cc71542f0a8559a8c0603f6e69ee397137c5fa29f07a29,True,True,pass
1209,1700036270,telemetry:1209:source:51,232463,dd533022a6d1def591e69f9e2b01ccd6b4e987895a1c433d856a667e9e65c880,True,True,pass
1210,1700036300,telemetry:1210:source:51,000926,a2a823b7639a807e216a1b1e9baa692cbb70f4dcc640cafc246f6d829457fbbb,True,True,pass
1211,1700036330,telemetry:1211:source:51,827043,18e20ce404622822aa54f52e1b13bae9a7af546ceda7aad15cb7c306c86ab37b,True,True,pass
1212,1700036360,telemetry:1212:source:109,727272,8aa4fdad77f8c9a1a044521f5c5e3495685c7fae72825f325cc4aa8fa5f0b89b,True,True,pass
1213,1700036390,telemetry:1213:source:85,739221,09f5263fbed483233633c859dc340fb72461750aa0ec2a710de1423f0697653f,True,True,pass
1214,1700036420,telemetry:1214:source:85,974358,b58c5f416424356a27b1359c706623a4c17d25a7c367ba19fb31bc5dff975c9b,True,True,pass
1215,1700036450,telemetry:1215:source:51,329567,e8505f1203054b6b9f23041ae0f47392ca417fe93e07d4d753ecfeb59e356f6f,True,True,pass
1216,1700036480,telemetry:1216:source:85,547283,db56d420f8e883d7c38556f2890ba803496f810c1cb440fb9106e1e03cad3481,True,True,pass
1217,1700036510,telemetry:1217:source:92,194102,44eecbb0cd5f90588b2cf4223aab3adf3a3fa7d79836feac0daeba06750f3b3d,True,True,pass
1218,1700036540,telemetry:1218:source:87,593661,d7e3f3eab8578b315673ce83b5a00eb1a7efe1ab77474cdc47c2cf5ef379cd69,True,True,pass
1219,1700036570,telemetry:1219:source:109,426545,6f45150d34d88b9407ee858641239fff4bc09d54418ee1039028e25d29068f86,True,True,pass
1220,1700036600,telemetry:1220:source:92,487414,c6d92c3b87b9f8b4fe9f434aa502afe26b6f8c13e828f309fce86329dd0f44ac,True,True,pass
1221,1700036630,telemetry:1221:source:92,953276,40d4f1b78072a1695a47fb01a08748bc7406513e67d64b0ccec1c17cf0b01b33,True,True,pass
1222,1700036660,telemetry:1222:source:92,002805,1337d7399b34d870f6f418dbd905781296d1fc26463c81f3f81dfb5d2eea9293,True,True,pass
1223,1700036690,telemetry:1223:source:51,305965,6791fb77a812ad5d0e5b482be746d6eb756e7dbc02d67088e5c9313f10bb82e8,True,True,pass
1224,1700036720,telemetry:1224:source:109,502453,a95e2d4c0e55ca3ffc3085f58e625f32458ef1005f2a974e5fcb11603c54e4e2,True,True,pass
1225,1700036750,telemetry:1225:source:85,615993,9c7a55e05a28d679a51c5c87f8f249ede77eb56c90caabe0a77abd259f316b7c,True,True,pass
1226,1700036780,telemetry:1226:source:109,515780,83f1f06b9cea5848caeb65162e6021fdcd3cbb1d3e30cbb4f91a58b445e2572c,True,True,pass
1227,1700036810,telemetry:1227:source:85,005441,8d614880f5d983f5bbd15ac91439e3df5b7084a58364315ff998a137dcfea760,True,True,pass
1228,1700036840,telemetry:1228:source:92,181870,191d23c3f66ea8b5dd125d9be51dd88125c04c984f5ecb1c11cc20f9f3aa304d,True,True,pass
1229,1700036870,telemetry:1229:source:92,671023,60c83eb94da5ad0c8d66c7bcf19cb0d3d9d85573fe0a89bd99ffdb29bc87cc62,True,True,pass
1230,1700036900,telemetry:1230:source:85,057715,808fc8ecee6ae24d0807f6fc21ee8bb27e5067ce5dbc26e07626a3d07f36c5e9,True,True,pass
1231,1700036930,telemetry:1231:source:92,983483,48cc5c5b1e3cacf0a4a146e2e022d52adc3544a4811eb657ab3e776a1ba9dd76,True,True,pass
1232,1700036960,telemetry:1232:source:92,935903,e78af27a91d88b6f3b60bac9f30832eb40f633cd726f698a710266d0a2e1090d,True,True,pass
