message_id,sim_nonce,sim_mac,hmac_pass,freshness_pass
0,134372,72183c77f4e703c58ea3d9c4bd0badc766e95094cb8fd34f6e2cf666cfe4da10,True,True
1,317192,a6d08a19df1b9b87c16907242946353bc7afa7097ab966fc4f2a4685daaee36c,True,True
2,671907,46474b28376b09cf9a61f30c870cef9840d092ee85333164c155b75e479a6186,True,True
3,140420,51f8aa55f693bb1967a87a31a7ab3e280b3267fbb8776c11627daa902b78211a,True,True
4,002709,926f2e0c6b82d3ad83f15375b7933d2eb432066b4ac8b620758dd956eed12bab,True,True
5,133674,f0e7d5543be9e7fdda0c1353184b6c4456812be49ef4ce2c693729742cd39f8e,True,True
6,896040,4aa906951852a88294fb5744cb167269f41a7d6b0a532596fca197c8a3fcf09e,True,True
7,845751,3be3c556540a1983bbfe3e06c9971c83e8476423d1aad2390e8fc0aa3bac3fe4,True,True
8,236161,d6880bd9fe0367e17f6f87658404d0fab30a76826ef9f2adc024fb1a719916bf,True,True
9,957543,9a780a1fc15003cf66a0214f91a42419f33ede0cab0f471e92396c495319514b,True,True
10,839497,b8857587c242b6b62ef08334b783d52f41a134e492df2fd58da08b8044a6cb87,True,True
11,824605,6540684254d0cae59826775c4a5e1a396f2bb2e3b936378390fa0949f9814d1b,True,True
12,081353,d6cb57c92bcfbfc6bfa59ebcaa675987611191280463124955b9cfdb9c15d489,True,True
13,999369,1e70f02ac69f591ed54d4230a62df6da4b354241000c542ee24887dac883e693,True,True
14,485718,303a94a18ae1d17965bdc16a69712dfb447ee45c23e2b3199c4c1f05363251f9,True,True
15,383278,02bc9ceb5190f99d4d5355ca2c6dac76ce0a20b030d479d23951b648e5d04057,True,True
16,545619,99714f04ab9a311da2251f6eb7fd597a2f86846a79b1041e85e511e40d53ba2c,True,True
17,483224,5080cd4ae3d76fee28037f50e08e3fbb0571e4146a0e7ba870886feada261176,True,True
18,912823,99ebeea77bf5c524fae14b0b1c483316ce5d2eaeef36172706061d403396ca2a,True,True
19,130277,e4657af7dcd7811f3d6456ca58ddce4cc5aa27becab2b6236bf2932ddaf5e8c4,True,True
20,051903,8b1f6245e672220532fe43f850d95fa4754d04b04516e8cfd3675a1561f746ec,True,True
21,212457,be0c8575dbd6e224269016c92f936a92fd99da55cdc72ad2401c41d0858be0cb,True,True
22,642665,ef00b52421967c6b3a93c6aae5fdf3c3e6c20eec8f3cdfbdb74b315f8a784640,True,True
23,222635,8a52f311c090669462dd957fcc3bde161bc9bbe9a2695ca1732046ace48f6b9d,True,True
24,645002,233770518ac6f36182fa96225572cec97cae796235627fca2621325b8fb9f7f1,True,True
25,733626,4cd8ca16ce7eb1b0b76b91daff5e72b756403888e66bea2018a841d07ec445e5,True,True
26,143373,57bda7c580642f9279bc57130708ace90086440751a7e77ff8ad915c53ab9097,True,True
27,787569,d2621109f52570a5eaca42f52f84ecfa4343a678b40c567a3f67558cb4796fd8,True,True
28,098730,54b1a7846da7ea43aab096291a5c55b8ee074395196f2480dfb4201343f8e007,True,True
29,535771,6e0e318c73037ddb911ba3c572dfb023902ce9a13146dc3c29af6ebe16336fec,True,True
30,985834,27cad107f5879a4818bf537673f6b0b904495e6478158a41a696796c003ad722,True,True
31,633790,c202a340bc76fb3831fd935dc5a5e2b2e481c6e126ab6f4fb55ad031cf4145bd,True,True
32,676491,371df9a3fadbd261c467b579adccd9c2471fed0e6fd54abd125241b774ad32de,True,True
33,208466,723b060ed3e700c5d2bf95bca5783ff1de211cfded1dc84186728517733b6103,True,True
34,363444,9e661be530460e019b4aa8764dcdf561910e50ba344c84ef4e879b4f7907fa3f,True,True
35,618366,f20d327475ff856b0722bc5801b4cc51c81ab5d7387530faf4993cfba4397d08,True,True
36,400369,f3e42edbba386c0829153d6f45ed282a63b5b67d05c20a69c6207683c165e01f,True,True
37,241558,65a3ca5385c1d7b4523ea207970a3131fc18dc364abc8b27824758f59739ec37,True,True
38,721192,10a4dda36b17ee5f54aa232d1052e5659eaa0d36bfa21b44da517c37370ffb4c,True,True
39,289053,d7f42d611a45d8e798986b05fa9ab55547ee5375ad24957c53864a13c4bf7c7c,True,True
40,458891,b41d895a59350e238024be0811e22c36b65839c80f975529007634cfdc7a264f,True,True
41,546409,19852a690ac7b480479b42fef61e819e4adcd5e7aa1cc372012822c3618763d2,True,True
42,153332,587cbeac2cae75523482878805c28af8818b97f5794a3f52d6d4bf295f1131f5,True,True
43,591780,ac195a5d1479399da02db935a659aabd1239b8aa99092afbd417000d6bb44a36,True,True
44,067720,31205b6246426a102730245961c9d634633271793fc58428614cbe257b9d47da,True,True
45,881388,5d7461328c78027ba438fca292ec4e6096a2f74b3c64a5b65ce4184a052a5aec,True,True
46,735844,1ddf21333906dcca7e54296fc36ef85167ab34aba05d4f13b1decff705eaaf04,True,True
47,493437,ffdb4ebd6e3e01fd70078a53057ca977cce1c381f0f880bd7451a347ab7dadd2,True,True
48,961667,d6f84d2407ede4747396015e2be65c35118d0dc187a16f31a53cba68276746b0,True,True
49,554487,b664a549db17697e4da8e47e3f06b5754ad1aa190d0e0e41c4003ee5644830c2,True,True
50,229654,645ad1e4050b1b2a5958c8df654af9c081ba08475e5598d041d49eca7858d6d9,True,True
51,778159,52cadb19fb8c726cb4afa33b61707e0adc0d91bf8c11b097ac9d509aac4d76c3,True,True
52,919193,46fc53ed7a1c3a0e06c185e77ded7eb8c612e508ff298b6fcd789789cff0b765,True,True
53,393215,8b5ca75a888b859e63cb5e2ed0864c117b39c5edc585ce94657172a77d5ae351,True,True
54,842801,70e662546b9b22467bd68a66f8d75f50bf9775f8eb7888893fdb7b53fac1db68,True,True
55,992711,184c531a1a2f9b45832e19e70b0eaefbc243e44de151be7c94f7e6142d4c8052,True,True
56,068808,089c732f654ba37e7b12de5336eed10e0773bf33594edbf37155fd9c0c66a9bb,True,True
57,628380,0f3af852a3ef0d632f598f5c84a17d837dcd620af16b86a8efe065da60b38dd4,True,True
58,054820,3f61b1d5403bb4eb7b25297f40d55b7a0ca38ee448b7cb5c3325fece5c9acf94,True,True
59,886590,7e7de1b46f4544c3b54cca0af3b64d8617d1d4a744998a4c46d9e411a152200f,True,True
60,029912,b17177f565a11a193db780f3e91aabd48072a1223735fd59cd9e34cc5302f0c8,True,True
61,481422,96ee1e4220b94c8d99950587fa3ac1741c49a6e9d38d22815c2053c4dc8d170d,True,True
62,224742,8ac486bbe23f7485e395bc8797cdb62b9c113c4ef1772b09d7bf340245c05c43,True,True
63,330722,901d2513d7094bafafe3156d79a1c2bb9085b4ad4c5939e0fd57e3d67213d08b,True,True
64,675133,db51b64b8c257ca4dc8f922011e569142ecc8e38eeb48ae7661702162728d0a4,True,True
65,009237,b2906046bd0ede83434004c900c0cfe71490563a61c17bd208b423e782eb1692,True,True
66,854256,60e241d15d32a972195052efc8a508bd28b78df4f0b73bc5437bc187341a0cbb,True,True
67,863165,f325790289168d15a3476deca53d39d537a386b48934b13116b9debdfb6c82f1,True,True
68,779577,095139d43506f8556805a5e51b27557e2be2b5f7d42528849b93c7fe673de66c,True,True
69,401831,f594c95f842bb845e3abaff01f42fcb24c7cc2b3a35a3a3edff309f4b08762cf,True,True
70,757998,563471d67c1bf51a6eef9c9f9447aada4bffc33de6d022ce6620374547171327,True,True
71,526353,8e68b787e6e34e1c841d13a68c1d4842d5a6e4bac03784442993a8937e443ef7,True,True
72,654569,4eebf1428e4d862b9b8ad49af449e48623490dd4e90b1578fefebf1e4475e4b1,True,True
73,408298,2c0f8792273d0bdba2f9f64a53b6a8d6089c7b2eaa05ff514e8d38a282e0f467,True,True
74,355071,0d6b5b23fcbec17063affd3c9f19ed2a477ccc95d85200e350304dd12e9b2ec9,True,True
75,980357,71a36b69eee104eaf48ef3e67624683e243aab04b23712ab50236ee991266f27,True,True
76,243490,47992c6bc4136a9c24f7e2eb3eabc56929080a29b3ae935113c867baab5e11c5,True,True
77,223587,6f95604665a32f353bda007078c9536b4a644c2ea34a47253802a01d0b2bd029,True,True
78,370314,18b21db8963cf2b71b0753bdb8887d92a88f8c0377933b52ebeb7134b648fc06,True,True
79,611725,815e06228443d76f96076171c497f9d81bcf6b9d76307ef16ff0923da4929998,True,True
80,536450,89b2ebc5522793deae463d5c7a32c1ac297f46e5325db5086364ed3979ba51c3,True,True
81,262216,4d9a963e0cff047ec4ac7e74182d39efd2e43990c7d6ae5abd168505eb6e4301,True,True
82,479045,df472b0f6b0b71279ba56526f5fa3f95a615a3d038b60d176f27f856833df52b,True,True
83,955481,ec45a3681e4e6b8863bdf3917f8b012645f8b311f804b3fbff89774db7509a19,True,True
84,081688,4294e26ac2d510352f98c5a07069804afa8cdb6a6ec135bf2ffbea740bb2a9af,True,True
85,139768,f91688e0732633f0b3e32280241b50401cd5d92783d92c56bc7d2e3057eb7c56,True,True
86,415219,b58c3ce0f38ce5db5dad90e5cc5f97555d7f09527217217a3d119f4cf35e03c6,True,True
87,888711,478e4917a9a4ba9a899e690e6ff0b82b695d10bec700b0c935d7aa677b7fefd5,True,True
88,607199,8dfddd101fe1b3a93e2b74665fc63c6c5fa18336b85e6e0fa2180d997bec2556,True,True
89,503384,0cf1e12fb1ebd041815609168530bc1a2780f5e33b9a18b12c5ac200325887dd,True,True
90,125030,4c1224663d14a6f6d166046996a047cbdb2d928e811f606efc2837440db66425,True,True
91,854311,7853885d13161f269306b8785b0319054b13bf6ffcabb7ce51b71f6e396904fa,True,True
92,861359,fc5871eae8d0aa7cd907cc7838cf35732fc5b69feb14107a7827939e52a1a21c,True,True
93,830651,efa5c12981293b30e29485d1bf2f4ae051dec5579abf924b304e7f0b858bdd54,True,True
94,474355,2e9f3d68d1c544dd718816ca91aebea7cb05a587075f3dc80c793118a94dd4e0,True,True
95,242907,9db4695e7200b35f42179538f86cb5ac3cc15bbfe4b3c0f64ddf462be1524c5c,True,True
96,997245,e806b395af95acb8556aaaee99742ae28dbc630071b71e5e9ab4fee436a631f9,True,True
97,330972,c6d105166a3d462e499c1784eb764b850a96d3b6637e81a43be28ae292dd0555,True,True
98,535983,2648c8541761347d7057e1be31869df8ca8a96d5571282eeb44c177fd7eaefad,True,True
99,752202,58021694df2cfb16b1150cbdda22d81bd01626c8a29f24923d843aa3f9bc9633,True,True
100,931956,8e7bf0a04f1e3438dedcb778ef73595d8906e9b581de72672814ec71e2b8a50f,True,True
101,543311,5670d7095b23322f136c9b64e495699682dfe46681b702644fc514e0b2190762,True,True
102,099252,11bcbcfc1908587c1c1014c143ed5636d053e47e1a5f6970fc06271581d8e1e2,True,True
103,018052,aa0f1ba925b2532f2bcbdd6e0f3fe92c21a3f01568832f7552c09c1870c63728,True,True
104,809579,6c6ab42f5d922cd4ac23c07cf3091bd90afd2e1d256448dd4e926a4019f116fa,True,True
105,079451,3fc40d0df101b04705779df61fa3463101c7cff3487b2f91048dd8ff059fa9b4,True,True
106,543964,b97277ed1f5e5b9916b83718e60d04335c43248dbc7467fca1fe1b59b760de40,True,True
107,300593,18d834b8f39011ccd5e079dfd369072c9586ac0f98aae909b2f414de8ad10df8,True,True
108,203380,8e48f9965f9073e29059d43411b646e6b092daae55b6990a151b565fe7c20cbf,True,True
109,947246,29914fa82a71a8586fe7243466e0c7fafb465c47cf185c0d0722bfa7eb84d9e7,True,True
110,637335,596adf7a48a74da07b36eec64cbcfe1b56472f171efa31126e3f8c273981f11f,True,True
111,901460,5ea68f7e160dc7e1d78a0e092ee79a862e44941df9542cab846143d45752004b,True,True
112,197360,9ab49c0563e0777d9435db0b07c89c21505fbfb750d13f93dddad2bc285689a2,True,True
113,068820,5fd422aeb49416a2cca9ebf7fa2ab53170094afd8805023f4d9bfe8ca302d9ad,True,True
114,882554,a91cd549dc17b829b35d7e76782eedd0939c632bdd6e189df72faeff35f3b133,True,True
115,127344,53a08e1f5544210790d367facf7fc3aa9ee83cf195dde2ff6adaec7fb934580a,True,True
116,089834,20aede3c20c6483cb7e105c761fd28316550d019e1ffce23cb8404a82fa68930,True,True
117,882559,4e39e7cc715beeb0cbc80aa24bce05237d01b90eb566e70e54ce424d622eeddf,True,True
118,346013,7b7b86a4d22fc9ca2aa25bbb3a8f3a8bf9321b84e797a5d42fd984e7071da4c5,True,True
119,032320,fa6c3ca63c230506084cec8135198565b8d01c63cb84008ca959015412668c8e,True,True
120,332158,d575cbf21ff7fbc081017e1b5d5503fa7ea837f710ed3ff33c68b8d2d51d73cc,True,True
121,375744,268f965728e4d116bbb91f12f263fc282459e09cea7d45c28b2a59630321d459,True,True
122,594707,b6833c97c661f6e54b5fb5f5442665b8489e57f188790d5cc05a93e7cc68415a,True,True
123,992811,9f223aa3431d0912d690c4571e1c27fcffe6d9fe9de35ef3c6506f8eef798265,True,True
124,876711,74d441fe5578d52b0f7d21359e49da6b48e5b011f731139ce9c6046b1c0d5461,True,True
125,000337,c95eddaa0fd819249c7524e9275ecc7daa4e6ca2715b9c6a226ae77bb0095c48,True,True
126,306809,c55735ddb17e0508f47ee30448c62661ce980ab72f75030adabc62e54dddc503,True,True
127,157827,1012058a4e1982bbc057a3ff21bac9f7374dc111a02593da47424ab0a28880d0,True,True
128,966183,f23e209e9c6909cb8651adc580dd75603a8bc3241fcb961aadab8aae464969a6,True,True
129,867312,81f89c84ce3a9208a0000ec8aafdc0d38eacf8f4e9c50ce1a3f3f17a5bd70aa1,True,True
130,745884,2392b3c3036398c2f1d8260bcdd13af7192af54911c0817045ea5cda16be7c41,True,True
131,241890,470e2a809b60c698c620e665ed3c69c0ca70494fa11a8121e39105b91b459792,True,True
132,936050,b99b2f4f66c0661cc59fd81e81fa3eee51e1004a50a8d30a8acd7f83210c5776,True,True
133,225275,221cf871e48bb2c4c5479c274081e1915d11b931943765b17ed790d57c7f8f59,True,True
134,506147,0508a4a3487096d1826760db42edd7c3f557306eae50a76741c0146d4139d680,True,True
135,479697,807e445e302f7a246a6e8de3a01fac1f7989f3775c9fe1a612867c508b397046,True,True
136,790707,4d02031d9d712c6976d955ba40e9ce943c383663611940205fb9bf8db592e60a,True,True
137,833035,a8afb584e2d282efa6dad78310d792351ad13387b0dc6a27d431cbeb63aff1af,True,True
138,930293,29427eebfd8c35b1bd4ff47719b9999d1f5469956d6cf9add7e530401eecce51,True,True
139,441396,95a2143ed4cbcf1b7330d9c0876640c432e73df0ba790417c5eafd5966f89b86,True,True
140,890418,64eab7b7bbae58c3bbaf6c0644b0b743130b5e0f6a8d2bbf0a2b434a4e4082b1,True,True
141,042008,c22fe41fdbc3c4aa61c845b70ee3baaf594cb24503c7cc2c6369b8c2820bd676,True,True
142,317503,cc4769b13b6a5c70a87ef428de5fb296e08ff3757f6118b9987d7ec752dbccd3,True,True
143,828265,9796c0f5c1517e9c6ffa41f2fd9179ba1f70c59d4fe5d0c642bd34f5f470a850,True,True
144,409390,7e717f0a9b070868dbba386e1c786a3e888cf53f241196f317449160f5053e1a,True,True
145,767506,6a77050c27cbe80e1bacd0cddb4dc3d481dba26059e63bd2c43b8a091893da1c,True,True
146,892621,1bfcb99d98479584ce78163ffa24a4fd6ce8eb0c68302734fefda5f0fe75ea1c,True,True
147,208332,d4e18e634cebb05d8dbaf3cfec740ede6c37ed168bf4f71145d541907bcd7f21,True,True
148,054461,f76774907eddcca67a455326106a5e32aee934a04ac2238907ccfc60beadfe02,True,True
149,592430,29e1543425896b7e639830a846d107f8814b14dcc1ec9ad6123cf89cb39aaf64,True,True
150,090946,9c112bd9479d71980ef24fffaf0577fc4197fce2e33a0e3024024cc8f9cbe5f2,True,True
151,699488,537634cc6caee65ba105ea0373c0206c2d16bb937c22479130d9ed2576da4ba8,True,True
152,336366,afbaea815809a40bb059a859621d736c0656353c0f2d7414816c3211717342a4,True,True
153,121568,7c53b7d4c6d070a56e0433ae06c95b4c346acd7728450d0c7e5c57927c0ad448,True,True
154,464381,9115d912512f8218a98c7bc44ef7e1b8acc50bf17a953b9b38ca090881946857,True,True
155,590810,759cc9bf0d8ba6b80f57d4fc8e3471d0515a5c47e88a4599802501b3a9505d2a,True,True
156,034896,edee1e3915070bac4edc497b72a3ad846d9306d23d8dea71027f63cc5fcdce68,True,True
157,022892,23dc13a7ca49ab67f8d67505576a9f63df91f514a3cd17b7fd9cf5d332eb8b54,True,True
158,298816,7f34f57cbee99a61af99de8969e0e61cdf891519fb709640977ee4c1f91d195c,True,True
159,118694,22c874359cdc92de9ac6a043e46820827ef954f8644bd877c27cd48c4bd81e5e,True,True
160,682009,68b837f95aab257123f10fdfca754c60d78155cea6078188c677dd9537b9dff6,True,True
161,275685,0608019bf6d39a3e31ce89f9cc58fbbefd52ec00c0d6fce41df1c1ee927574ae,True,True
162,048043,08a18d305536f8f1aaba14dc66ee0ff445644aefa7279886dfaa8b80ed51cf6c,True,True
163,108679,a2b663e766ba99ed7ad3e349b0c95b7e71d7a0f62437f7c07bb313dd8c801a80,True,True
164,872291,dc546309867533afbfb87d64deaa62886c51cedad40c55f04d1eefe3ebdd9b93,True,True
165,181266,0eaa7e6e4fab68e9e6960a2b675d8dfee5ad788188ab5fbb3f3b697468140d0f,True,True
166,372937,40b5acc0dd6dd82fc76b94b8ba1e4b96ed12b2a0a0a32f633128f731b234ff24,True,True
167,783656,b4cd6ac637fb85f01cb3eb032698f00f9825f57cf701c8e5334ba9e6534e7053,True,True
168,604575,3fa09a242af96c50c0bfb7c31a0dc9065bc2356841d2363fb6df0a4bb44fd465,True,True
169,546183,7688957ce5e5462c11fdc561fecfe9f2a896fb75d3c726ad9311aca2ac281ca8,True,True
170,994710,489d8fe62c975aeec8c97a6b66dea593ab76a6d1ca0825dac792a25d92b371c4,True,True
171,967148,e34d7692ec0bd27fab29abe67df825c056d1e3357b083135dcfd57b06405bb83,True,True
172,989032,99a0fed8051d6d421c11731855c66837b43e167422c7968836920bc9881a5ab2,True,True
173,058888,b2f1a19707c75e8abe2c324987fba8b17a95b6fa39515864bf13d4ae081286b2,True,True
174,768896,801807e49d94d63c47d114c371673f51fe3c75262d70ce67e505794f172644d7,True,True
175,449435,56e5d51f572e086bed8d3e6f2abebb11e79fb7e60788677caa4e0dfa877593a8,True,True
176,788163,d55df3f785b2198b41a2b5bc73e1ef68c799c6f7264c6c669634bf9539544d51,True,True
177,828545,fd2a75b400ae751f9e2acaf88b431c3b45ad608ef6c7f9ad979638a4c4a5028d,True,True
178,810945,b1f68b9882a4a331ca0cc9962a8fb55b019e21b38a389a3fc757fa99c52edb52,True,True
179,648212,cc372a260805146e2fba0e65712f7f7e6d2101339423f0e8c7d2352916808c34,True,True
180,485991,e40e4f97b21a0400ada18a09d4dfc53eec8628943872fa04779fd3b306f90022,True,True
181,207774,0fe0e70c06c78a322fba65e376d6623a1ed68f84a9384e80ea52c32c5aa8cac6,True,True
182,220893,23389196f8ad076cfaceea2d9f16e2b5878b0df7f14b35b8d15eb81b0ac60c77,True,True
183,722015,753ceefb9f592033fd9d36c8e9736a3e7ef19663e38b4ca49a7b89b76d26599b,True,True
184,025611,b9e78d0232fdbd4f7fdc5bfe2fda7260516e77720399a80b9f7af25701881608,True,True
185,569088,a529bad8735ae5a4beeae5c37ed5da340793350180a8621c93016aba576f4ffc,True,True
186,655709,6894649721e99a1ba232a77423f21dafbb118df5bca9ce094e8c6f965b9cb8fc,True,True
187,571197,347877f7063c650dd4d96309f4fc61a32176008fd2ba43757f2b10dbd5d3272a,True,True
188,266434,12f0734b91f7cdcb90b333e183018bf6d5f11d169881d269131820c623a41537,True,True
189,527886,5a3160d735e62df1786573fa02390ac7961d0a29f13697131d77fb776da8389b,True,True
190,858871,fa896944797c697447573b543f3a4c0488954329189ffddea098c099c807ca79,True,True
191,424258,c809370033d4eb243a41e3d2e797c0eb525ca3b9dc756cc113ea8c82646c9c3d,True,True
192,145206,542282389a0c4d8de97caf641ecd13fb10be6ff44c725dcc5b02d09da81250fb,True,True
193,085618,aa3ca99a9f4f9b0ba7e829150cca3389e2037cba6d5ae2f81e03f88216c8e0ce,True,True
194,975044,3da8421b12feb764db00d0c70354df9444ae3ed27fbf0b952a524ed7399c62f6,True,True
195,604936,2e435edbe4ddfbbf09eaa001fcc1626fcebd6ba27b340db1b4e2ed48e30853d7,True,True
196,569494,ae6596d316390f25e67531485090af7af851abb142f2ebe8edec1575a328b53d,True,True
197,179717,0f3f885657702714172b0e3157ae2710e662c9c56d336e483168266e202d91ae,True,True
198,555350,c9a9251f94f6b91382bb2e6b834d8ac6469417cb154e848a91d5fc44935b0682,True,True
199,497796,60e8fac886e5d0a430bddca1b3e7d88dea0adcea18b9b672ee74e14fe6d8072b,True,True
200,242197,37f63c0742b34ef76002c9bfbd3f9e13a0d9ada1c0b119982b6f1dea7f2633c2,True,True
201,729683,9b46c2a97c05d89fbe8cd462f9d59ec51c39410f799e094617a3f04fb5bb38ce,True,True
202,831203,7a9c93a4878f833e2665becb92bfd99ea45bb8697d02316ee3d19594abcb049e,True,True
203,293180,0bb384004dd939938d1b88fc41775788d4472ad7bf56f7d2aded45700a874f8e,True,True
204,190160,73e7d211840cf7cb43213ced3f0adfee99e2a4349db571a4b81b9f2352aa0a3f,True,True
205,139014,561aec4e32a08f702e7480a467d14990e7111421adc3eaab4346f0015255b963,True,True
206,293157,c6e4e26370b68f6558b10c187a5f753d9a72934bdde7287f92a5692cdd7bb1ce,True,True
207,366320,a948622079c27aebff7d046dab3b45dd12abf92d664b4a74cd75bece0be592ee,True,True
208,295245,de3e319c8d846c75c2b3d9cb46951741cf0bba3dbb4bf856b9c29bdb3d310654,True,True
209,804281,b52b8ee2c2efad396117aa854df20430c283b5d83cb77e312fc7ab30c7c84661,True,True
210,492917,4df4d281109204630de88d667e20f6a0d5c4e6e1bdea040ffbc827030872710d,True,True
211,233274,7d8e3f9b9e32f4bd0a5613b4a101bd84fadb28d4e17fb252b3896acbe9087ae3,True,True
212,872300,71956e7cf3001e62e2feef504e1d9959bfd76744101008a318b63ff0e90546ea,True,True
213,506792,a898eefcaf022bc15fbdbbb26e99d677908c599204eb7edc2b238f49662ee568,True,True
214,629611,8a316ae60bbe6ec945304f66ee798f4dd6fa4f48c2d9cdafb2d551b1a752df1d,True,True
215,382839,0ccac6174bde1a68732d321b5cc427fbabc8ecf25be5eee3a85c2e4fe54b1df5,True,True
216,045177,0dc3ad509ce73c09f19e0895cfa55d205c77e12172b7596f1b85d58e63f4ae9c,True,True
217,360342,87b68b0a9d3a020c2d89e107bdba1a45f0fd57808067d9554747aebe68acd16f,True,True
218,297810,e24ac3524605473d135dcef7ffb16075d9b93f66b421f76875725dac37816936,True,True
219,189742,335c6c748cc71ce044b901e73b4d7608601ace33de9415cbea51337b2fec6fe6,True,True
220,345800,332bb4933954788f6e7d441f80981523d32de7ba0f89eaa9bdf37cd48d8ebbd3,True,True
221,395696,e58c5e52527230e0fa99d5a18865e22f23f836a520aa5b867128b05902a9d650,True,True
222,409120,4ad325ca4bb1122483ab3be58b1f73630fdce99375e719d6dac6da9d23783f93,True,True
223,888729,edd66e95f4f3d7e7a5c57285ebe0a5b3265db4866b8a98f3e629f23ca204b4e6,True,True
224,032190,b0a47142d5c5b389adbebfb3e73c7c66f6f028f610f446cd77470bb02adb8ff9,True,True
225,166293,46da1ac1987ece40e830a35cc89270feca6fc765dbd5b332c28fa436edf21e9f,True,True
226,444350,1a60f647433875f7eaad70a98b5420224a345bba3616ba227d8708dae66e6295,True,True
227,268699,4600ffb2edf1122b733d70e79f7233c9089a73bebc284a748a30cf795ecf14ed,True,True
228,150911,1f04c173c4137788aa947c83fda6a793454117dd16407c7f971457999d2dc091,True,True
229,713685,54f9019bef77dd1490919aefc8681d827a49b8ff26abd7ff85720a5525515fe5,True,True
230,573324,d4d9b0852721a50bcc752015e360b67a0d947c611c97ff4d24c42fe6516201c1,True,True
231,613253,1490ed8761cb2f4e775ea8b6d63f70b7d295b856100c3c9b1c854c87a5f2118d,True,True
232,720425,184a73ffde054e9bd52249bc1c35f5476fd0fd1967466d528b3bc8ee2f88f557,True,True
233,850931,f00e3edb62c07539562ee379ccf2c736333ccd6f92d246d8c5593e91ea53a1de,True,True
234,010602,720b43993f1cec9079e6cc5ad6859d5d90137cd8fe388247ef47d83b9499789b,True,True
235,248699,be0c56ce7fea06dcb8283d7c37441a56612a9213c8636fc7a82aff903f451bc2,True,True
236,576902,fd63b40b445859d7f55427ed82e21dffd6ac1635af05fcfca24a2fe8a3e5b7ca,True,True
237,404241,fd632204df14e6dc41d2a1a3e7171dccc2ebfe55029ce95bcf7da439641d0bb5,True,True
238,951252,13fd829334aa905ccc5c61161e1e2e2920919839b3874d6b583ae3ecda7f4fea,True,True
239,690145,9124856a354326f31c3762d17dad1f3e9bea5203e734eb6b2587e6e1c5d7e71c,True,True
240,779661,e07ac2872068781961ea6db1e064801735e9db9bf29ade524871a9e11c2201fb,True,True
241,992232,e30268658643c3cee60852e86f76a2fc26bc5fc3482c31ddba245fb98bc4bf04,True,True
242,088061,02c5d289ea90be81cbd3893e1d2a53da7e6b5ca9490f3c6a2d527946809364cc,True,True
243,779756,dcf2c2f57c1ccd97e703babe8f382e243cfd5c55682d4f63bbebc45469598465,True,True
244,278482,9d2aa16095e2417ecc79cae437d5e10bf63cc5b2d7aa78a5b837e8cf9bd0f082,True,True
245,475990,893f6a92b3c7e8b4c0207094da392efff60f6142a149be7fd171b7022e458821,True,True
246,556846,3737c7ab92f8682b3e2e1eebc323de29674df31aa0559b5f0b9c274f0561e889,True,True
247,769480,1cda7edcb0476c675e54662be6571391a4526fb98e7eafa3a89f44a71e218746,True,True
248,235991,3d271b6275163805b081cf3891037e9596b64df20c7f732d609bc57356dc674e,True,True
249,493228,526c8e5300bc5582b22d49ebc21c85d1d29d6e4ec404b4923fc18d8604e85a8c,True,True
250,657364,d6b260e24733aceb30983e1249c396523a9b44d7c2d058257620c505680c4151,True,True
251,501543,6409c51a4df07ab26eb74b939fa0eb6b2df1ff514a1b79eb594b0f991db6431f,True,True
252,207571,57f91bd1ddf6d65762df0af56e5c8eb8a38ceca4f3cce2f252abf829bd238157,True,True
253,704405,619d7aa0955c534a351b68b6bb570941c6fc5a7b4c26c2db080e40722a11116e,True,True
254,666202,6ae37871dfbcba0c28f22af51b6775c5ed63992918483cfbcc55a7f1262bd6ef,True,True
255,291889,c660917373225a2b65201396f59b805f788b680f67df90d53071fb2752b5d9d8,True,True
256,504357,9a5f041669992b70567fdf81982fd73912652f9303be22e20568f73d4ee02fa3,True,True
257,064690,796398a1ff253414f48f9114045ffcc899a43e10c729c1c3288e0128b79415b3,True,True
258,357025,00758b1fb46a44fc2ca201ca75c88f6d524a4c9e8423b85aaa7b8550c054d179,True,True
259,544400,aca47fe7aebf5e8bcdb64357cb98b6ad4e587d3cb22d9ddab861c755fb7f811e,True,True
260,348808,75ea73f24076b32b9e3f8f977fe25f51bcfa4a5c12d4d337d9e96b53c62e1b0e,True,True
261,436523,a35b4297e6bddd84a5b4b91400d344e8bec0ff3f36398982bc096bef86a2d069,True,True
262,847807,34b57c13e3244951f552683d7043b92f5d7ed364c58c3413f286f165a490bccb,True,True
263,581193,ae1fd043e0ae54c9478261f923da691503d68d8beab24cf6dc45d8be28139484,True,True
264,168832,fffa440f929da9586b77d1e8fb8e7b41e7f8ff404d9fae640d631137c35719c7,True,True
265,197401,5eb9faffde6f316bf2f5586cfd38bc6cfdac5cfa6a8434c09ae5d944da51c994,True,True
266,754578,4d3421c4796cf497f28f978904f56c451c4c105bb242cfe40414444e738c493f,True,True
267,191870,d22df556a545ec699630ee17df0633fc524291f94991fd1cf41b960cc35c6ab1,True,True
268,220876,2359f4434727a570e0ef71a087a0d662093a182efaf08c987991380ac8fd9ad5,True,True
269,258416,d83ea64c0336058ef847bc674b7bde55bfe0dd72b6c7b63dd7e806dbe243fcfb,True,True
270,797155,3f164b00492988b0b06e3b233c4ab9e67c4d7da8149a0bfa4fc95839fb6c6944,True,True
271,940379,462caabf07acaed4f60e45f471887bd18d738c92c07cbbc803e9c5f1ed32c306,True,True
272,635522,ad08a3a26f58206be10156fbf0a15021136bf1d93772ed0e3f852eca807fc6e9,True,True
273,208640,0dde19d4889d67eebcb4e6ad155896179359b2fd5fc40e67e9a24070fd3ecabe,True,True
274,826853,5cd29c9f38572c52295e9dba762ec12ba9009468bc09b04658ccdd7b5636d031,True,True
275,467768,88458bccf30ec7b5c3dd886505e8c4f137cd5d7434d693e697e8d867cfe92b15,True,True
276,038198,18b4661a66278dae3316b4a16e5c7d397afb91050299399d0158a0f83aa306c8,True,True
277,979092,3d7735967e960a33fd6ef3c4ae6c63384469e115f18a1c2c0e33ccf5213df9c2,True,True
278,616803,2769212326199dae20b1f1b9641670f9d96cdfc57539cb688b5dd4aafa306f16,True,True
279,949164,55ba2a092c46cbb1ac62499d7d8fa6ee1ad7f57cfc1b374ff61beb974ffef689,True,True
280,994295,30311193a7031c647ab8c056dcbe4ad1807414a6a012e9e5ab6e509d559d550f,True,True
281,037124,3504ceaa3d18eb9d34daaa92a4ceabd1f5c0e50f7b3299fbc2d9af3ec2275f63,True,True
282,585838,121755ad677cf0cf8a7b8cd4db664dbfd5744b59da130e1f7d4d03b509bf816f,True,True
283,069431,e9da156bd08c6b00a52f4129019dcd0aceb556b7f968d7505cb57768fed7e473,True,True
284,353517,b4730f744246bd89b8dfa807ec2ef003a7bf88157219798eec68587e6c967b0a,True,True
285,141872,e686c6066a841a9f94d5a54430e9089c78643e1a94d90df58c17fdc7279da5ce,True,True
286,508312,c0e58ba0bee92dc98d3b8fcdd1fcab98d811e02590703a8644804592ef15fcd4,True,True
287,644551,6f16422ca0838a4a369cdcc07739dacbfafffc79268fec1557ccd9d36a255961,True,True
288,726969,7d690f82aa6662b996ad2bc9d94db3e2d41f1eb8fa86e2d0804a1fa69e27ab26,True,True
289,648685,93b2b07fb26774b3e13a6ea840d3dd85746a3000d51c711495ebad94bfa1adda,True,True
290,994273,93dfab962a50469971e7487cd8a15ce0b9fb140021a29d8d0d9b5cf4e6609057,True,True
291,287972,60c5b815834feb1cf8017e24086e374947d508b751bceb9a8573e12548f3b117,True,True
292,646597,65e19edaabbabfdf1162a39dd15f862dfbff4000360cdd8f6a258f0aaaaf6235,True,True
293,830660,d2a2c7b3a1ba1e2a70c2a17011fde0f6ec9f0795e02f41544eaadc6ec3e09285,True,True
294,080406,e0a43ef381242d0220ccaa664258b6406a3cd4aa872fa52a2248a3f0c5f1d6d3,True,True
295,623270,895afd3b0f555d7bbc986506edd4bbe4681b5ba3723c7d274adcc99efb4e80d4,True,True
296,075362,d0ba7a5b607456039dc61d688235562be74b907881c234f523a87f2379d9bae5,True,True
297,715421,d5489a2ac197095bf4f222fee3185a0116bef01481eb6f54bc241d693672d429,True,True
298,029863,ca64a60d61af35c39dcf8f2ba76b0561304dfe7fb44ed567256ed3556ba990fd,True,True
299,130765,96a256302e07849320dc4e7cf760c6348fa6cba85691fe327ccd96f235a182c8,True,True
300,072164,edb13de660045386dbfe315fd82628350e7d1d30af20427a355e9631e40e5285,True,True
301,660452,06df767fff91f49c4400c1ac82c58c4296ef944f9852bb52874e77ef5a2a8a51,True,True
302,289239,ab4bcf2ce388f52c2752eb53547c6d0aaf860c4e5954ca8bee9c53d19bfcd446,True,True
303,200350,05e218dd32f40c40ae796555913c7de95beab4f93f1492d0e0bbad03a759d2e8,True,True
304,213876,c35a7089d9741b93feea4cc8a72dfe6dd7b8ccf8c142d106da369d26b820634c,True,True
305,022986,a5bd67a0b45bf85b083afce540ba59b187579c6c2eeba774302b0944d3ab7d2f,True,True
306,444584,2d983be162219f12ca5fe284de72c603a0ee3ac5af0124867d8c7b6817050c65,True,True
307,257307,035cc9c2a9e55776ff3b20d825400d1f692d9c6f03da8f9b80b6955f22b6bc8d,True,True
308,425626,b039fe20187084cc712fd9070d899296d3d9af62ef12f255ec96d4a39a3cd5d3,True,True
309,140478,0a3358d4b6fcb142dacb9d3d1da8a9ae8d68a45ab614eae26adef93dd8e1bfb2,True,True
310,734168,054ce7e96d01f1b7fc0b49ab333c4452e1861c31c0b29eb528efa6d899a16987,True,True
311,119268,35b9792b5dc76cba2859a361454fe8ecacad40fa0ef8740617f34a1c6a455a8e,True,True
312,058363,c00020fa451dc2d93b33bb8418ff5cdda47ae51143e560d11d00209f2e287406,True,True
313,279811,db55e0304ea4c03f923102e15d32eb3b5cc589502e506ff3fee503e88f9edc83,True,True
314,406393,8a75acfecab0ae9fd93c47133c97637ecf9c6ad6d6a51baea3872826cb9ea277,True,True
315,005423,63bc319f2f1d62cf68e68eb31d8707b5e54c8b24c5362fc15854adb19585621c,True,True
316,446411,473b4aca78866f5282a854f36c3988f7ece8b9643d621825df999289b5eb93e0,True,True
317,278815,75200ced6592246155cb0a35ef98760a70719ae90dec2ff51a87d37b3b8edce5,True,True
318,406062,cd0e8a05daa7d4f43382807b88f03fb59c006370fc560cac6b33e95981fa343a,True,True
319,256315,115033adecc3b9e701198edbfe2921c16ab42435de0525e43bb735ec780ad517,True,True
320,874259,10ce49240e4cbfe176c37830fefd94fa77235935e26df3fd28877c013adb53b3,True,True
321,755031,31d848fd6778769c96889023f5a63dd75a4e4e8e1ce5f73320f7c5fb0f02e4d7,True,True
322,460948,e40b40007e4f18d1233a64102bc5f47ac441d6cede16fab70ba3acc858bdd7c1,True,True
323,254681,5430ce65a1adda8f053a08d80aaf1691d61434ce6863b9cbf1600cc3499f9e47,True,True
324,434505,590bce6c878a017d7a34a7d4bc23c19161c9b7861070536509b383f6a8e1a764,True,True
325,191378,04d144832a26b26101e316122c5ad8e9bd83168287ace498e32fef2b40af58e5,True,True
326,842088,0fd336c10d205a3217e7b664739fdbc2717f892c0f92beab694c2d40fea7367d,True,True
327,535148,5c8b0f55003daa14c3c2dd02531bc85ebdd97cf778ae1c7a6eee368aa004c925,True,True
328,505899,8d177337a3e63044d530df9dafb009b6df4fb5fc65847cbdc1c0981a3fda1a9f,True,True
329,744838,cfaa1aa1e44614590f3393333641fc47711dd8215facafea555efa50f2b7b757,True,True
330,105451,cd091a666658c6f8e5e7c6b1939c1515f38ef7dd0c5b5f52c7ef4071e62ffce6,True,True
331,532873,89bcc4213a69ded671eeae38fb5767ff7edc6ce616c4a53f6128238eb4487bbf,True,True
332,157882,f7230a72e2f134627f2bd693446d573dcf6c18e90348e179c5db021c9563ad3d,True,True
333,771073,8e440576ef908311bdc7ddd0ef58a69fbd634b0ceda7ab76568915bf0f1b8961,True,True
334,079088,d8807ce4b98fdbe7c104264a69142a1a6b80596675a53ef0fada8e073bd83198,True,True
335,318646,218f431141081ac3ead8dc35c85b1bb7ef86b2e087dc559ae918d2e806c2a400,True,True
336,761782,3a9af7b3949e4990df7c9fdb15104908da4cc37ddeb5207352956bb6f42cb00f,True,True
337,371404,7f6991713692e9f6e16d14a2a8b8a15ae0dfd90851c4890f53a663dd8b0845bd,True,True
338,525258,995590800fd6a48c013342db1718d5519ff9dc601cc372efc2db7dccab4c5ee6,True,True
339,541642,f9d2d991dbe39d86ed1f664c6de1fbcc1f72d99ded105c02d8c4f411c59435ce,True,True
340,941403,d558e62391f01dd5579349e9a3e10bd9a330b74ab650d668ccc1a73beb22a380,True,True
341,274744,c01a4d980976238788bb792a3cd3a6cd8b702aeb886cdc62f9daa28d46599b27,True,True
342,431936,07a69277fe766e3158ebb230bc71209dc9cbabaa5f4540d6846081dee61e9b17,True,True
343,235787,14ba63d1699061ff0dba3e2ee7a8120e14c635bde1d0727a6e66ae8faf8663e7,True,True
344,865965,a77005924df6041eea4c00ccb4e3be20126231629c724faf8309d30ea6ad09be,True,True
345,231412,228d5e50587c355e1f4b50d7a73aa28a02b22fce92811cb48884c5b0ffe3a257,True,True
346,820205,ca481fa183d205326aaf72824e6f29f8299274964945309fe4b5781c7d0de05b,True,True
347,218705,7beeb8148a8bbc61e712ca5537703f01371b97d65eb91e5897156373a5043f4b,True,True
348,547276,42a6c2387912d9e703450888eedd4effc5bc0f0364879ccac0074899a44bb3d1,True,True
349,961820,7498aa826eea1a65b2b52bfb7d460fe76c5967cab363545d583610e6519b9f14,True,True
350,700132,ffbd8584cefff3543fece5420d0b9fc7f87233e18e67f0440721c03e668c987c,True,True
351,926263,cdd0154ff0414b9b59af708281c7f7b40c080244d0b487bbff5b1be889fe99c2,True,True
352,123225,bd47e1df3867939dda16ff52671b5b7bb715475e8294b78ab1e3f541e30d4299,True,True
353,124233,f3d06e250d1a1bee87c9a99a63b9dd4ce4dcad7270329e3255e92539e0419a4a,True,True
354,510621,80a3fd15b02641821e75937b6c0d410d908d5e46f09995020b53cd50c075136c,True,True
355,260681,9e04b9b74cb0d54fb740d29405972365c4fbd9ce52890884dc23ea4809b0dd78,True,True
356,489603,15aee6063b2279e118cdba45a40176b7093751415d4e93ffd438769df5e57d53,True,True
357,507578,9c08421303305ca9e5d9693d36d3acc27708153ca3a68d61f0d9534e03bc26d2,True,True
358,373524,87bfe0544e3af61e4906434cbf2b844ed31c66e303fb7e6023c12190109bf9b2,True,True
359,998871,eef5e0730e1851d0e5a5862c8faf437de1e8adc3a70e038e2174ca4629b4e363,True,True
360,111564,71ac9e071f5131ec12004aae5133f39658389f025eb17740fb5452699a1765e2,True,True
361,448959,a6cddd20647ddba2b7eedb54a42f0c5677872017be0dd5dcdc272a62b44522a7,True,True
362,276836,e0e63f6de8a9c8cab158c3e66c956c321a895ddb573ac4885114844cb5ca580e,True,True
363,421160,2cb35e6c84d52cb7677005ca6591c416230fc873d0fc0244f0d41ad6f31d993f,True,True
364,003874,3de1d938a3c67071e5906c9abd042c85bde820a1eac27b04f84e0f72b4bc497d,True,True
365,791431,84c709600578a5c65e638a8a489ce5c55c07735f570f6ac2dd3620f38e8b1a2d,True,True
366,592056,7ed25d7e51dc9476a9928670646f44f4dcaae315e23c6fa3c6fcf5f33fab7db8,True,True
367,804232,7ca2cb6800461888b6ff805023421fef23bf4a2f654a8e1aea2e34eaa7d50d00,True,True
368,332996,6a2dec18151c25ad7e398b4caa15959a7e52ed0d8e0bb479421e28e446a6076e,True,True
369,103862,2fbcb41f4abd6be956c698912f484592b912f33999d8b415e685bf391a6a5ac2,True,True
370,487715,ada3ef1fdd46103b717aa6b8a981111dce8858763dfc8dcdde2b484dd0d65c5a,True,True
371,241888,ef49bad8842e7cb74076bec2e0faf336211f3cd88f461be7d8a7b33a46495010,True,True
372,251220,37059a7dbb85ee7a51b41ab86e36e7a6636e3b98a0b6ac8a0d6712dcd64cc6f9,True,True
373,358495,65d70300fa34189b1d1036d9e1c3b410f170b3172dfe82332a9e2f134bab3b40,True,True
374,993676,0a19b21d5e1f5ecbebaa3ca4367d525f689b5a0cd45160d9ee1d08d4023a4bc7,True,True
375,713913,23454af9a4c25ccf7b686e6858ad435fec3f44650fd573db42b6d153c9d213b9,True,True
376,067194,1e5b596ff2469a8ff2aa057c05246bf6617c072a37402fd777e6d1b1c1d012e5,True,True
377,158534,72f7d0253c9b1f35fc966ca89e79c86bd5a27d01b6833063b5ed62559891be6d,True,True
378,609479,be0f9a2328e7de9a45b4eec9a04ef8e7db08cb84183bc24c9bf24df8cb5a0d96,True,True
379,879251,173e571a5132fec5849b1678372a7c6471c32513943c7688a2456887c8269531,True,True
380,485974,5efb6025ee2b21b0c325f00b77e40c716359795a681e072a00f0d0cac5fc7df4,True,True
381,509773,e6364950b8f376f2477c0844ef9269b328329f256d5444f8d4a75b0650e54ba3,True,True
382,501248,71bcefe8131c4e20a32d7122d9a4080610e40361fc55ae1cdd0f5ef18ddbfce4,True,True
383,245509,178066a6152e3f04ad1014e6bfef7b2583975ba9d714382c1980271d1b2cc3c3,True,True
384,337311,dd9fde48c59fee82c9e11bc3dc183364455b7c59cfe03f15a288b283ed952af2,True,True
385,838758,209f2ce07e53d97ad967aff997da4f741a16eac45f05bfb4d6f8649090faccfe,True,True
386,782736,28a873c0a1c46ccfcbd61faa6276e40785a52bdb4d4fade653c94463fb0e4a21,True,True
387,524322,36a1a41e40f46c48ae487bd749189266ecbc0f18411c3db3c041b754503baf08,True,True
388,283566,e4f9db40b0baa45e265ecc7f569216ade80d932d2c584b2d62a9118cdb409ade,True,True
389,025993,3dcbfd6ef49b9cf2a076b5b67ceabf9ba32f763cd5d7dc4458b6dc1a224f27c7,True,True
390,540104,3a45c05a6077f724f79cfaaa481170c6d761e625e141e950d8c6723a8f26d807,True,True
391,591288,7ca6997ed9d69743fc9e5dcc6e06b17e07c1b05b9731be94259a63ec11fc28e2,True,True
392,177619,bd512e706125d5305bdbfa6742103e0213e8b9a5d1a8fac4ddf53325189c6041,True,True
393,396135,edfc3ae3e9a90a603cf42ed4db0e8b5a3874cbe47d25ff618f435577271cc256,True,True
394,229731,c0e92326eee979079dc832875ec3e3894bf566ede8d5ea865a85febf592e6669,True,True
395,555041,785d8fbd5d5132eb0d5e4171665fd2289916a34b8363f643192cf8a8146f69a6,True,True
396,261274,c4a5750216badbeef84759e65611d43bd3e8fe86b64e85888098b2d3bde34bb6,True,True
397,831128,e8ccf5bf5fe117caa84e5109b9734e20db881155eeeff1842911c2fc4e59a163,True,True
398,067065,3e3abba316c004943537d5d8e43cdc4573067f60ddec6d935999bd5d203e1210,True,True
399,067045,a42d537941b0ddb397c4a2e42c6a932712f8a69a5db5bdcc32a373ef3f634833,True,True
400,015647,f87ced0b21ff981f282d41a4d58a669b64424b1d7c2e6ab22cb1257b2d9f24e6,True,True
401,543155,8cad365d7d399f9850a7eb96164a7243a41a5826751cf2c139fddb21eaaab0cc,True,True
402,188083,a1c78a00cd6954ca47fcf02b0f7931c2ef2bed2ea3f28d3184af098cff9cd559,True,True
403,912493,ca9dda27bff1e11804556cc9c63e0ae207f202ed4e457c78c28bbec1a7c64e7d,True,True
404,762951,4e69886c984628215f649f23fa3aa0a86c5b64a9682ec0428a82f4a23731e02b,True,True
405,403509,43db15e20c2149568c956ddb1d4d9201980a10bc7d5d7f9ae22738ed6ed773f3,True,True
406,175110,a3142e9aa66d92068a5748dd7c4b7d643319d9c8db28c6af5c5976198abe63ac,True,True
407,774124,68407022febe52a6e98791b45fb168d1a87b6a2391a1c80d7e8505c209d7f605,True,True
408,384229,1f1f3b0c98256474103b0d0efd3b99c0e4ab2b4f203367561a88c66da83814a4,True,True
409,067414,9b2360883b07cefe03a324a0d683032f385c5665b17bf34a009bd0fc578b1d3d,True,True
410,630047,328336eb360ce0143a6b9322d71d2217940f595eb9eb1f3fc3979e203487e74e,True,True
411,329548,6527d30f4c95f34beb989d61f0510d8c508cf30a4f86c357beda6aa1b126f05e,True,True
412,276913,57abbc4001d2a2c0d8161a2918cdf7d647f3be298b642bcc4ed2f6a118d309ea,True,True
413,802248,eec4ff2f7a68062e12fa504f2403a8a0fa3b7db54c425c32404145b32a5fc20f,True,True
414,460081,02d9ed21e05465b7de258acc544b9b376e9956a7a25c405d85353ff8bef282f9,True,True
415,458133,95e20310253af41ec1a8c9629249b5241098310bd130cefb1e5706e2f69c287f,True,True
416,001968,70f73ba9fa0c5313f30f70276849fba0bd5a2b5f85249bf5f166ab86cf4a94c6,True,True
417,225025,e286791c27ef9c46f36d11db958fec8a419c773792f6b8d7f1c9ba12910f3295,True,True
418,127780,ba229786b2d247c558da68fd1ceabbdfb1e828efdac5b60d74a6839221b96869,True,True
419,630124,f0c1004474b48d238bacd38dd7cfdd90d6b6bc35f51b005bb30b9bbfff7cdad6,True,True
420,820564,b2db125f4093fd252b4a98dbf1e89f2bc7a915ea07a96eaee1b99cce42949e88,True,True
421,141072,03ba0a1dbd60da4c858f69012298f452adbe4c359185daa3eaab0513fff3a8f2,True,True
422,650859,a35634cb29284f871dbb5a7c444888c25969d9ae984f7fb4282fff604bf4e831,True,True
423,595982,8532e74e2e5d7de55d4e3a79be77d82133c3a84d10d339fbed3f01a6b99f909c,True,True
424,700884,4cbf7a2c00d6e546f5148c1fba3ab3124f1d3640b28e7a40e26d32265d43f684,True,True
425,263769,00566a01473e3f13d77e8e388addf0da29239431257ca1d4e2ee12c1af84da6b,True,True
426,639089,b26bf88fd6a5f7ec5635fbeb528fbbbdba27a75d22e34955df745eddf716f00e,True,True
427,624138,69c7b52b9bc782acffcacaf3712db944bcceb9a768a16ae92bfd5d270b5360bf,True,True
428,936243,bbfef31e505a7d64582798536485ac340c020a79ab8c20deb7cdd59326a6eccb,True,True
429,660433,20d6c41a866cd4731f412afdd16ffcb1ae517c1f737f9b56b6d929560b31e936,True,True
430,491487,f21552afd17d538c73a453afdd91ba0a63dac71a86010b9c2a77967654abfdda,True,True
431,521516,e368f4858c21c3c3733744b795398959421bd199c5bb6b880e3e76b3e8604946,True,True
432,812711,412e8cd32456804272a838809c34a22eb43393b72c6596f67cbfa2ddce6f2a50,True,True
433,605406,8bd4add9b7027675f6a742f37777865885175d42399f2262e0e4f539f499d068,True,True
434,869152,4a9e3dadfa572d8371dc67b96f0ac4472b34cf6f7899c2f24ff4a1a68fa63262,True,True
435,800241,6c99fdf66fa44be74ab8d2f068ed18f27e5d5807f68600e0fc1fbada5035230f,True,True
436,377499,a45cebf58d5f2cdbcd685c4e9e6c03536a171b7055e34d69116506b9ed890f00,True,True
437,172255,0b07a2a57abadab90ec7600a27a8db53e313417acc8aa34a64a1b83e6bf066db,True,True
438,038885,2f08f441efbe40a0e2fe7d477fbc3e719b8e8c9871ea6a8f270c84f7c3a57e40,True,True
439,643384,6447eab40f0fb16772f0a56116af8be3bcbe0aae193a9ee7af8bf0e0f1ffbc9e,True,True
440,106038,70ea9031f1aa9052c798beebe06e447c16b5a23bd318137a9b0fd5bd701bd102,True,True
441,916738,9decee759f8d3f6735994d244351536499e6893897acb1345067d55bf7dad1f7,True,True
442,894739,541f82fcb00a5d8d46724678bf47dba40642268738bebddbc7017fa5685eee04,True,True
443,001817,4f89add0783d1f6e43683377a30234993879638253570b0bbf4cf888f36988f0,True,True
444,200801,0200651e7e87eeaae7d5e794d74e45c6300e58cad09589d9807a1b96599dd660,True,True
445,959945,a1d2ca6597eaa384caa5071524dc7b4dc672baf6869d2fdd33ada970d2975ecd,True,True
446,572992,9b6a372fbde1f50675cd6b1fecb5b50f04a6d0836f4e689149b129fb6016ad2b,True,True
447,699003,abb144902cc24273c31a913f3504410da20a1fe46c7a2363b3360df99e27b0bd,True,True
448,036362,6e1ac021e6390f1e418c2658ee8417724690f596d3a3df04ee7dab490c4e113e,True,True
449,731397,8d8f98f98d18d4e0809cbe406eac6388be1817833e2e2c222d1f0b3ac99c3630,True,True
450,718496,c3aa2b5e7eb1f3019116adddb108cdaa49836ca0b7328bfb549741e8368afc80,True,True
451,104823,03f3c6a1e8becaf760229b9db8095b0315187bb04f6cd6abe88fa5d75fe3fab9,True,True
452,577928,8198ee78787eb71952faa83b6b3e500fc42dc6b5d27a9378e903490e8b35eb27,True,True
453,662897,49298d4a5247b1b374bd2d1756fe491f383d78a96f11fb101fa9d83f07a9b413,True,True
454,093332,fd76b8fb3009ecd392b1e88777c16f0a3582c500d7d4ff0a912fcd48fa7d0bc9,True,True
455,324615,32e32af39e0638dfb799be04f1fbaf7dcc76a9676bfeadb6ee99168ecc6fa4d6,True,True
456,012532,d9b95020e60ae141a93c839198ce7887a5071a10484053c0353af4344aaf0d7e,True,True
457,283651,a1dfabafee64bb34b49b8d686ccdb0e1cb4589034a719564235b29c037c2f1b8,True,True
458,354392,ff09d12e600e8c4faa0a2b5ba3712f4b0293ba8318cedb4fe3fa798284b8115f,True,True
459,899808,eeac50178a219c123f48dcead85b40f1874b6da82b9831df097219d2a213dbaf,True,True
460,706674,3dc38f4848c818bd8796fb0f26f2f3135623b094c56000ca6388908dfff7f071,True,True
461,652641,ee6225565a99b17a9c89438a0fbc034a1d4c739e906b2c5a3822d157373fc0ca,True,True
462,213071,f3c33a1dbd9b978c959557f15df28c45ef2a33d83975b00fca915719481e3295,True,True
463,918457,d17cc0da15e14c2ac4d56b4f5d3b26c5432ed16e5cd8213fed61111968a242d3,True,True
464,595075,8c9e94de7968aeec40345881bc56b2c9501de66bd3283e7794ee4127220917f2,True,True
465,048752,5e101d4d5f9c5f2e72bd81b3a810efc83043bdb728f9f6f6aefb8d4c34f1ab81,True,True
466,376719,8c7d4f43330c4bf3e15425bd763fcbdc9778380c8bf5f7a8e9233fb3a6948e06,True,True
467,343488,c255007ce8cb948fd58021f7bf2b21ca944fe16fdd72ef8ffd05a765f3e6b564,True,True
468,199348,bcb473bd7e6afd223d77c0cbf97bbcaa7dac5991eca40727dd2a01229e9c9fe0,True,True
469,181268,ca35a0588f6070a6efb509e139918fd4cb2bc9259544ba2b659438dfef21bb32,True,True
470,913504,efb402b53ad489f1e66cbf56cdad03a70bacc1f93c8ca0d33c7ac69dc44b7a91,True,True
471,801629,8cc4ad86f8c39e6fb36a8b3aa5ab7fdfb6e1b89a2251b73632c994165974453c,True,True
472,613295,2a3c272d530ad705edf375c07fc8fe92e8159f4c15f5cd6523d4af518dcc7051,True,True
473,790626,8470c959cf5fed8dccd2325882b268f1f9cd4935904dd5a4fea167bb6f7ba4b2,True,True
474,583107,cec3c4cbe5693a0c351e5bd960e92aca37b4399e0bbd88738c0631e59a781668,True,True
475,900048,62c611f484b794a50ed74d75296585e758ef4d059eab1f49092de2e837045cab,True,True
476,221305,dd8a9218623a0d5a2fa31eb3b9c6a41a240ffc5a0b3f62c4dcd8533d203b94d1,True,True
477,972497,834633afc1128c353fd543a0285aab0ab66c16a341fcbbad9a9e8111c432759f,True,True
478,447995,b883eb132cc057016bb0a953cc79b29919badde84fc891307bf4f9e4d3fdf372,True,True
479,904189,95fc6e82b140a44c7eae3bcbbed1e06e296fcdaac4012ca29c56dbf6bd66b959,True,True
480,709099,3dd9e7d6c2858364c697134b5184174dabf6642d3e264de722b96091a0d61875,True,True
481,461596,70c8f9c0d3f6c73353a3b3c37b38adce729f728516fd4d93944d6ea3c2435c63,True,True
482,107723,d6750da965c48545e4dd35acc71c8b5425fbf203adaea90a7cd12ef6ace82005,True,True
483,425000,4ce84ad0eb7862a12d9cefebf02ed2c04c8067b20b9172cf4d89aef1ef5604e0,True,True
484,482987,1686883d67234af78a74035a383597e2d768e661616ba62ac7887343eaa10b17,True,True
485,897906,7d61b722d48da17d97bcda33e817d0d7252a592ed130d58c365aedf34f271663,True,True
486,266025,dd456b7b0b572894fe0774d5c61f65e328516f4eb878bd71bd0a78ceb2402d22,True,True
487,893119,5e070e96702174794c160f595e85e03c69dc2dbff8daa2b90f1709d13baa59d5,True,True
488,971840,55af80dabb7c57a3f3237c3fe8f29b6f4fbf8060cc932dc7de31eca3c13a25f0,True,True
489,950409,0dd9fb2a1083b9a24004fb8ad1c094465d223e080e939a9d5bdc994ba24d9e69,True,True
490,673967,6ceb8b7cea43edfa7573dfb3e72e81d6a04e9f359c83f748f95fa0f1a47488bd,True,True
491,984715,fa5c02ab1182aaa72d5b9a62cffdfc0d946e5ecccf891280f95592469702a070,True,True
492,822105,fbb534d2e8fb5b3ae66151b763b20db919ffc74cfe060482eb4ceb7713d37c61,True,True
493,642889,0a842078e7a3b7b6156af3b736bb3087907d02e6de8ddc0a63287f4c3ef4481a,True,True
494,114466,ddcf609df0e7d7d8bdc775025a40f6c24738923b2bc4db5fcafe0dc4f934709c,True,True
495,410693,d5e5e928874db9fcd30c7da99e9402a79a466f96572e5f5502232a6ba0f33561,True,True
496,890559,14433dadaf81d06156c586151ba0c2c84c1eedf6135dd80e8f6c82a012fc22d2,True,True
497,151589,66f1570f783e3d2b456db99b01f396bbaeb3c0fd3703ee84e22de57c18d50d33,True,True
498,866163,fd544ea14ea8c8dfca6b93e545e400eb58d079ca1950d88c95f71a4dc2f0adad,True,True
499,568361,2d9b42167b1b64d54ba77953f8ee802a16c914fc2d75f744eab4d03d23369a4e,True,True
500,385508,6e8d1f9f1edc3107da85a6d9677e089446e7f1e3bec2b9893d5c4f8cd1541bac,True,True
501,152908,ab90de840f158f931fa852246f697655d9282027acf6b71b77912d5023509d07,True,True
502,579588,09270ff6850e779efd43a8b05d94ab66b9fffc290ba6864258134d8f2bf3a69d,True,True
503,613011,a1776ff6790365472ec4e35415dc41e31f322366f1a436f3081c7ce78a5c4917,True,True
504,372302,b253bde60fc5a14fbf96b441999cbffefa2c6cb3f472594e194bf8697a027f1e,True,True
505,731483,3f21a5ffeb73e93248c87baa77f6ba81afc4ce6e14ad6f326349de43492b9a3d,True,True
506,788717,c70f7dfd21b30ca2cf2626096cb569962237ac67f5f823764ee12dbc6522134c,True,True
507,434944,139759996aefe910044bbe9926556e3f485a994146c95af503c5cdefa11b1eaa,True,True
508,733008,6d262c01b74a1253ce62db827b60d7ed5abca41faa78c215c1d5ba64901786a5,True,True
509,618644,8d3eaa341d7c0122e69f4ba00dd7c86cc6ce409207e6eb655aabfb2bc88f44b5,True,True
510,460923,e54c604799458bba393c912667c23a7e9c54efb1444958c7ef22e6382659fca5,True,True
511,817184,0f876331505fc9c185d746f0d6e8961736301c6fcaaf9ec4f036b7f77a19fa98,True,True
512,877513,6ef8cf94465e3bad50a2537931364eb9b401a1c2c851afa0931ecc9c67948cdd,True,True
513,635914,6301cff7bee398e69cc8c83058e4bace0a9de9d985cb8503531820fa487bbbe4,True,True
514,387048,9991321da2672fdb840459db683307705a4ff5be51764afd5f3b46a169b18ecf,True,True
515,019744,2bb4c251af68e630e99b529914376b0bd56b360169414a7a65d307755d0debdb,True,True
516,024618,d9f95794c9bea99923279c68e586b2f11c4abeedbd312840119a9fbce6055a15,True,True
517,831283,4cca351c6521b7bf248198e89648beafbcdf7114193384eed88e275116ffa1cc,True,True
518,642135,a8bb5378de189f7393665275c3ac7ceb78a8ba14a30d8e0178beff4baa40a5cf,True,True
519,949785,06701276e6adcdf943db3e82667489a61967877947c8f6bc4a0f98a196a8cc06,True,True
520,612301,1c9cace861b81d2e58fc6203857118a135665a344b207d992e7c42397c0bbbb1,True,True
521,841158,c24b134428ffde8c3bf41c25337b34ac4839901ac0c854d356b9f456c538df87,True,True
522,681105,7a51006585cfadd85f4c698c5a6bdaf297d1a3fd021e9a8adc8c019c1133e2b2,True,True
523,015718,ac940022970ddb3f9c375774f9609fc249dd7750b92e4d3e0ada936da7c77f96,True,True
524,517941,d3a2275a526bb0ade722edf6987f841cd6e154d5506534f8d47aaf544d6d101c,True,True
525,832332,88051a74a54cdd117a967f48edabdf7401b2e2442cbaaad0e9ffaec7d5319248,True,True
526,916673,3ce0d4dfb1cffbce1d65bf48bfb37ef59ab0638b6973b360398092a919970eaa,True,True
527,177908,06401ced6699f1067c6c932864ae877bc0f810ca3e59dd49ccb96429d9de8ea6,True,True
528,143616,8967f11f34ffb09598e03ac0314fccf03ba1129eed6ae8bc3b233bf1917ec372,True,True
529,119041,30ca0613be80d8c97f799fdfcfdfd2be99a5cedeecf8e13908fe1d57e5250fbb,True,True
530,100299,f7a9e89f8f7d1100a4a3b173c1227266f0a7446f9ee80cd7f66c87dc62c9f45b,True,True
531,230100,7da574e6223332203988b6400b886c1d0a255c11daa342b41a4ccf3b4c5f961d,True,True
532,083022,fb1142b2b640d8bbdf58e2cd3546b0cf42d10bcebfa37417e694876a4063922a,True,True
533,505424,3a9851fdcf824e07d032c115ade7cc9eb6434072b843f52223b5d52dec7194ba,True,True
534,167245,e612a30f57279c66b8b44f585793b8a1b076374907597ed26b9d08089e147f5b,True,True
535,064378,f1b7212b379fd0a08977adb0cb521e57c7b5408b80ca3d7150b8fb32ddfa8d8b,True,True
536,571081,3dffa57cc00d512fb674fb8aa4070f451ffc51e5a994ac4097a23928419d0d53,True,True
537,578451,ae49a62261da0d6e1abdb7a90d99ffbb74a679100f8548876a617a4e57744756,True,True
538,691087,88282aa79525c5b03dcffd1a322d7cfc75eb4488b339096d530af559027bd835,True,True
539,870511,e1897194959e92e7f37a37f3d04b29b0a58487c5ebee21dc11209b518bd96954,True,True
540,516895,5b3efa455186d82ad8da42013d9ca021c355fdc994229358f4a1719663d422b1,True,True
541,050624,e71114da93374fbe51aa5f6e43195a3fce583bc496d955251dea0edd38c41809,True,True
542,537085,8090cd15d0c1fb65449a703365a261cb706f844d9cbe62646f3238956c92c77f,True,True
543,017191,6467ccb7f865cb5be526b0b2bd493c46577b1df91b60c25424c706a88cd912d1,True,True
544,488317,d0588109849441972ee4f0a98cae2e612b38109972fc817ae71fdb97a9f149b4,True,True
545,970409,5b241ba9ddd15774fdbd2988dbd8d66aec1033b5fa3021967c89ea99f614b78a,True,True
546,907528,ecefbe13cf3ab57527bc296033cab262b6b30fe1da29de1ffc1c3a6ed0550fb6,True,True
547,036081,2d665130b8a865b25fd2970d573e0af62f0960501cba5b273b910879ecfc796c,True,True
548,588013,ef062546238a901194b694812cd13ca84fdf5ce5eb9412f87b8b3567042d9035,True,True
549,118160,92f560b8a01220aedc81d01df2711ccadfd6db7aa1a7a24e316dc3474a30a5f0,True,True
550,696360,edb92827065b70ff641d9bfa6fd9df4cbfe05bea16c880618c73eb7a750badf7,True,True
551,903132,230f67da07b2cffea0cc2ac7f3defb142060d62c9bf82e4dbfdb53580e1e425b,True,True
552,268301,d7f37d12d0827ce888e83c9e04d0eee4045cf1a13c6c4cb2b56861b9dab95ef4,True,True
553,969466,5eaf10767cb0648351bc550315e438a9cd204a36f89c26d0f40c58b1c1f1312f,True,True
554,609967,e81857848e1fc441f686e9f16601d12f7010b24be601598693021ba48518276b,True,True
555,407952,e84f654f13a1f09880da926c8486183f19e0f9906ef13f22252209a19f3d32bd,True,True
556,209906,60588ef955ab78552f8ee3ffdd9327c9e2c3cab287db02d38377c549cba4dc6a,True,True
557,346444,a5882d92fb24d8823e66d240366aeb17e5689b11dc65b120687b600e1ec3615d,True,True
558,358399,39a05021e8aca364d0604de63bf4c824f775fa99e32db2304d78008f52a46985,True,True
559,304342,b5d40148fcb239b562513f658e5f4a6b72c566462153029abca272745c6a54ac,True,True
560,838615,14cf4610bfc08b0de4d569d3d4b2357804fe05a0b6f1199306eb3190da26b230,True,True
561,468637,ce56df137649383baec3d6e82a44cbf371688ad695c062a4298feb9fa32b37bb,True,True
562,517260,e20b1e41f9a83057994c78e70004ef3c9a0c730acec81434709d1d689c7a7142,True,True
563,813644,1635a04ec5fa0a939b8a51b5d697f40cb3838d74cf669644a5a9e8ec460ff997,True,True
564,577039,8173bc812505acc7c91f18025348ced9de6a662127911a81e1f1f5ee5eb9775e,True,True
565,437640,c1fa21a7cfa2801791c454deff9d0e5cc883f6b2c5a93c6a273bf9802d3fb4cf,True,True
566,227666,37be2c45c5fec44e63ef6dd22343af0bbdb1da42776223b1a4edbd827f553e16,True,True
567,741445,2041f8b073badd9d5a2e7cefdc5eb0ce7a475461531c6dfa6987ed7a4ebe4f2d,True,True
568,743244,4ff86c3ac8fb9405d90248e8ee2a0a05111d4c8e44aa692f93aba407387e4f37,True,True
569,168474,62bd80d4c51ca9db7e2fe7ea4594e7cd3bae9393f677a57e972085e5162aafa9,True,True
570,578036,15254a41b4720c7a9384ffaa7d8e3d1e110a4d349d5aa07e300a9b9cd171e283,True,True
571,409434,3494de3febe3f01ebcb288644dba2f1fb299b62018b9359fa98df9aff4df7cf4,True,True
572,018439,751db600650e49dd24aafa1f6c58eb784fd5e57d7408d4a97637b98351a1c2dd,True,True
573,060774,4cdce45e18916a3b1d04e186ac53c66114d66a2d584efd91a6d8212da312d5c8,True,True
574,823351,c9e052a7bd4e17273180267a6dab7cd86d1b47b97997872fb6aded18ed81a610,True,True
575,728747,6baa290c02a523fb4b049d439e207c060c9ea51d64318541f5a9e095f919666a,True,True
576,618119,cb3c601eb37b3919463d0b6e458f64eeb584fe6c396bf471cb0e15c0f1df4720,True,True
577,690430,96540f8c2806b1077f6e4f288403d39be8877143385379db72bf61d2b9230fb9,True,True
578,209814,89ce3c33445c8d51c99e543763f9b2b86befcbe20b73b141b2a6ad0d67bae8df,True,True
579,106531,7353f5e57dc241817455757f33791d36a36afd930ab81f054d5191e4a07dfcd1,True,True
580,140251,827c5392d657f1e69f089107f1de5b4c4e9daaab43936d12266b52b03a8df63f,True,True
581,775374,6ecfc361af4c677923f351c9669affc81c5c2c7f5ef52bb9d5fe760f3a4423aa,True,True
582,608062,cabe61f55bee35abab70fbfd732c880519cf7d571c463dfc4de8b2480d733a63,True,True
583,254981,1eaa85fd2cf5b669ab504c3a3e482974c6c10ecabf59ac428347c959ae252018,True,True
584,948583,cff6a1caa69aa6fa7b99f87d7f198b2742c10b5742c868c9cd52b36097519886,True,True
585,880055,cbb03a0f8e98657525b83820536dca47580c5e71c8ef99b782774f6ca1293622,True,True
586,304519,6ac97dacfe8a960a4a4a4e8ffe2b237e2bec7eb3f3620b89a498e2e1f9ca4a80,True,True
587,479770,2f6a65fa257a5cd88849223037e998b36bd9da21dade581290436b2939374484,True,True
588,117495,dd0d0b4566c0b9e60c545ecfa8aec422da5786371e90d9d70e2f36d71b419257,True,True
589,241073,8514523460e0fc6ce1404cfa1bf8db573ffa10d22c78eda025f4184173541f45,True,True
590,199839,bc20f5dc81e45566dd530d18a3d1dfca8050a4faf267303d2d31c36a36d46f81,True,True
591,037322,0194b45f78f1b93a3b572dc67e68f229c26de7e6cb9be963c69acc15f0d5f644,True,True
592,134817,e99bfae5a98fe02b6136fc1264461bffa3f947051b32eaf31aff631421734094,True,True
593,502724,411a033e4880891ea8782f7b72d31fd1f8685156b5b31161bb51af595cf49457,True,True
594,568583,0fa04e4f47e01c361907780b5e57b921516f863ebe3aa098b9d88084fd09d341,True,True
595,404053,4b01da23474c4f2a31a4b98dc1a2c7cd1ab348490d96608802850dcccec91642,True,True
596,346787,f052b89755d14b97dd1a0dc461e2c67a31797333b67ca31ffe24ad9a8ee58eb5,True,True
597,000620,90e877ac5c86f44ee912d1fe3f6a9d090abe18080335d0bed85fbca60d09c672,True,True
598,550311,1d22f80ede806990784a250272b71a8ed58d1771cbc9a28c8b24470ffee0e9c8,True,True
599,284931,ad24c765c26121bae09372dfb7c81ac11888a1f52e0bd314c5f6c903d405c42d,True,True
600,673466,19672bb241fc6167ce5e6bc07b2b0867507c9efacf8e1507b0db79ea98b9f21a,True,True
601,520792,85145cf851ae0a5d24426d981a695c0d55bca95d713a90dd9b4461065c0bbd72,True,True
602,857964,43531054fed8eb75498ee7f4171f4625c0dbe079f92fd552628efbff1dfa2788,True,True
603,596350,7c2e23ff5bd03c2cae8b1d5b22c2b8a2f473eabb155b3d117596e6f7ab037fae,True,True
604,675697,fccabda57c567b8a9a2708182760b2cf14b63633c1102137e544d5c8d2c8e89a,True,True
605,073698,6df4060cfe47cd150c4bfae946e57fe7cd21962b1dcae7dd6c7347c871df998e,True,True
606,135785,31501b0b392499068c60ff00af3d0078658bd6ed824d601190b30d5ffbb923fe,True,True
607,690698,60ddedd1fdf4c50d25024d0b49151d090c9859908a832962ad61036a38e0c23b,True,True
608,575752,4136fc8182beef8245d92d8abbd86b12e1b42b5a1f007f3fd0ea5f90fd8f69ef,True,True
609,654894,1a20a2d6cd8805b21cfcd0a20d3c153a1c547b9525eb1be9b096a73a03c92b09,True,True
610,118433,7303e842622f68c8fb30be1d01e1684e0e0c5bed235ee65b50f2a11f06527671,True,True
611,821864,b35b3465dce8dfd9fd71906aa0e913011fda7f1ca9e2337b5a11b2d67d9d79e1,True,True
612,316288,a16af230a76db2cb2b91651132a334bf1b7a615aef04846a41cdfdaeac8462c4,True,True
613,213632,f89ebceee6a40fa80784924d60a2e84b1c5798b71fc23cb7e6bd3fb6368b3791,True,True
614,140884,6b67149437848a5040f91abcbbc9ad762101851ed7705e8ffb5561290451cf3a,True,True
615,781311,85b9daa5fd3c42f0fbba91b33a85c76f2c1383da595c0b6bbfc42728e52bef2c,True,True
616,539630,676091723dbe8e53f7462aa98a66f3f04b8b731ecb603592b0dafe6b27289b8c,True,True
617,749459,f5cfeb0bb9758eaf9d377c2867558e4342c4129c3e2adaf529b224337900e027,True,True
618,568183,164a220d511bc839caa0c2fbedc03ccef3a3512d8651feb32a4e418a24d22050,True,True
619,204589,f66fafe20b7ffc3d1b5985a8031de23073a51b9415dccd91c5bd0a4cb67b1f69,True,True
620,474937,c0d6833da90fed0332cc50a93612fa1c0ba72c9f9f4cdd9f58c9c55dbf04212c,True,True
621,380181,2ce1853f252df14b5f2ff407d3772f0be9601902a9f704c147f7f9894f89a55e,True,True
622,775268,35518677b4c4f8a6d22821a7abc3b28618d9fbf4415929ea79939db012f45d17,True,True
623,474761,1e65949aba68ac8efdc15ed5beb405b77d5a344e58b7a68a86b9e2573df0475b,True,True
624,064609,76167cd25d09922fa8756a1536a05cdb129a2c9abde752417c7af8083049ce51,True,True
625,803819,92424dd05b60328e38f0e8902db082becb4bb513c35b9bf3bb8ad0f8ab1bfc2c,True,True
626,676186,909653aaab8f52fde4f7ec01ff4f14adf105a424807eedbf42336c8296ac261c,True,True
627,024889,c3cd3f664c53ac5b275700a254e52d3b732db2b28fbadb1ee7bd8599927dcb71,True,True
628,931553,9c4ca50493e6f09ebe3dfc5a5d68ecc44d69d6e7902395e3974eab4d9bb7e7f1,True,True
629,626407,744897d4212ecfc2e3c42dd94950aeeae9e8d2d3bd377015e24cbb191fb99eb0,True,True
630,619163,e2e3666ba212ba6b631fb0422cd86ef872a2dcc078e6657a5fefd0903620822c,True,True
631,944601,30847d32b4bd3e56f1d8a75978e9eb89eed45dbe87fc964cbcc169ea4bb65c09,True,True
632,320123,1f664ff9f20b66a5efb918f3f530c37a8358c270481429a87a0d9d5b5af25436,True,True
633,565445,ae2e6377bef1a5b5bc5f7bc186b99399879e21a946dd3738cacd02df99832882,True,True
634,556366,c68c80af57d489201f70ee03130f97a7c9d3b962b1d748a0debeda8fc374fbee,True,True
635,466295,17690f84cb7aecbac3f39ac06d05d035a7343a76e6e7568f106ce8d04914687c,True,True
636,001462,73a34b3db29d50a1eabcfebe88f439ceff1ce5cf7a6ddef0bedb69605b3d9dc6,True,True
637,770741,54ad47499d3089927375cb40ae5031feb39198eda1ba4c3bc4fcb5581768c132,True,True
638,184675,a2d12f6f53640253e600a4869d9634665fd21d839a5a264ff0ed49a5055b94be,True,True
639,919568,dac7c2a806042c0448d67267f14952c598993e6a125123c1bf8833be3a465543,True,True
640,419658,f665f5078ca53317b34f72db7dca18a0ead263f35a15d0a96d70459eeca78706,True,True
641,088534,bd7cb77966924eb3cc65c07087c502d5515c39d21c92615b5dca5849b29de192,True,True
642,841957,1f4c4d2dc9d3833287cf9c2865408bab47f47a5ff486d055a170ba854e172def,True,True
643,378680,13e2238e6cab7732787897fadf23bd79f1e34e399cc295cd54f4b2e9af8f745e,True,True
644,802162,0c2e74cea8dcd39141e0c46adf7e20dac512d492ec8dff2a7c8c36db0e96a092,True,True
645,694559,54974aacf5c9a24045ed365a16514f3415f74fb0094d625348dc554bf1564337,True,True
646,602113,47b0ec24046b8fffbc78f9a5a77fd2c720cbb12f8030ff6611499e24362ca3b4,True,True
647,386669,db5bcbedb27f004492cfc39c3b9be6f410ecc1daaa32e94f42a24525c6a6a532,True,True
648,103748,e8b63a8c8c7c3493d7963ae205a4728618ef6644b3d878a041b051d05bc9dbfb,True,True
649,644198,27c4e9b26d463bfbaeee3f11b26daf050e04ecb9c57b7857feac1b3004368ea4,True,True
650,259687,ffd50508ca69dd31c30b588504e239c7604306be43a76a819df3110a1a756131,True,True
651,061592,8bb1d677bfca3493c46bc2d653200ae93a0890caef227a810846ed41ca6558c0,True,True
652,939650,225c331c6ed83ac72fb3429d92d00758bc254f7e855f4a1f051fac98075e5be9,True,True
653,279698,9cfd0653b3c874c265b3482eb18ec79db7ea760616b787366a2e318cf9909c82,True,True
654,257863,ee64c89fc4febadd84bebca82b6ceb2ecc523458692b854bd3326386eddc401c,True,True
655,181876,2f648dea813682dbc54f533cc4d86f8b22250da681cccebb2cebe28b1bf3d742,True,True
656,673085,deaadeae340f6b36acb1170dc62c267a61cf222a88160594b3dba95ac25cd2c8,True,True
657,824966,6f49a287b1a7f8f3e576e828f60c4c52a7b89ae03402a178a62b7164b4b4eb48,True,True
658,562280,1a09e3388acef260bcaa16e212a8d9c630ec60fc81afc5d5b0ee512e2205e747,True,True
659,188278,7b4714a71516ec3a44da4d4fc02a19edfeb24e4aa44abbda6b7a1487cfc49bbe,True,True
660,046367,77501fdf82646182139d9ce78ccec61b7b28ac48d80fdbab0b732392f692db0a,True,True
661,638465,33c25ce337bae991b6571aa40ed66b964defbe69c54bcbb6bea9306f945f4348,True,True
662,793851,bd7ee9021e116376e1c9f28e0505262544e4fce353dda941eb9749e162a6a749,True,True
663,561298,7e00cc094a33f64aa3b51e365e7296274bf77355d287942fd228ac438409de4e,True,True
664,455940,86244aa5c5e3cf892d54eeb36f365782fb4d320adc570a0f8d4706cad29849ed,True,True
665,997493,2ffb052cb4c3853ed70fdd8d47f9f5694050c3081dc75cf1acddb3bc9ffb5993,True,True
666,319293,34f6d089effdf943dfd523a55e173db390137ff42c0f4c7038ced81a64985f11,True,True
667,999944,c73d02255e24b9e24484ca71fc7551774086b5aa53a25e646e0c1ab07125e2da,True,True
668,743266,5b1362ff9c3f9d8c7f204f9b61cfd5f749a90e727ba7df2f8fff7495c88e94c5,True,True
669,064764,be168b25c8b097d9fdcd27228984a1cfd66dea9360667f15e4127cccb28c6389,True,True
670,951436,db37f8b9ca29735d518493d13fc6488306de2d237524cd7612d6e168657963e1,True,True
671,428014,2e2c7be77e7de98619234cfaef0613916dcd594cd886f70a59751f540fb27515,True,True
672,848764,cbe42e58e35473efae6ed93ab359581f5cbe82822830e9b62b4446ac1b99228e,True,True
673,570270,16f0c18672a8f8261d4d6615c8f8ca455e0fb84e071345957a661301f30b9592,True,True
674,891948,a4d5db5f9423d97f622950656008ac4850037c41e7c6a255192d398fed0fbcbc,True,True
675,910192,d1f3f25f772ca99f15317c6b1d5e63c116f2186dd05090ff2b234d4e901d8788,True,True
676,924844,4d27689e7803e476dfe382d4090fbaa292a54889b2e2fedb73d1c181a6ec52f5,True,True
677,595819,bb59117dd18987312450a106eced7822479e01af162ce60065e36a970abe23b4,True,True
678,385812,a78fc1e99f358196293b2d6d18b77639cd11e726d781953cbbdfe39d317bfa69,True,True
679,322653,a910d5612f3ca200eb19bde75265e764060e9a6b4abccf0cc324700fc7556195,True,True
680,594923,1d6255d623257d7eba39c360f7fc5917dd24c295f09321405970e1d01166cc8a,True,True
681,167000,a4b857b3daeccb2f6852f206447fe10be52b113db76961b9b06b62f4427c26ce,True,True
682,550271,41a77be96a5bca70092d7031972a3174dc42c620cdc3305786669c690f03a537,True,True
683,051336,6149c991e5568e2bca773f5d909acc7fa77170508f6244be6ff58e4c7f6249a8,True,True
684,090085,b74ffcc81c7467063fe680ad159115ea682e52dc07182319d1cf3e23b00c621f,True,True
685,025525,b197817e11e0e3cb506f3f9b284e9285d7b5ad972ea3c6c8f4e69aee71850bcb,True,True
686,927524,f84222b5a919cb9a7b390e415e952cd2995da750199d9908f67c9ad283e9c255,True,True
687,053473,7a61fde845091243cd75c4c77d476607192ce6dacac83381fd9ba538d99710a1,True,True
688,401944,23777c3ad10cb4885f06287e26f54276e6a74891d1bcfefe945a5909bd589163,True,True
689,939596,1a3341566651e8728de723eee45fe8c00a169179b5b406c48af223d05c6d751c,True,True
690,227620,3d0d5b945e238c9b2d493bca186356d332f153e372be224a8ab45b963023f632,True,True
691,990970,23a1d5b2af089c9c58728ca17d0e62720b933905af695a57160ad0f503ee469b,True,True
692,886876,574f16178820b379be6269ce2d7c0914df0f017e3e5faf399d221a806af3f357,True,True
693,018958,a9a1627df2b7a9d235ebe8ef82f4f554926c789d9c2991093462855110c44049,True,True
694,188937,d6a75afb8ba443d136bec98cf49ee5520c53878a689980973885ed5b6bb411ea,True,True
695,844633,0801ba4cd2ede42532be6f6147e5a54b4004d920f8978455057c4bd5ee1ecbd0,True,True
696,083973,2c04559cf8402d5f43a53fd1e3e014cc11ae1bd679b064699b32059af86727a7,True,True
697,992594,d9b52f7cf458698d110ec7ad8c091faa5bac51e074ae360c024db4e8f2d8fe09,True,True
698,712862,121fc49cdab84485af672d6f5990ae40282788c700494f7f1c686a2239a57027,True,True
699,798927,06001d2927a76e184f1dba2146489848ed481d0ff589e29755ff66793acd3d75,True,True
700,110594,ad13e6520c97b1e54c00ae515ef19d94a1d8c71bdb904c0126d141d1a7a610ea,True,True
701,283061,907466668cb49af1c8ffee243af163ff40108c55cd1f421f9cf3ffbd4629bd8b,True,True
702,525116,89ad2dd8b8db06ddbcce5e54f270728899bccaa1ef472c27804a8b2f2ede2983,True,True
703,526299,462098aa4afcf9be2f9bbd91893a6efcb98c0b539e89b3f57d08d1c936a8e00d,True,True
704,495687,1094b312069eb432295340326e0519dae5aa3e5bbfd4637728473a9854a21d70,True,True
705,773246,b4de65f12d379b348948d65d520301b28bcff73101fa5d58186cb605b833fa32,True,True
706,341016,40baaa9059221e573b86449bcc8216a72e62923adc34dbab931c697589022f62,True,True
707,259776,05e5019024a4c583c01642d8ca4c0f217622694a7f9793d002203243016f4a50,True,True
708,747166,8caf373ff0040046b928d60150cd0c0ff72e624bea6e7368985a7d5d02ca41eb,True,True
709,593423,5379d9ed2c4c5d6a6a67d34fd0be822a4361aeb0478626eccd32694bbc032c07,True,True
710,320916,a7f7e32cbaca1d03f0606d986e34cb274468146a66b3022f3bd7bd2adc79e5ea,True,True
711,974358,fcb98f62d83a78551c46a7982396f0bf1ae635ba4a4ef148f27e8020b2611d9a,True,True
712,818213,49f98dd9ff45d3c84b86a94bb480f1850c57621333c95c53b125850d513d2b2e,True,True
713,185806,a74c0c65ab72e2f77a5097ad745635a8ccea1e31d015e44673d73419b868c3a1,True,True
714,765250,664e044e9ef9b83e0aa3098e3476069e2c3819a0f7e25fe4f724719474a39210,True,True
715,120867,1c44affe91c95d083675e6e0c7608af048b8100b1607790c24d30d676a244b9d,True,True
716,984426,b8b9ddf9cb7a619aca21cb1779e3fbfdf6e854f8ea7d86c56794efacaf64b719,True,True
717,915573,0f710ddd7af384d514697a8ce22e44702a817488228cc071dc377e27c4947411,True,True
718,243078,728a99d2b6433172f0e7974d6a33e093bb533dc0bf1adda1b0aa353694a8d93d,True,True
719,411726,99912161eb9b1f331871f122e5951ce2b06fb5a15d633c62fe51e410cf5aeca6,True,True
720,531105,9abaa351e295fed175e6e43985cde0a7d7e5b15c8450db316c3ac3eae3d42490,True,True
721,155530,f3229c4efc51880483342281de575c27629850ed3a4ebd0f336dd306dfe51a1d,True,True
722,653644,f082b53d3433685dfdba04313a57881c307c60d96fe31c723622a952603825e5,True,True
723,965718,a3f7e802dd76412348d0ab8a11e137063846c92ce92a94ce7af128b555815941,True,True
724,857685,6950ebdee86e6ed530217e1b46a62aa01f8d17fb133be2e6245ce1a677cb3c62,True,True
725,547549,f03988544e63dedf5864eb78986acfd0f4e4882c035d179f0fd113a9a567ee7f,True,True
726,787837,b6aa268ebd318539685d5c0213e3aba4254681b2da95cad617bf947c9ed6c14d,True,True
727,599768,2af90f9f5849351c0b03f039f8128214fb066839a3be5a2a0d2fdb707fa088f4,True,True
728,132345,40cce6bd1a1e00426d43d033431f2f20293f7e3cc8e32c521340f3cf8684ac2b,True,True
729,658523,453b697421f692fa079492b2c09554c2869e5154714ebf486aac00c64b70f52b,True,True
730,118633,98dec6a6c529411608a53ba2c3b555652e9f1ee4b110da6138dabf0ed9c76e39,True,True
731,795996,81e34142b183caf5860a4210d871d51633112cb52f143a3e33c48d50593ddc03,True,True
732,378505,f4021d4d9a1ad5b398b567776df04b0d2587cf53c6ee406d3791dde3eff0b4d4,True,True
733,404949,a4b41a827ba41d5721313d129a5c0fd8669a01a27ecfd84d058ff21d4c83a6b0,True,True
734,450419,14ab74ad379c89f188053aec0366ddea3f0a2becc8aae451d12f726601b2adc9,True,True
735,062746,cc4a94848108ec73eda42081cf94fc3e91984e5c09f4e335438289ab6d8f3946,True,True
736,794110,b4d28743d0ee2925cde693c918f5926a4e528d4784450a6426803777be7bdd29,True,True
737,146675,5d6e1b394880d8c0f2cf681af4ba7ceee48bee9f18033bc8a73d524017fe0213,True,True
738,214992,9b575861f1d68cf78198ce7f819627937fba97715796040eb1044aaeed0c01d3,True,True
739,192606,8c31ffcb817765a0d44266ba65396fa8097daeb188b0b3c7eab95e7c91dcc01b,True,True
740,551145,68fc2aea8d168ff2eda71eaebc19acc3e4e32de0274f10a74f8e20086e631f0b,True,True
741,676557,6c439fb23bde3c49f44c099f3c33deba0e925638f29c539aa31eb5f972207105,True,True
742,262309,871b03ea6ad6ea75831b02419506915473a978391a533ea7411122b7285f3f4c,True,True
743,552251,c6e60c16e81d17eca83627a137137c79dae5b3255e15449816c510a18c783ec1,True,True
744,156335,f455eb319043a0d308ec4ddf0e93cb96f180973a6b7c4f48ef5657e7f3f019cf,True,True
745,040613,8f31776462e5cea447a11543391bdfd05be3f69cf8c9ba2d82837953e3c557a3,True,True
746,770432,b01a72a7f2357197dae66d2459b0ab6d999371f747fcac16529e2c3cdb290ca4,True,True
747,723787,a613a3b074dad16fe0481f501ac7c828359f8084e042cbf4a68fb50d5057a462,True,True
748,480278,98228fbd33e2c5f65df43f512ff694ddb7dfbd1db7288ec3474fbdb6656ed0e1,True,True
749,267581,d44e7fbc5b36b704a1d8259ada7834dba2d34657e6dcee3c256ac46aaf32e377,True,True
750,011232,663f1cf6f8667f939ff2e594958abb93a2f29ef3a3d58d31aa7ce782abab7f77,True,True
751,537139,465a385361b96fe8321c62484743838ab2876e0de08d0a9802f7823cd6321b47,True,True
752,827077,f35626163f604efdddddd3cbc938abc1cf519840c50672f61561f18f0359993d,True,True
753,362379,f1235a768fe1e1f1556bde1bc118203d0e156258eff590e47aae770c91283c8d,True,True
754,964536,f81efec04bfe367b30756f17dd333d16c89862484c2b1cce7c55bfc59d1f7d95,True,True
755,900507,79afd711baedf36a91feb967645f14a3d2a2804c4619ebb7c1cf8443905e212b,True,True
756,589511,ac29c4382955b16284aefe7fa11b7774a0c2783f279cbe37a2cc5f3b91ca022d,True,True
757,579879,76fdb54d469b8bb82e4e84dffe57e5b603d2a5253e5f9d2acc8dd9c00c80774d,True,True
758,624000,60a93b9be1726192cd4107d45660edd9035ec4645624e0f8bac19237c09014c1,True,True
759,304899,61d17e2ac16fd90f416fbfb8c5e521bce25aa52875b240b7e07797586da57e6d,True,True
760,574581,e69373fcbd58af1bad26f807a7c2d440e46af722ec5076e55cf3b7c96374b500,True,True
761,127645,f7a5c810bff5c943dd1eedff44c6de9330dd829505d7559cde53f74764d4f8cd,True,True
762,220167,9246049fdb6a2e52b41954d455c7b174167ebef67778721772b1a52f1fd0274b,True,True
763,919312,8656dcb33dfacdf9a8eb5e75811f0ebb56c721a19f19ad8dc6670730e0a2532f,True,True
764,633997,55dbb99701fbfffe595eebb455b87836b721a2eccd881780e89875e74644f824,True,True
765,769983,df3b65489cb9cb5b863966693aef3da8706226c6926b0ce436f510e6dea54a3b,True,True
766,522295,a0953a4cebde5a021554c6a79cef3c56d3a8e0f38b37aac2e523fe976e3d28fe,True,True
767,401662,a6a6351004856ae27c9a98adde7f11d0cf7de0afb95e241d697f1441b801c17d,True,True
768,236299,8c07a688dcdf2dd818a4c6260a3d534ab898c6a6f8fffb641962d08af5060128,True,True
769,645105,e9007ca2079a4fcbeb9e0b1dc75d06fa5eeed114dfe5da78cc28a431fb7f528e,True,True
770,022319,20b1ef68396f34c47a12ff7f51346d2a395ed78e884735b648fefaf536ae7bf5,True,True
771,890313,dae2a43342a612a3bb91454c1387d9261351a17820d59ac70cd5f61293ff22b5,True,True
772,986569,2b146594857c2db24bd837ac045af3cda5a49961df26aaeb5b1c0fffc7b0f6a7,True,True
773,769611,7c431c7f3abfee40c0a1a0ada672760a8d481f97e0cdee178d83e9572ea59bb8,True,True
774,154367,bcb5123b02f96282b575ed5f3fe823bfffbc2c6d819c1b8111277ae7709d6c3b,True,True
775,238730,addb92a040e4754bb2519b26816b5d8e38bdee808dbd623022b1db1d79deaedc,True,True
776,717451,0c8c2fd610c066dbf849a3fa94aeaeece457d756aec2a4528f59563602a23da4,True,True
777,687303,56aea54cbce6f9849042d85af8668a2a1e00d563ce13be32d46445286c0d38f8,True,True
778,509844,dd3af4c20bb6c2cf19d488b1b1c34356129c59759f0dca401bb5c9d6c44a3083,True,True
779,351991,e8dc8d89b762359c63c88b40cd3347a3f9d39587332af7077e095fe31c0e68cf,True,True
780,424062,0fe06ba2de8448853f565957a22f3642abafdcca5e2bca969894e13db370c7af,True,True
781,286653,a75cfc86ec67607c4dc76fc503ef0ec50599644e524177c9d6a598ca9f8557b0,True,True
782,123696,b3c76484309e1247c3bd44fe91d05900d7325a76726b03e84c9677f3610f919d,True,True
783,107575,21f86ccdb03972b777de38a59242f5cadcd0422101042e34f05fbaef9cf7dd92,True,True
784,588304,3995b88a86c783dc85cf599c04520f89e80184942cb5f9a78ed12df99649316e,True,True
785,305959,bc6d8d88e1b07adbbdfecfa43c97def2065922ddb6cd14375efc28d38cb2d218,True,True
786,473738,d50783655b97a321ebf743064230eb888b7d9966a4b540af3f0addadd84fa8f0,True,True
787,153833,a2dd8641e56e8b9b4a7b228f75d6f51dc39bd4090307220b0ca9dc8799d1e77c,True,True
788,278001,596a4b83d7083584c252789598322ae47aa178e2847213a63b6ad19d3f353041,True,True
789,996285,a32a63017cca72c37117042390f17022d2894dc46e9bb90234a75a3d84d3af64,True,True
790,201251,c5411d8f1da4cf2f271b44285f1a0b5fa9be8a1aecf68107d1f6b249d67c9111,True,True
791,338109,b5cc7f7c1545accb9a10b7a86e19ecbd7d456e79950d8d73a027e871fe9ac826,True,True
792,972848,fcab1db3f06101593d5952249e0f9811c4ada4169161f93afa3d7eb9873c5ba9,True,True
793,949725,42470c4a5c05b5b22d277933bdf45bdc4f5f7416f90fd8e2cece356ae9727114,True,True
794,245544,1a13884a0733e048dd87cdd1233b53d172ca4fa734b23cda4a465d3bfc874851,True,True
795,240431,2ac36f61029cf9e2255821c8228b35728379f5b91bb99ecd2280155d2074166b,True,True
796,715686,1a49ae6afb8bac33b4eb66a13afa5bf43dfd484c3cf2f77ad2aaeebbf96dbf8c,True,True
797,793970,5dfb473932de59e566335387915537faa2a326c9c23ed386aa7e62f2d7c9e2c6,True,True
798,890796,06da6a2ccc0321dc22eabdb06607eb5289234ff6d02a922e662b68012e1970eb,True,True
799,554614,f09a9d8ec24f46207f5e32d32fb1ffd074f360b7acdb39b0e13bf61ef0eab3fd,True,True
800,414979,7acde2e2da058f9613e2d906b8dd8b775ef233739cd9c7b4b80856f841bc7efd,True,True
801,832232,0426abad2bec858b7cbdbfcc6b23dafcfacabde5db96729906291df76088f38f,True,True
802,024894,d91892021dc069bad7e966fc44371ffe88cb51c3f9a9acd5e601344719cfff49,True,True
803,986382,3ef501ee94d49358bff94daf334849e9402404b896e837d53c89c4e031bfd7d2,True,True
804,679433,4f95728cd62581a30f79b0b930af8de04b802efd4d6c6ace07722a757aaf435b,True,True
805,754469,a9f67adc7b489f847a202ab1f43129b04d1134a9debdd9be7531460aecbcd29a,True,True
806,079146,9f7c7f2ccfe12a114f4c833cf5bef8808216c6529cdef9d366911c9688803787,True,True
807,538067,03265f74739a16f69dfe069c59ded326a54e8b0a1feaf61add550987bddd1911,True,True
808,688241,92423cf93eccf6e9585850991d47996cacc90dadaecb15de517b4ae59c28a174,True,True
809,479637,629df899f6059372b62324bb6a09e16cfd120f08dc4e64edf4e3cd6eb99fabbb,True,True
810,304174,5f8427a80bac2f61116635886a465ce6bfef0e919d43e85b6a0cce65880f73cf,True,True
811,562393,5518352f4073514326c195d9134d69934e6b47ab21d1a7395236a866e554aadb,True,True
812,156953,a093222b007a6fdf9ed746709c9fdba13ab2fb3b90a718b673fee3c69d1d6e88,True,True
813,241292,8ea8e0e27707caac40d05088a4b08d700148b3781c031f76c818a49d7063950d,True,True
814,752244,4b521ed51bf47eeedb81588cb070e0362131c492922ed6d96e3ab4268064342a,True,True
815,977449,09fec12e1ab235bed8936ab2d77e64309605d02503957ff2ad5a4029022383e4,True,True
816,827633,524900d100b80b9efda75031ca8a1b3174852c2616df8b63d78febb977a2c9e9,True,True
817,259346,4605561b9da0d2f0270ca0da1e15422b06673b4445f89ac9a9da712ff83a99fb,True,True
818,464678,6b42f8aab82f83d9c4aafdeac4e21b95a5506b2dd5b41fce8d0f8c6ec1b4d7be,True,True
819,418627,8170e5adae378a2014cff1e1dac46f6a06e6869ba0f80109babac837997043b5,True,True
820,274057,5b30b88bbd0fa80685b2801acf12b0ace5747d74692404e46ab73cf37c64d9f0,True,True
821,853521,27fca645e25f24add225b339c2daab18a35275030e4833a2bec12ff17215f76c,True,True
822,424710,b326123067f9b984e98a906a539dba66295fede29eeb3610cd62e1c7664883db,True,True
823,696326,ff44665252ab4317699e6bf86bdff79eae466835ef91b5a4f430d6df0326cd57,True,True
824,675154,62266f5512a7c286459b959bdd86a415f789b75b7a5f272e77b7671c194b14a3,True,True
825,034062,42a246cdc7580f23af243c1610923440bce3431a34c0d74dba66f0a2443fdc1e,True,True
826,191850,73d0a21e12734d091c6eddda3b70f529a1938bce25bbc864947d710a3ed963d0,True,True
827,205492,fbb983ed76aee6a738a2f35a407d117f0589811a284d2a0a30e5b31b20b47b5f,True,True
828,847404,d5ee2ce81ef6e77e2ac7d742bdc1319a32af948a9092a88d7390a98e3f29828b,True,True
829,930658,862f176ed50ec7e211301f56122893d33b1ae18df4a3ed9fdc5462785a9fd65b,True,True
830,081065,82dbbbea2edecf5d2c86b384acb1f3ec2378952185e23d34a3bb345dde9d9f8e,True,True
831,610654,8017efe546f94aa1e63c8bc906969cb9ff708fc995f957b22bdc3a957b777211,True,True
832,334444,034b44e519d0d7434aeff298b6219e0e291f55753048b20cdf661b089d786f61,True,True
833,116306,a38322c13f15271c6520d2dbeecbdea8fcdb6cf59431f0d1a424edc33c44b311,True,True
834,410587,f9cbb8f64ef33796d5f771848718ebca94e72c63c88497feb0002b82d82f628a,True,True
835,513423,60b829173c2916475e51d3babf595e011ff0595e6a500171e66057b19a8ce2e4,True,True
836,750115,977b56c20d8fcfdc014e055b3f47409b8bc40aced4185139a412da22b68a8f7e,True,True
837,702000,4204ba4b5c69fae6df43ce82fe67ded3ab64d33a26ad1564a4796c700f9d3349,True,True
838,739262,8084b0a0d8ba7bbe6c89a3d424ba84906f22d15eca02751ae2133ea339f82200,True,True
839,475304,1f145610b03468fe66fc7dc401358af18f5f5a8177c5e5e77e5731e5eaeb48b7,True,True
840,026096,48cc667d72f7ee17da6c139fe9bc3acb696419f10edabcaa7b042cc5fdc26a69,True,True
841,366464,1e7709cf2eca67b4bec2a72511a8627cdda6ab6de26eb73ca9a9b2262ca2f008,True,True
842,228484,cebbbe24e63357a8745a6444bec23921b00cd2a93f3602bc65f567bf2ae5ba75,True,True
843,023965,af6958c8f2f5a99e3a7a8381e79f08a8961bc8a5548dde6ef612e2c0bacddfa7,True,True
844,106357,04390572d14a80962a8b8213de6779a5d52f9bc7e7e0aca841c14a17a8bf8267,True,True
845,890663,60fdbef0b1831c0b14455e5e3f0bf231d23518f51c49ebb9e519dc49750d64d4,True,True
846,892979,8857588e25a89dbc6cb220b3bd8f951824f8467ef731a672eef5fe21f686bcc3,True,True
847,657627,cb177b00f5795031d060a5e2d91c234c5c49b4bec45a300ce3d252c4f93f9d21,True,True
848,499086,9bd8569e4f2742892f8956baea7925593c87fdbfa05a7bd22514f15ef28dbd73,True,True
849,294544,66857a1fb4852a8cb1bcdce30cad5c61526c7a3231f437f0ed6912bc0ca6890d,True,True
850,451945,569de72ae200bb78bac49c78b0fef561ab867600d1c5553dc92735e85bea25ab,True,True
851,114425,fed66293e3658a20b22b6b847bd775bfa6c142aff1fd4cf675e10721305aea86,True,True
852,301687,f05038ec32e89b9cdcfefcd02708507462425e5bc5d0c34a0b84cc4a1d6bfedb,True,True
853,311579,7660338c7b4d9e82806dd542b94ba99c52c7e44a7b90456d5dc572855d0686f2,True,True
854,696693,f0f8aaa4eb578b6c02992779e4516f20ae97d32ac1f790cbaccc109ce52eaf72,True,True
855,061220,121e5112b4832412e62bc61ca13e8c5019790d0d6b81064b35f3783ecf91e63d,True,True
856,687924,afc26d414cacbc422f107411c73d71cbfd879edecca875852f2d65682e6e1b22,True,True
857,180280,64c66c07409d62a7ab5d32e468c2ae87f889aa5649b0ab0d7ec3430ff5b6e9f3,True,True
858,666865,6b879889e4475012631960e7ce169e9a205ddc46d2ec73fce99a48b2f6daad37,True,True
859,255427,e8c1516dd6521053decd014bf339fbae8d62f1742b2d0a64236787ff9bde1211,True,True
860,236712,fd25adde4404fa1eb7c65b261bf4be6dac65ca4d0b0371e67f2ebe4b5569c5cf,True,True
861,956860,7c0f6ceee4f2289ac6394bb6f14ac8f1d16013a0b5f56632fdf4ebb31189bfb1,True,True
862,472984,5af375ba342abd1fb89ce4737a6b2847c8ada4a5a29a31a1e675460ebf140203,True,True
863,245643,2f35ffc647cf27ff718a4317c69c8487667827e5855dec11b6707864eb9c0266,True,True
864,219983,d8ff57ae9e9614b82ac88595bd7a0b626bc07bce0936319029fcce3025cab820,True,True
865,567561,e90c786ba574ca9a54c456143ed1040c99e24464f40f787fa79df5d61ad05df5,True,True
866,552661,df721e51d17df8570b34d6ea1de7674f33a2e5b5e5544061ce6e37a1d69dccdc,True,True
867,366020,2cb2fdbb55111eb73a42aeb1efa30d57b7014da9004a55ed929bd4f5b815a753,True,True
868,007799,d0a7779666779ddcc990f30a6412cd37a47e9e3d32221531275fba67321438d9,True,True
869,222215,d282d5f6560bd5d91cf74f0562d87be6493624b0fc661d8d90d2688800223343,True,True
870,838899,cb4d1dac28c95b582f7b90d6096ba01105ebbed8f18c027b9070fff4b93104dd,True,True
871,328754,3c102a67f1523505c480d2ad3058f96eb539bde585352477db23999431b00544,True,True
872,777574,714fac083b487f7f96e28d7202b751cdbe7568d62d2d7021ea49dbe7b5ce98f3,True,True
873,744897,6f50afc4a45e049eb211f2a3fafc14f1e4e1739a7b62212014aad378a9e9d0cd,True,True
874,695787,f424623be1de6b687ce91f8038f6b5f57af81b9f054fbe8055b4d8cecacb6b74,True,True
875,673275,fe59e1849e872cac43de0e6ae0c495e052ab7ca4c8670e476ee3b72856a49d74,True,True
876,928853,8fd7670f471fde0a2e996057aaa3d830eac359f51a0c58080971b902495490f6,True,True
877,715941,ff5153de11e76467dab6f2a3095957587b6d530f1f454c6d27d447a4febd3aa7,True,True
878,863805,d7975ba34dda0e0f9d14a72383e2b29c9c6eaf406aa173595215e80dea54063c,True,True
879,285463,525af0eb2793e4bd57665867c1ec264e8d65de7d665d70ef68da201c1783695e,True,True
880,504983,145b12fab5f0fca225481629a49944c2ffeeadf141fb724970627d55cb53f58e,True,True
881,935155,9bb8ca24e4b8ea176d1f27631b21720d7efe0f7ab929ca9dc86a1676a890dee4,True,True
882,242018,0570b6bd2b9e18cd177b1debf2be909af62f6bcbeb77db9798aefb52b8ce7eec,True,True
883,439385,0754c9c26d49788a6ed3f4c0a4ad969445daa26f2a07f30f09b0c85062c07a32,True,True
884,354092,5cd2ceff2386650924614843f1faee98cbc725a3be29715833413062664690b6,True,True
885,048671,e5422f41bdc8d8718e52a375b9f95a48fd72629c430dad70179d799bf0a13f80,True,True
886,507726,8b51f82d7d368e8dffd09db01dc89c634c73bd2202eac983f075e1cda735521e,True,True
887,129831,24e0fa7258469cb1c0e0891e7192fd846f937b8c834da107fdc7076814ac18cd,True,True
888,659110,ac65c7e5626e380551be7f34f464803f41d26f21bfd9542dc1bec172e42c950d,True,True
889,612290,beb439d626fc38d9bc7ff95f71bc374145df6ad5b05a807f0465a77184aad761,True,True
890,527337,9088bd7b406a0a425c99096ad47ef1fb987480bf00beec14e89f0fe92973a643,True,True
891,698482,34d78a14218d0b298dd76f90028d2bdf8db89459014f5e31ea12d7affcd31681,True,True
892,159411,869c28660a6435d2ce209a76bcfb901b7e7377d7f768e60a778220ff87d5c607,True,True
893,677043,9d5b21bb974b9e118d81ac5f7a9edea1809b612347a69f05d00a4743f3babb36,True,True
894,921672,e58ac73d187d06309bd83dbca8d003071804dcd0ad0b653007f4c247b78fac6e,True,True
895,558480,96961187dc694ad8d812304a4603a95e5ad226c83a23794bf55b8cbec06abc2f,True,True
896,470245,c5bec2be62acf90bbbf097da52153cfed609ebaa0e5fab34ec64862d77681c28,True,True
897,553674,ff76a9c6703648b51a5ff14a8ff9e6186deda27d95d42b9e5f1dd510e4143b52,True,True
898,202932,ec6450fb3a9303011a48699495476503e7d9971b21a98e619cec05d4d8932eac,True,True
899,032209,d0b994b517d4ca338ef1fba9e034dbc61816d760aa08470e2b2ad7ba713c483c,True,True
900,436642,058f9a48cad3bd554fff7f27789a6fae138a153bec85acbb3355dee64cf12dfa,True,True
901,586263,efbcf3547b154b49dc33379c8e03798ff5adf79c1d0eb8ba3d67bd9854c57ad0,True,True
902,871475,e1fc467f798821b68f331860ff72074b8ccce1d179fc5d71dd58326bf4c9b0ef,True,True
903,557080,f77677cd7855be8022c0956790251954cc13e08c3590237fce76e5381008c58e,True,True
904,561799,4b2913d4f6d150a96cfb6f008efecc45a01b3a4a027ee4af5478729f3c29ae19,True,True
905,275915,cf9475ad9085400f3dead5e387b5e2412de1426df1b1b9dc66d3626d834e7ab2,True,True
906,436576,549d7ff7cad1661f7159f126816c0939403f61755c8a8cb26d0313484eacb8a4,True,True
907,906104,9081cb126f7479b7485e7967dcb3e56c13d3549c0e4b26e9897e6fe9702bdeaa,True,True
908,757985,ad3f1feefe600341cae36a5655f8fb85c60b88cd602a90e4cb4bac9a4eb2f513,True,True
909,358837,9e43da8562aa105f6c5eb65158e5337e37d45ad6eb4188400c17a0cbd6519f8f,True,True
910,319751,9d57bca6ebf9a4d7fa274966ffc12373aa14eebf6bc07c4d91683165a77fdd54,True,True
911,269729,199ea08e8edb60aa2e7bd20534cbcb95e5b87a1e74422d6f7df7ca56bbde9543,True,True
912,219983,04bb6ed0e12ed335edf87dc1fea38b4ae9db3cd0ec936e6892c4d21b7929d365,True,True
913,464510,a75bee67514fcb511776b23913f66946e7ae392f5b29764e4f8a6f872e40fc0b,True,True
914,976490,8ade5bc1732832caaa0916a211efba21be4dc2be1fdfb48804360475831b7de9,True,True
915,746121,8cbfc005971d1bb278ea381c3e9f4a38ba9fa2c54bacf0bcc0ca3a7316e24e1d,True,True
916,046448,5ac791ae1a50d15993285fab1b4ad1d7813db9adcbf96ffe240ae172092d12ce,True,True
917,768459,27284452d797da0b35a0d4c761973189e4c2161d39f987945682be3777e816da,True,True
918,208985,43cf20ddff1c8b00e8c18003205ffdbf8214896b5071ac7212bf321ecb3c212b,True,True
919,036039,d16db89a1ff13dc361d8a683fdb0f480aeac86925535425bb44847afba4dbbe5,True,True
920,199189,0d27479c53abbcfc4844c1fc5c2d27239f7745719547d824f184aeba7129bc18,True,True
921,485367,5096c6096c10cb74241aa028119949ffb26c9c1a7156fc587556fd7055c99675,True,True
922,814788,2b7bceb2db2d3f34fc1fcd59ffb347a68cd6a71b0071a0421d0460874fab3245,True,True
923,186987,e8ebde709ce6ee5cd7cd9d538c7e8f504752fb129c97f5faede61daaa82bd731,True,True
924,908321,1783527b1819ae32d1ea242fd356e037ffe7a0e929d155886ba6346bb1a68ed8,True,True
925,123739,5bc30f7ae47144cfa908fc610998973a33ec5cdf8c5279ff5d8b166d23993802,True,True
926,090217,d2d0ed4ec2dcf6ecb4303a9db698bb7d7fbb5ffe8a2e39760ecd1fb9c9029e1c,True,True
927,649251,31a428a75bd153587d9f734bf31f86f42a43b813bf56847b26dde61f1ca64930,True,True
928,146149,d122afc6f5d6b6712ad552c33aa2523ed593466c3fae812ef97f1a224e602f3c,True,True
929,841684,81c24532a6d0cec810c32f0db3ae3f8aa5156dd9acc72e4e64e2cf0e1ea83ec8,True,True
930,907856,8863637267ddd8a13333ee9740045a3e0c30ec2d1e703dec29b99156f015e54d,True,True
931,839581,70072e2a0f9560a4ccf281f90e58f0216f5651c9efab02b7b4ecd964357ee891,True,True
932,634401,48535ada6ea517b79bfd7421da09065e48f74f7eea5ddd6d62b87ec9acc92839,True,True
933,084859,caa36761be0b90f3035013b199a2747671aa0bd21fd4306da3ee462072594ec4,True,True
934,091690,7b4c91920ffa6ca95fb01209042799c21c782e6b3d3e776cf42e9cd29f7e7284,True,True
935,048534,aafc7e07b6da65c5fc1fa7557afda076de7630c7b03c977fbb836edf67ffab2b,True,True
936,198575,df0577cd30a50463d3045eb83064c96a9ffd774005afe7de15bc99334c623131,True,True
937,459409,34fc0fc5e6d2f0deb0a34b4f40ac9890046ca12660c29cf82f9b46602c8587aa,True,True
938,744318,e17b959a8c9a21058f3f4471182e3c9beae407042ad4c68de123c2ff78d593ea,True,True
939,462493,f94c5662a06599d7cfe40b091264f23d1fdd21a02fe99636aeabf76575793662,True,True
940,826334,f6fda63b9978b46474dd0acfd6f7c1b8caea9f82ce1f4edf2988be4de7baac64,True,True
941,524272,96d17434d4224f4d3b3540eb2cce8697632dc211b2d26869f6a51a0c9418d154,True,True
942,697208,e636756fca1e36be2e637b2553086cc4a2f9a75cc2b22693dc68bd2c7a1e7dcb,True,True
943,261771,ae6e883b5d37dcd54dd333792c4c04e5bf359fd7385f75e13dc5b9ebcc97dbba,True,True
944,578899,ea2c85c97da4ec8782aee253e15ae703d0026328a924033ab8669a265b72e397,True,True
945,407542,91bcb6045b571590501ce43415e260024a5060dfc30a5afe8a633a65655b03fe,True,True
946,789986,2abec385879801fbbd142b8bce781c689fa8e70960be0603f6a0adc6d9025b28,True,True
947,104930,4c4fea78da1be6a643dcfa1839a0ff638728aeaf02180cf74944b7ca9e5e2246,True,True
948,113361,e4eb5f2a2b9726b14fcf2f3851fef613c3fe993abebbf3b658d45eaabec6ce23,True,True
949,472237,75cfc9aa59343ca9a24ff11bc735c2f2fc95fa4038c2376633286513a4e6540e,True,True
950,878465,bd3bb7de7ce4e06c76f35ef8c48b7d838e7cf877a2872df13863fef6e906a569,True,True
951,325475,902ad33bd4c123900fa99d726bf6b9fd3395c9bdaa6abb77f9c4ee534e264521,True,True
952,933200,21b9422661376c707a27438d474144bf1b66f7a581cb64fdd5c6e16c6d9e7d28,True,True
953,553043,28ced10eb6d6f21c497067be211be17e5d9f6448e7aa204ffc2e1eebe7809661,True,True
954,221091,814b5b2ec73bee56bbe96e15655a3cfe118ef6dfb90ef0cdf70633184d6a7e42,True,True
955,181778,77c364b3b5fb343fa21384b10333f97d9d5d74aa3ee07cbf49a4c6a9852ef78a,True,True
956,665492,50ec1790af6ee30c1cc58589b468afdbbda969f28a0e49dc406832f18b5830ea,True,True
957,586911,5f445bf3f24df7e086f6b6e6e2a66def8e50367d0c95ce41facfbd9e31b3571a,True,True
958,911913,f1055ef5fabe63fee7676aa857fc3a9526d50b6432649ab2f2c5c7a52f688805,True,True
959,986371,3f741af0d4d3cd09f858114c111c559153dd3577a32128f7aa3e9acb9bcc0fb0,True,True
960,775962,3b6e4b43bdcf180e0b47f6b7b3212a85836408f041d153eae43c65dda71c0c2e,True,True
961,385581,ad9d2775f68317097d4f9d6c2daa7270e8bc95a39a2c51ec37f5eff5f9ef0ab7,True,True
962,678802,d04d8fb5115dc24dab64601c287eea6b71bd56e36bf0d8bc09d462bdf5efa1e3,True,True
963,740962,5b2b6e985f4206bdbdb9ed65deac7f2d2698f16168660507eebb2bf79c0f59db,True,True
964,190597,e3d63459e7c63ddf7337045aa6f15dc5a0b51245f8860afede2fbd2261e5435c,True,True
965,007159,8929c734daf3c4bcf728e28ad49d2e9c319b668aaedca95065bd2dceae42505c,True,True
966,702099,7284bec1ed8e2e33cddb02db29d35975be4c73ec188984d4628ff3beb04cab49,True,True
967,091593,495c5780719520043bc8cf4bfe7c9dfe7ee6306f814ae9911e120f2e06f2e402,True,True
968,315547,63c5ed3a132623df8961038cd2d1212f3ee0a959c4759c2e9296f80d6d8f06a9,True,True
969,484864,20a95566c0ba56b50d39cf5a088e592492f3876d73bc2cbd4584f3b78dcf7acd,True,True
970,615306,e31e18b8aa5fb870c2e8fb7663e3550191d1550bb79c14ca03b04c649ac46615,True,True
971,511377,d11af9cfd0563108297f33bf040773564930939b1c09deda4a26fcddc809371f,True,True
972,848774,94117c2e8bc55a7d558344b64a56baddb11753f3d3a49620fd7ac526dcdb11fb,True,True
973,434292,5e2f36fc24408f19adc5b47304adfb250f8f7bb701467138230a68d0a8c37495,True,True
974,098069,c0bfd844f2b6821e1842795ca00aebd137b200c22b574fff20561a40dc320a9c,True,True
975,817507,067d944adb26624f75e6606605534afdf8f6eb981a0b819451d2622011964ec0,True,True
976,493821,05575774b7a8b90b16aeae28fd7185e77fab084e88fb037669af283e644ff8df,True,True
977,526212,1277dd72293c1d82f52f2b94bfea2f0b80a6e3d5da70e16b08d1210bd8841139,True,True
978,436279,b57ab4412e761311770d3205e1aadb651191374bb6ff48a8825c4d561b0106cc,True,True
979,627279,6283d82361ca518b2384a91d7bccfafb0aebc2d9857bd37db35363c838e93ba6,True,True
980,690313,fc1a03f1d2265ee30b3e924d4879905bc048b5fd440b4f55935900b0f1635a49,True,True
981,672340,0a4f2454b6d028ee228101c9674786805dac6a4243041527471772b594b2c966,True,True
982,373558,6f631d288b1cf56212231ce772944caa70b8049f934254d989c45835d38f6a05,True,True
983,312727,efe29b92636433271c8977303e4f100a70bbdb2487a2b3a9541d78807900b380,True,True
984,590621,0ee455895444cfbf32a186c8c373af11568702b58feca651d65a1b3693dd0a7a,True,True
985,164251,a13d20e3ae61e1ad3a7c793dd2a1c627c2470ded2379c5aa8d888ea120a55cd8,True,True
986,259256,3cce399f612b7fab2294e137e5b49497f3f8c4ef875f940e4a1a8ff2695fbdd5,True,True
987,817770,3d3c424d50d3e806d7e7a33d4f3c984721fcec81f1ff6a142f1fb46a0c6ce52c,True,True
988,507093,caf3b4e9de82b5d041bc3de54b2c0ae8b66e5f184d10bda9e8c1a8e3f7a62e39,True,True
989,749510,8ee2c71e907808a01cf01b406d3570dc74906d6866894e9b440d0ad57b9d8998,True,True
990,530646,418776c91216cd0c599ac9dc2c026f7eb9dbdfb43519dfce0244b89c5b106135,True,True
991,463039,e85823d230af3814f8a6b2d90547be6803973dc578442867f4af511748509839,True,True
992,955646,3a0d98500a0682d23fa228601cdffbd7385b5516293d4e42f6b63185085f3afc,True,True
993,052551,cd5d0ea7de00a23f8ac87ceca45bd614672e9e114a72f4ce7b5b63a94a9643ef,True,True
994,237801,80c0974ad2e008e0b4e833098f6cf98473eeead07c34f1b8e3111727616a9dfc,True,True
995,697012,2ebb1d5dd3aaa9f7d5ba603e422974f8b7432ef3570e108633329a81ba21b876,True,True
996,097156,03bf10bf8fe7d86fcdfdd17e620d551b31689f825b47b15050e3e301a17de06a,True,True
997,607161,c327954bc968005792ff7aec43473cb7280548a7d98fb62cfadd0e6aac27b552,True,True
998,114647,468d4659643d038babb8741c1148b10848835ba7c5b9e43aedb8f610332718e7,True,True
999,974812,4c20407ad9f1abc88bccd7c93e929879e541c24abdb2d3ae8f09d7bdff7188b6,True,True
1000,076180,a671a1a12a7775d08f2cb0b1b14f48f2b38b275b50f46ef9a360eb82eeb189a7,True,True
1001,817148,aa05cbe696516b8aa86a639756340718f7f6d16a57d523a3c815e2500b8a7e92,True,True
1002,694310,322c25b3dc697e8616abc88ec72f39e519bd2abd1403144e9423c4e7d2e6b14b,True,True
1003,327057,ac4b2285e071e088010de8dcdea473c410c608829494893ffae5438eb2e6b2ad,True,True
1004,794835,573e31e3e7eae0d7c1ccbf10f72b9c7d917d71222ece99fce84baa6d0ae10efd,True,True
1005,596968,a767320580981f0a8cf82f7cc978d28b95e512fa8554869bda17d66da1582139,True,True
1006,571781,72bb16c73f4feab617e2c2c1b338ddde6868b12a6f3cf8b96b55ac3c8702a430,True,True
1007,760641,0669ade1a36594b12103a5d96226b5eb423845da260ad232696e34d45979ec3c,True,True
1008,215850,7ae2bcd9e89d86ab8a34fb50e30a49acc5ecb8e6023b1c97a23ae2977742456b,True,True
1009,494450,7cb4d5d4b27bcafb9172efcc18c9215c03f4c1cc459470f812eac6826de29598,True,True
1010,130518,b7a675a11930e504d45106e7eb70e86b47b3a0e925628d5768d3944a785e61ab,True,True
1011,012834,2537ec1e7d715cc4d4ce7191483011987812a0e248f7ddee77944ba102bb63df,True,True
1012,934593,8b91835ae0a30547d1b70434f06d9472995bcbf7f1953b21cb5fae27ef7282df,True,True
1013,228940,7d50bd8934db4936d702c36e6476c20989a0ca1005449585abff47504a900b3a,True,True
1014,514048,49bbb84b2b5e7397e403d190c10266175ac763d45d19fd606a039361ff350077,True,True
1015,378557,e5525150342f058ed9bf696cffd92fabab7a5e72b12d82dbd60b0aacf6eb8752,True,True
1016,287212,1b2e6c45343787453bd5e1ee36bbe4520db91222b7e476b08547f2b7c8615d1c,True,True
1017,938750,6acd9d5335c35ebe6ce3c27bf0eb467763f0525c8ae6f42515f12ae0f4d2bd94,True,True
1018,315225,4847bbebf43c9b9f00e6066452e4c506bf3d098b2a7f86318640fa4d3f93fa7c,True,True
1019,073745,a736acfcae0e19909046f80d9e271d846469e0b0eab0b524cb9534baa6e158bd,True,True
1020,138203,d1b1bcf9584c002e03da4127dc2b9e42d3a10a01aa8080551c61fe39b4bf5e1f,True,True
1021,845435,f91eb90ba442fe1c85f6a9597b6d500908f4e166fe73a8cefd1251f4d8d63783,True,True
1022,250433,b92af0df2c0cb5423b40d99c34f3eb50addcdcebf508ae08aa7be9957093f85d,True,True
1023,614708,7e9ee3c14ebe0dc729c08e880800c73b0911b202811a40eac4892888a0dc8529,True,True
1024,664032,0128221b59151cf3e3c175a115ced442df0eaa4009a74df6c14c194a8f287b19,True,True
1025,300896,3f5df700f96ede67c8732419e27ba5107b941b4648eaf59ff68adbbf3172a9ac,True,True
1026,321775,51664e9e7f9a39aec5cb2d4e38d9d8ee54bfb51d9784d6c844822ef8108a585e,True,True
1027,204031,43bfc936e4e6733bb9b4a93f4ea810eaa7268a63a71bd9919cddd387ffad56ef,True,True
1028,330075,c00f9f25bb73b010e7d78269ce1a452db9972cd7bb48cf1027569a37a413a514,True,True
1029,385235,57e67a184ff4cb6e3807950c24e1d73c1118c46b14d7c0807ccfb8955feabd75,True,True
1030,758124,a21f1b0f4f6c0c533e33951c6254cea6b631186ade79d356f4aa2cc038433028,True,True
1031,108235,44d4715b7dd6fc9c7fccaa9aac158462c9afa7da502ce3c4cede143f4cd6a0c3,True,True
1032,356344,28287c7b580e042521607ebc24aaa390a2225316e3e4580b1c809060863c30cd,True,True
1033,793234,23259d11eb4f2ea53f4d718fa3141a939d50cda5c28d74f34b4d1d777a319c4c,True,True
1034,357428,ce98e4ea74321e5fb8bbc8fcf10f619e74d4cfe086155ec678d7cbec5c42e7e9,True,True
1035,414629,1e17b1bcefc924baabccdf24a1e245b46b42fa59437c98056257c6ebfa2865a9,True,True
1036,307189,9ad9cbf700843e049ca6932dc9d598dc21c6ab6de8c1a3110bedf4e9c0f5c773,True,True
1037,554738,763da666544c4e216bd78aca0f11354959242549c022753c3c46c44f652fecb7,True,True
1038,177956,6260c21415704b5b23a6cb6e5afdcca0afb23b5cce1d12ca461997c6192d9acb,True,True
1039,948825,dc657989a6d346b2109a9501a3f789e86a405db4255e016b234370a8cb1693af,True,True
1040,324090,b07a4a3300261503edf9295a3bd09d924c1035c8dd48c2ff89093c560029420f,True,True
1041,614221,eb224786ff4c5d51600c0bafaedfd6e9fb968bf51baef37815de2ff9c10e302e,True,True
1042,206160,ddd7d43af212b0961ad6b3e1eeddaf9dbd44e1517597f8cdd39ea63aefa1d892,True,True
1043,677529,c16af8a788f7a50dda1f14afcee7a097f433b7286056e02823222c4877928889,True,True
1044,788938,d07845ebfe33d5ba8e7a433f110a7ed7b1ef5118b2b6598f5cd1fc6e46c8dc3d,True,True
1045,296057,3eb3046558a00856ed5c89650b856e64597a4ef4a02da5e731b44be4792a765d,True,True
1046,361938,7f4f08af3a11b772f9db5ffbb490d94cfc12acf0e0c98af790d82021fdbe43d1,True,True
1047,203748,40ef8b3abd44a59eb930134f1e7cb8871d4a4d3e5a6b0f19f3af3067d8390ed4,True,True
1048,694726,38a7ca03a29e0f9191d6e2ae252ca49321acc1bf46a35f9d6636bd1f66a0b47b,True,True
1049,587781,40f5fe79a1ccff8afa7d976e4864d3c69328b56cb2d4a5c40c051b96af27b8cf,True,True
1050,671731,c4f09de359108d31cdec54f6a9a98dfe445b0e029b306d97b1061fbf8c21d394,True,True
1051,150691,b228a43bcffc2267cee1541ddaebd8c75f400b45afc81b564cc93b6c6813d091,True,True
1052,078708,5ad9625fadb0e9487b13b609514788a7c90433c6f22b4ba4fd1b32f38a0bea24,True,True
1053,466740,c1f2cbe0c7a52aa563468bcb34c80c258da3fef13edbea18c8fc19aa62ee5f49,True,True
1054,184844,35f4d8a7f4ce63c31d0a7ae94071e0498cf8cb0a3efccc88c72ce0d64d295a5f,True,True
1055,256495,05751aad67965e7133685f3ba4e79da026006fefb16e9b85c2d10853c6e9e828,True,True
1056,575311,993ab2f38894c8608384cd38e12d843c165c2f9b40ac9f01ecb0fddd9165c645,True,True
1057,864847,0a3844aa12c8e59a6ebce76afb7514f7035f4c5f1fd4c2128ea15e8b8af7bb0e,True,True
1058,389977,05927d7224c0881160f2eab6c47dab1d461cb169640b40fc831b99c17abf07b1,True,True
1059,464251,8753841e9415780846e390a87e2fce70034fa2e57a55a202866361c2c823ac6c,True,True
1060,012142,b715420d54e86327d135b6492f9ceceeec3d1aec008b83d20d681d0a31f63b6f,True,True
1061,186922,4489946574cf94b4ed517cd065214887d843b6e725f9328ab0eb645be98b14ec,True,True
1062,063139,da6b4593cd5da1e510bc9218067e56d7b9e2ed1e6644f788f4608cf30c0d7e59,True,True
1063,043551,82f9e45c4ba576bfebb4ee0de66ce340f262661f8d93c5e0b2542875a3624d4e,True,True
1064,404999,c448c875d3d5995bb56bfa08e5f11d29203b107354d1dec7100630f29a6d7788,True,True
1065,488708,bdcfacef7003aafd11acbf1ca4d0a853587992f132488117b9a0d0df604de4fa,True,True
1066,837270,91a2c7441c2d885882edb593c9aa35bd945651aea1fec646aa4e53946a5f355f,True,True
1067,249945,9c2186bc7b3d8529aba4e39951851a51d9382278f92495be7c792d762340220e,True,True
1068,958906,5b804125e0b86178a6ccd6c2495358835abbd39724af1fc9c835f2d1a82f4e36,True,True
1069,569607,2fe0b7cbc8183116c2cb533ae442694603688a3c01c27ac2d3205c794609dd03,True,True
1070,699105,6942571298e359378e61c5d68e8b41eae5a04c6fac95239663e8ecc000c2c5d9,True,True
1071,300385,a370c69d819209be48924338ccfdf79a618a8eff1f2815a834cd523dddccd42c,True,True
1072,386319,4dee1f8f578867902999c63d8ba412689aefdafe37aaa1c783370f150c8032f8,True,True
1073,192679,03a6033c4d44f8654a98c00a7d469858cc53b422bd570510c51ea3dafa6b325f,True,True
1074,388873,5f30194dc05e1215e87f9564e22b6ce839f56cf23dc793936308d4cfbea1a2b2,True,True
1075,056496,11d590feea140050d5b28d1e3d7185e5eb1fb15fad86fe56562c7857643d256c,True,True
1076,461543,b459011e537558d73281f7bd1d6ba75b58dfdd6b739a34cae915db5755b26e2c,True,True
1077,591540,2a79c59079c66daf2575c65c37ff88cdfc53778ea9123c705d5a47e705d9798e,True,True
1078,780326,1a3b1623d77c59bd9cd1f23ff30a786d5400601ec9e615cd7a97a51214cdd81e,True,True
1079,179658,a8d297d9745912afa3579fdc9c20f1d6240e035df8ac524f59041fde095e8d66,True,True
1080,015324,257fb07ad164766cbd6e2c1fa918c4a2e4df5b2a5109d7a851e03edd88abc7b8,True,True
1081,210237,9a78eedb82b6f0623daa9ebe3fd38cbe2785b737aa69522c5b25b98c1d2d1788,True,True
1082,710420,46262f3e2c42bfc007623db189295928d2cf836158211a0ee82b759911a52fed,True,True
1083,332343,2d777f64694c513225ca046056024e89cafaef0a6ae8cfd879240f16b93b91ab,True,True
1084,399396,a3f260baa6cf0f2a7e3579758335e3988ae1fc0c3265d460466cd2ec7355da65,True,True
1085,786902,a2a4d09dc1fbae64679b6bb5e9cdc3802aa213e259a1204c6a170917cb5ace29,True,True
1086,028197,2e3b6e96d28b6ba5ca16834dda46c47df2537e45ec471fb93c6ce53481391e08,True,True
1087,411764,e88759d9b2451ade5f1380d00211f783f0debeb3547141ad4256514cd7954649,True,True
1088,957428,7929dfb2c67e8f805976493fc692b867be26667aebe61aeb4ec61a6ea5aa8362,True,True
1089,815992,d78316a1ca6a8d6aad66422268741ba7ca00f00ad76ef638ef65b82d6ba600c6,True,True
1090,289803,0f6e22aa3164a6c947fa0771447dcac8954c52f4edba42ff2a2dc1f33a53f00f,True,True
1091,547529,de1917fd4dae1b71081c35b62fc007034fb6fc11bfecf1872f6abb06e385c580,True,True
1092,634959,291ab944415b58179884f588f508dd9ff17f9a3b92d10a9bad552732e3c7024c,True,True
1093,751801,7c169617df96cbd6031cc9bfe4ce7df199fe2e87c36ca78ef1503cb58a3be2dc,True,True
1094,962224,5bfe47d4265772271719e9512c6e7ae6d7e2233e3d0b8b706c32dae531637462,True,True
1095,661776,ccd55d1e6d9cb9c40f02943717e678c01b5963c0f466eabae670c80db6aa797b,True,True
1096,190638,cd7490af67891c4d5a1576168dbc690b90210d39578439646d7a68b6d00b500b,True,True
1097,360802,fd6805d2cdc51dc10df3a57b5d90ce9e5e6801c2606c2fe6b3a1996a45e47791,True,True
1098,082675,6cef7a78fc5ce6adfcb9aefc41ef2d888d61ab004ec090175250ca2f9ce83933,True,True
1099,277405,aa07b23bd710e075614898e0d4f63546db618426ddb3be819ef8a38f5365f335,True,True
1100,358588,0046050b9b7196761843dfe64a571c1b4df058a61bbce28381b5fafa2875853b,True,True
1101,482076,528f95a9917284b95a42455ee278748a7259409f0d6a3177f0c79c67887e28f2,True,True
1102,550413,f2c49a9cef7b3e8ffe0bb54a7ed94ba0a5b3b47853e3838bd81017eb8dbbb335,True,True
1103,067577,f8963891e50759224695f5104d46023c9ef875dfea68783de88702a6eb7763cf,True,True
1104,172740,2f232e2aed040899219f4f40a0eb43fa32f5b39d12111f335d532dc4c3b13df6,True,True
1105,454118,7cc776c774317bc4ba1086e04ef774f10ff376b4a32e97d3467b8e85bfa942c4,True,True
1106,128590,68e4463732fbb46886ff8e02125af77f771131bdbb299213f9cef828495566a3,True,True
1107,842091,b5ca9272acd1ad190bfa530c4f4782a6f0ab744019a8472873090dd41e1efd0b,True,True
1108,060354,8c40345c2ac132b93e25b5300182c21fccd916fb445d50d26b5da0d2cc4bdb8e,True,True
1109,017885,e93721c877ee0f407d00a9b85f59edd15cccb0b80f94914ffd01d51744e2584c,True,True
1110,867438,8f00b0cd8c28fbeed07f42556e4d3f4bceb0f0c4a74c54495c2a2dd659ab959e,True,True
1111,786397,b946f6e84aa0914c88b9f08be8ef349da6949df1ba75b07c9fb2cc5ff310b5b3,True,True
1112,563780,f2c8d2fc76e73c4dc1de42882344a612405b2f8a5769dda2ee2fb5dc93e1d18a,True,True
1113,649591,526fba35b824ac8de9bf6ad119d18277103ade935a2621f82aeeca6f65fcc315,True,True
1114,558294,5f8bf94b62b4a72df7af9ec1949bfbe3f29c9850e01529c12efd00376ccb69cd,True,True
1115,865492,4e7bf0148bec8a22b9053aad1e52cc281bf870c1be430157e616b38e00b4c6b1,True,True
1116,269798,d828a6471f0ecd8caf2075f67a2bcacf8c9fab9907656f59eeb8834681af599c,True,True
1117,417336,f2a992c68ec8d996577738adc4addeca4c965bfc97f04cc9436af77e9778efb0,True,True
1118,569181,3a44ad07ac63a8d16f6c0d3edc2011c9123314a00b883312afbb90ae4650368d,True,True
1119,425986,84530ddf340e64671a6a65ca17097b68194a455ef2a2f87b8b5ce9154f57523a,True,True
1120,272002,85fed1cd8105e7e557ebd1381f8fb769a5a584092c4444f118392819ecf89325,True,True
1121,109738,2126169ad24faaeb89678ed91235cdc45b4089caa2863fc7f25c6f6c22ffeb48,True,True
1122,094195,c7748fee65877e8869fce11e0569de58ece1ce3d5634a06ddced12b3fb444b07,True,True
1123,407835,2998ba94d7eaec14a8fca104a99a778fe560c1c25004cbc7c81aa059990d0cad,True,True
1124,741837,8e4b4017f11c988105a714a744a99ee3c9fe596ed806c011bce41527d342559f,True,True
1125,174103,62449a2be6591a05079a3a690677193b4ea2053362ee6742ca08c5eac7f3da90,True,True
1126,082899,428ceb2c4dab936f0438789b0391247f44e2c6b40060f8d81305d8d953f3cef7,True,True
1127,407795,0db98e4d744a2bdea2f9a426c6217b730e6895b5ff910e52fee6dd8c5885f330,True,True
1128,042822,1939275fa320440a33a763737ea771d9200fdb9c0618ae8410aa0951b0eefc36,True,True
1129,951338,fc5a53524bc1f1720a84dd270aa06034b281c1ccb06fa998fa858942e26e963b,True,True
1130,597546,82e1e3cba5f396647da66d0485594ba204bafddffeb73d9620460279daa1733e,True,True
1131,213681,7954a949c1e66c266e98041b5a4c299f17222541324252e35ace792f84db1c4a,True,True
1132,999269,97bf44321f353479b388726d1856135637b7246c0b792f3a1dc19e6d9d872f69,True,True
1133,256262,e72b7642d25682b7f5690291e7b528a82383dad67d4cc1f9b73b09d209dee7c2,True,True
1134,779381,e7a4e3de2dee59a197ef7c60557eaa4f78f8891d24356b9368cc799e4df1ec37,True,True
1135,494509,f713da14b45fa1633a65dd230b7760fa1b95c0b679df392e4626fc099c54244e,True,True
1136,172576,cd0e61ab0653a5b9370e940496bc087816069bfc36294b6e65a354edbc358879,True,True
1137,520605,9bbf55a9f77d103eea75e1f1b914e4e22c578334ee15054eaa06d12d6bd8905b,True,True
1138,363582,3f2c76f747fdc151add5ead226a60dea9a6f64bf5e3b01f0cdbbdfbc2b4b0a87,True,True
1139,905084,99e85ff2c2ba0ed2ced04a323fbb2e908f98b49f48238047cc976eeb2e041ee3,True,True
1140,777119,73c7aaa2374936ba4234a1f5447ae9a8c7e650601ef13138ccb847f6f0425799,True,True
1141,328051,2f7efaa4353142cc003a2463dd2d876d35576e440a71020fe275d7af9dec1036,True,True
1142,929568,633b0ee9f0406ae99b29dd3db1ea4419c0e034cd7395c832d47045a4420bd48d,True,True
1143,039730,6dd284b585e35bdab0a7749f6480409210e38cbeee110874d2cb2b4b69a99eee,True,True
1144,850743,e4895c61ab6d06ebcb356c776a31b747e220ad8e95260141bf6ec9b077fc7a78,True,True
1145,038555,b917c1ca58565ce3a11ccb45ddabd7dd55f51cc8a1e81f23ee7d3c532ae5a5da,True,True
1146,173132,ad02bc639eb4ca50d94b5c4e9f7729a0a6a74ff40ed19a0be0db2caaa14b8262,True,True
1147,145068,8904a545da8c0658d7f60c8ab7ac5c89ad0a7eb850fa0835a79aceff91bc5bbf,True,True
1148,158814,bcfbdcce0c4171c5e91fa1c056db619e254770ea83c8a724ea62ec651f8765e8,True,True
1149,028539,60016ebfab1a6850bb6e2d61e7fa125e842d27b60d5149274879131de65b2443,True,True
1150,770904,dd30ac4430829528f53a5243271d0dd020bea43f47b70f36d4985875d4776c49,True,True
1151,445838,eb8abf4643cc7aadea346f374c51dc4b87017d5def7328d496a123c3110d4a03,True,True
1152,763229,262100a273055cc35258a23b2d7505db954685027e2c991a6321ff0d0b667379,True,True
1153,163296,a8083e43ca3b6294448165bdbc97edcf99cf84c17b7e7e38787d83c21bb2d48b,True,True
1154,888184,8b0b87eb2f30062de81ec7aab234caf6c3ac5efc64989120bb7397abd9f0bd6f,True,True
1155,608166,a326bec273dccc714fa1c6f25a611a51798a994351a8e85e1fc97fd1653edc39,True,True
1156,614243,89accdff05c2ea0108510b4f12bbb0fed4e76cd6d65490eea17f71897866da35,True,True
1157,174230,34eb85fa38a0a00cac9b1fcb8f03044b19daa0e4ba5f6201c8512eea6d41f72f,True,True
1158,962843,262df67caf72644500a2b553487f1a1ff2f89246f22cf22d6deff6804b66ac14,True,True
1159,609308,79b0850aec64d32192a9c8aa917cdb92e022f58169e8b64040401fae184a0b36,True,True
1160,103837,af88765cf21471ce7d17fe6bf7c8ca8b8fb59a4095d74d4998cc1637fcd74162,True,True
1161,038744,43084d1878e31ca2e43320f8655664bab777a0dbfa7135fc96cc9fb36f52a480,True,True
1162,892927,d8a71dd0953658e6787431fad42734a4ddc3dba0b93ceb6c2f8f14592516b4c4,True,True
1163,689949,d652c152e1b6fe7e4362c11aff01f9cb4c82331540b18b95fc55a6ec7b09b73d,True,True
1164,977719,a627deca9f2afa8887e7f35cb1815657f5cd6ed58c9a3b4bab1302a8860ef18a,True,True
1165,535956,c7b08605f3ec1cdb1fcb25683aae52ce58457fccdd97acbd0ddaffac52cbd58b,True,True
1166,075317,dd7d9323044f6ce3cbd425a92448ee35b51c0969a3473ed0779db21199a011dc,True,True
1167,547658,f7100cb95ef5c6de62349e3252c2b997c73ae4c13e4853cd0185b7442a08560c,True,True
1168,803115,a6f9888353e1b5427b76a149c0863cf2b6a382e039fce7b78b2824b2e3f5e574,True,True
1169,926781,475669bbdd343f18f732ad7a0b85553d86cc36bbd6d531dc64c9b29416baa160,True,True
1170,373947,59c8c48e4d637b468b88bac6f0cd29a2eef7d79406cf044ae13a20260f7e9027,True,True
1171,374248,688e32faf227f0b14e11e5f87e986fb01f859a70086cec387b9041675f764065,True,True
1172,096655,a72a4d0c049a0e9706bb018de64a49ee0798cc1b91ca10ee56c81d808e3d5259,True,True
1173,281534,82d88722706a787a0e2b5aa9bf2c3d0102f78959c41f8b419a20673820243dba,True,True
1174,879451,5e01fc7e539f431c1bba1843ac0adecfe0f3fc119c6f185e69c3c2f746cc37f5,True,True
1175,019104,70a38dfd2a7041d3e6da31cee225b14118ab2f45f9fe15872c7076b09d2a8e26,True,True
1176,133548,2128df5ef797e751c620f68ab9180a502066f5c2fdb33f2cf6f5dc8f26dc46c1,True,True
1177,404720,f254a3c5ee199d6890faab8cab0eb4d3c9ad423bbf3241e1d6813425faf015cd,True,True
1178,708276,47a4327615c29fe52f4ef1c9783a2178b6d8c90a5356793d1f254697c8be9124,True,True
1179,120297,92c9afe6f2919ec0e7771af948fe35fe9adde466f9b465051757325eb0d48f21,True,True
1180,679599,476f1058917d7f4875c8f92925c218ab49451b3eaf1f2fe85649aba93b68e8bc,True,True
1181,321002,3015a68d0527b3a8e4fc84b5631d552fa9e256aeb374d653454d588a095d7bef,True,True
1182,057452,579e45fa108a0da24f5c8ed6a77427564a0add99aca17392be1ecf5b6c2d769c,True,True
1183,247718,bebae5dffddd746b440038f04829659b45a9f95506f9012813e42724a9f589af,True,True
1184,636339,19252af39b8c6d53dc5843d722a64c4427bca80f96a4cb23d5550860b9408e58,True,True
1185,464585,7f377c17774762a573c43859e8e1a092daf482b55dc69756f88d9d14a14dba0e,True,True
1186,706873,f2c7811a306c7896bb6d5803048c10b51b03fb6ee5792d3efe36a8d5697d3378,True,True
1187,913081,5127b6f2bebe2a9169d632f0dcc16aba7641e5affc0bc7a275a34f56e8772925,True,True
1188,497777,54961a3379deab9dfb9d0d7ff63c2c98efe6f3c5093a022cec72a0c5f2545317,True,True
1189,805311,ed0182d2f6676c66b0f1a8ca6544a3671551cbb043688bbe28b676adba24730b,True,True
1190,369210,2f79263a96a73eec93fea280c30c3e51e7394f4b9a0c308c39bfc61475681298,True,True
1191,930884,a881528593a6d9f4ef31752abb57c6d21ad728be7e395c0b595a0796d641ca1c,True,True
1192,015103,d0ed8b38e79e521c6c0e8af8e85f4057c9342abb78e93d0722f81d633ba45577,True,True
1193,091647,044e8b40d59ec392edb5cbd84937bb22e2bb7da657ef7a181155ba4a41228b09,True,True
1194,150033,0073e497f1fecc5830b8695b480494e6c5b7cb401c70ae4892f0aff25852178d,True,True
1195,687930,03330c8b7e19727f920c4c33ecd8fbe01c116c3ced7236992ff328a3182952de,True,True
1196,235095,69db4097e0d0f52b38e7241ff4e078dd95659fa538ec7289110f4db2c291b08b,True,True
1197,279120,32de4bb7b8e5f3277572aed52e41aca12bd4c02e4283196380317a00d768ca61,True,True
1198,163340,bd747dc4e3e731a3b228baafa2a3906e085a36557655b0626f976efa4116bdc6,True,True
1199,560475,1e397bd777e3c6ca4145cc37bfdfc493f8f1432300b58b2f5fb9a8e5280659b9,True,True
1200,839240,4a6ae5298c03e46f9ef62c06e948bca1e4abbb1e578858ed2aa2a34ff8474f63,True,True
1201,720111,11d285f9d6d8e872033ca2852b1b454f87b1268bad4d5ba519aa36492a8883e9,True,True
1202,043298,5b3006bd5224e458fdb45f0885c9ffa1f432f20737987491b1883110fa5ac1a4,True,True
1203,963831,4cdcb5af44d7c544cf72ccf767f205cf7b8f00329fbc4e0726e0cfa51936ea84,True,True
1204,853281,7f4c00fc8128f44398b3ddf8ba6ea7beaa25a3fa62189aad35496fd871b0e664,True,True
1205,012719,fcbd0da3a48c16a95a9d8c0153b6e6f0c355c28ba8ac8d3f603ed526bb2f3462,True,True
1206,058900,c8bdb776e77f27e51ae069db6b63bb81aae72bf064d426faddf42a34f4e38c21,True,True
1207,154848,6bc92ae28e3d68f9f9c9d97763263f183aee011c09f49025bf327322a26427e3,True,True
1208,235419,3e7565c342923f202a0c44bbff46e42c0b42172130f6b789125a0843e24553c5,True,True
1209,260445,66a410499724759acc64f25d6b010ff6f66248704bce30a90e3929a6c30c0650,True,True
1210,052311,5e2be563932fbb480ea10d69c19273856d870a26cba2b7b857e43fd8f68a636d,True,True
1211,726375,f8f093e0565cb018740cc706461360f3633d149c13560ed395b892c302680e3b,True,True
1212,233252,6e00aaa93695a71370c4f1879090d02ed732cd52cdfff73d70aa43a268e6bb5b,True,True
1213,186022,702c92c6e5a8085186fc04e20c41659250f8856acc68c8fefe718b37a014a455,True,True
1214,443295,6437b1f3abad2da0a292fe04668fc7cf6d7399dfd6f5f985d03c9fca7fb9852c,True,True
1215,798870,4646252125c4afad136df0ace8f92ae3ceb525c73385ed15c19896612237c2ad,True,True
1216,013320,19dcda2dd3fe5b01183a6294be747a11132efb106a1cb56ec0784e42b7204af8,True,True
1217,441852,df417439b944cb1f8abe5720a197ed92dccae6c93267ac9b8c713f5bd050a7ae,True,True
1218,542902,66de32d6d539ed4b90b378527389acd9df6f265d331118244e086dde05f1ccac,True,True
1219,118776,f0bebca5e0894e6fc17a239ec3fe275f26b0b6db2bc1d154dea8c31ae5207ba9,True,True
1220,614064,cd4d423e9cdc85e1c050aef662e01641773ed8347af349b85da54dd9eee991bd,True,True
1221,443348,f6a38612441815a975aff7b09e2a9e0977e4eb37a756ef559b4f3d39c787d2b5,True,True
1222,195609,7e8f1306bb9141e69aaecf737512635f80a624581fefe6d0d199764877d66871,True,True
1223,416211,93407cf76a4bc2c38a5dd47c087dafd31e5a6f3093f66c2098e78b883ecccd5b,True,True
1224,781639,b3cb1a6e886e5731851709a4f9bc0e6f327556b48642bf002d7aab33cbf16614,True,True
1225,966368,07cf85da93d61412872e448f6cbc66926d3ed88c07e7e39e2b7fd7be191f0d78,True,True
1226,621428,a5385f75a2e71b3fea5a597304c2f54743e988e92749748a4ac8d6b92c7aa094,True,True
1227,331851,d70c1557a2284719e5899150eb0d061ee330980448ecc432ee987c80ea7fd158,True,True
1228,996868,9cf88bbb5caa479df7f5223c879ada82d060f4b10ecceaa777c52f473f54315b,True,True
1229,156837,b62845dfeec16a1289319451aabf731b83e422431632a2635479a213b3dc0beb,True,True
1230,428601,169fe3cabb6ff7e15ac16766557c3b4b2a869a5a9cbdcb350fd80097ea60d0ca,True,True
1231,803637,eecbe0b772d2df627bdfb639304b96276c57bdc0e72e678c73b0cd76f900e7a2,True,True
1232,600444,70a110434f32d0918d75b226fc8c6e10d8f1f0d155c6cfe13a7f54cbff8a0cde,True,True
