case_type,global_index,true_sat,claimed_sat,rf_match,confidence_band,hmac_pass,freshness_pass,decision,combined_caught,higher_layer_only_caught
genuine,0,109,109,True,high,True,True,accept,False,False
genuine,1,85,85,False,middle,True,True,flag,False,False
genuine,2,109,109,False,high,True,True,reject,True,False
genuine,3,109,109,False,middle,True,True,flag,False,False
genuine,4,92,92,False,low,True,True,flag,False,False
genuine,5,85,85,False,low,True,True,flag,False,False
genuine,6,85,85,True,middle,True,True,flag,False,False
genuine,7,87,87,True,low,True,True,flag,False,False
genuine,8,87,87,False,middle,True,True,flag,False,False
genuine,9,51,51,False,high,True,True,reject,True,False
genuine,10,92,92,False,low,True,True,flag,False,False
genuine,11,51,51,False,middle,True,True,flag,False,False
genuine,12,109,109,False,low,True,True,flag,False,False
genuine,13,85,85,False,middle,True,True,flag,False,False
genuine,14,85,85,False,high,True,True,reject,True,False
genuine,15,51,51,True,low,True,True,flag,False,False
genuine,16,87,87,False,low,True,True,flag,False,False
genuine,17,51,51,True,middle,True,True,flag,False,False
genuine,18,92,92,False,low,True,True,flag,False,False
genuine,19,85,85,True,high,True,True,accept,False,False
genuine,20,109,109,False,low,True,True,flag,False,False
genuine,21,87,87,False,middle,True,True,flag,False,False
genuine,22,87,87,False,high,True,True,reject,True,False
genuine,23,109,109,False,middle,True,True,flag,False,False
genuine,24,109,109,False,middle,True,True,flag,False,False
genuine,25,51,51,False,high,True,True,reject,True,False
genuine,26,51,51,False,high,True,True,reject,True,False
genuine,27,51,51,True,middle,True,True,flag,False,False
genuine,28,109,109,False,high,True,True,reject,True,False
genuine,29,85,85,True,high,True,True,accept,False,False
genuine,30,51,51,False,low,True,True,flag,False,False
genuine,31,109,109,False,low,True,True,flag,False,False
genuine,32,109,109,False,low,True,True,flag,False,False
genuine,33,92,92,False,middle,True,True,flag,False,False
genuine,34,87,87,True,low,True,True,flag,False,False
genuine,35,109,109,False,low,True,True,flag,False,False
genuine,36,85,85,True,high,True,True,accept,False,False
genuine,37,92,92,False,high,True,True,reject,True,False
genuine,38,85,85,True,middle,True,True,flag,False,False
genuine,39,85,85,True,low,True,True,flag,False,False
genuine,40,87,87,False,low,True,True,flag,False,False
genuine,41,109,109,False,low,True,True,flag,False,False
genuine,42,92,92,False,high,True,True,reject,True,False
genuine,43,109,109,True,high,True,True,accept,False,False
genuine,44,51,51,True,high,True,True,accept,False,False
genuine,45,92,92,True,middle,True,True,flag,False,False
genuine,46,87,87,False,low,True,True,flag,False,False
genuine,47,87,87,False,low,True,True,flag,False,False
genuine,48,87,87,False,high,True,True,reject,True,False
genuine,49,87,87,False,low,True,True,flag,False,False
genuine,50,51,51,False,high,True,True,reject,True,False
genuine,51,92,92,False,low,True,True,flag,False,False
genuine,52,51,51,False,high,True,True,reject,True,False
genuine,53,109,109,True,middle,True,True,flag,False,False
genuine,54,85,85,False,low,True,True,flag,False,False
genuine,55,92,92,True,high,True,True,accept,False,False
genuine,56,51,51,False,high,True,True,reject,True,False
genuine,57,87,87,False,low,True,True,flag,False,False
genuine,58,85,85,True,middle,True,True,flag,False,False
genuine,59,87,87,False,low,True,True,flag,False,False
genuine,60,87,87,False,low,True,True,flag,False,False
genuine,61,109,109,False,middle,True,True,flag,False,False
genuine,62,87,87,False,middle,True,True,flag,False,False
genuine,63,87,87,False,low,True,True,flag,False,False
genuine,64,85,85,False,high,True,True,reject,True,False
genuine,65,92,92,True,middle,True,True,flag,False,False
genuine,66,85,85,False,low,True,True,flag,False,False
genuine,67,51,51,False,middle,True,True,flag,False,False
genuine,68,92,92,True,middle,True,True,flag,False,False
genuine,69,85,85,True,low,True,True,flag,False,False
genuine,70,51,51,False,high,True,True,reject,True,False
genuine,71,109,109,False,low,True,True,flag,False,False
genuine,72,51,51,False,high,True,True,reject,True,False
genuine,73,85,85,True,middle,True,True,flag,False,False
genuine,74,85,85,True,low,True,True,flag,False,False
genuine,75,51,51,False,high,True,True,reject,True,False
genuine,76,51,51,False,high,True,True,reject,True,False
genuine,77,87,87,False,high,True,True,reject,True,False
genuine,78,85,85,False,high,True,True,reject,True,False
genuine,79,87,87,False,middle,True,True,flag,False,False
genuine,80,85,85,False,low,True,True,flag,False,False
genuine,81,51,51,False,low,True,True,flag,False,False
genuine,82,92,92,False,middle,True,True,flag,False,False
genuine,83,92,92,False,middle,True,True,flag,False,False
genuine,84,92,92,False,high,True,True,reject,True,False
genuine,85,87,87,True,middle,True,True,flag,False,False
genuine,86,87,87,False,low,True,True,flag,False,False
genuine,87,92,92,False,high,True,True,reject,True,False
genuine,88,85,85,True,low,True,True,flag,False,False
genuine,89,51,51,False,high,True,True,reject,True,False
genuine,90,109,109,True,high,True,True,accept,False,False
genuine,91,51,51,False,high,True,True,reject,True,False
genuine,92,85,85,False,low,True,True,flag,False,False
genuine,93,87,87,False,middle,True,True,flag,False,False
genuine,94,109,109,False,low,True,True,flag,False,False
genuine,95,85,85,False,low,True,True,flag,False,False
genuine,96,92,92,False,middle,True,True,flag,False,False
genuine,97,109,109,False,middle,True,True,flag,False,False
genuine,98,51,51,False,high,True,True,reject,True,False
genuine,99,109,109,False,low,True,True,flag,False,False
genuine,100,109,109,False,middle,True,True,flag,False,False
genuine,101,109,109,False,low,True,True,flag,False,False
genuine,102,85,85,False,high,True,True,reject,True,False
genuine,103,109,109,False,high,True,True,reject,True,False
genuine,104,85,85,True,high,True,True,accept,False,False
genuine,105,85,85,False,low,True,True,flag,False,False
genuine,106,109,109,False,low,True,True,flag,False,False
genuine,107,92,92,False,high,True,True,reject,True,False
genuine,108,51,51,False,high,True,True,reject,True,False
genuine,109,51,51,False,middle,True,True,flag,False,False
genuine,110,92,92,False,high,True,True,reject,True,False
genuine,111,51,51,False,high,True,True,reject,True,False
genuine,112,87,87,True,middle,True,True,flag,False,False
genuine,113,92,92,False,low,True,True,flag,False,False
genuine,114,87,87,True,low,True,True,flag,False,False
genuine,115,85,85,False,middle,True,True,flag,False,False
genuine,116,109,109,False,middle,True,True,flag,False,False
genuine,117,92,92,False,middle,True,True,flag,False,False
genuine,118,109,109,False,low,True,True,flag,False,False
genuine,119,85,85,True,high,True,True,accept,False,False
genuine,120,87,87,False,high,True,True,reject,True,False
genuine,121,85,85,True,high,True,True,accept,False,False
genuine,122,51,51,False,high,True,True,reject,True,False
genuine,123,92,92,True,low,True,True,flag,False,False
genuine,124,51,51,False,middle,True,True,flag,False,False
genuine,125,92,92,True,middle,True,True,flag,False,False
genuine,126,109,109,True,middle,True,True,flag,False,False
genuine,127,85,85,False,high,True,True,reject,True,False
genuine,128,85,85,False,low,True,True,flag,False,False
genuine,129,51,51,False,low,True,True,flag,False,False
genuine,130,92,92,False,middle,True,True,flag,False,False
genuine,131,87,87,True,middle,True,True,flag,False,False
genuine,132,85,85,True,high,True,True,accept,False,False
genuine,133,109,109,False,high,True,True,reject,True,False
genuine,134,92,92,False,middle,True,True,flag,False,False
genuine,135,51,51,False,high,True,True,reject,True,False
genuine,136,85,85,True,high,True,True,accept,False,False
genuine,137,51,51,False,middle,True,True,flag,False,False
genuine,138,87,87,False,high,True,True,reject,True,False
genuine,139,87,87,True,middle,True,True,flag,False,False
genuine,140,92,92,False,middle,True,True,flag,False,False
genuine,141,92,92,True,high,True,True,accept,False,False
genuine,142,85,85,False,low,True,True,flag,False,False
genuine,143,51,51,False,high,True,True,reject,True,False
genuine,144,92,92,False,middle,True,True,flag,False,False
genuine,145,92,92,True,high,True,True,accept,False,False
genuine,146,109,109,False,high,True,True,reject,True,False
genuine,147,87,87,False,low,True,True,flag,False,False
genuine,148,51,51,False,middle,True,True,flag,False,False
genuine,149,85,85,False,high,True,True,reject,True,False
genuine,150,109,109,False,middle,True,True,flag,False,False
genuine,151,92,92,True,low,True,True,flag,False,False
genuine,152,92,92,False,low,True,True,flag,False,False
genuine,153,109,109,True,low,True,True,flag,False,False
genuine,154,87,87,False,high,True,True,reject,True,False
genuine,155,51,51,False,low,True,True,flag,False,False
genuine,156,85,85,True,low,True,True,flag,False,False
genuine,157,92,92,False,middle,True,True,flag,False,False
genuine,158,51,51,False,middle,True,True,flag,False,False
genuine,159,51,51,False,middle,True,True,flag,False,False
genuine,160,92,92,False,low,True,True,flag,False,False
genuine,161,109,109,False,high,True,True,reject,True,False
genuine,162,109,109,False,low,True,True,flag,False,False
genuine,163,85,85,False,middle,True,True,flag,False,False
genuine,164,109,109,False,low,True,True,flag,False,False
genuine,165,51,51,False,middle,True,True,flag,False,False
genuine,166,85,85,False,middle,True,True,flag,False,False
genuine,167,51,51,False,middle,True,True,flag,False,False
genuine,168,92,92,False,middle,True,True,flag,False,False
genuine,169,109,109,False,high,True,True,reject,True,False
genuine,170,87,87,False,high,True,True,reject,True,False
genuine,171,109,109,False,low,True,True,flag,False,False
genuine,172,92,92,True,high,True,True,accept,False,False
genuine,173,109,109,False,middle,True,True,flag,False,False
genuine,174,87,87,False,middle,True,True,flag,False,False
genuine,175,51,51,False,low,True,True,flag,False,False
genuine,176,92,92,True,middle,True,True,flag,False,False
genuine,177,109,109,False,high,True,True,reject,True,False
genuine,178,109,109,False,middle,True,True,flag,False,False
genuine,179,109,109,False,low,True,True,flag,False,False
genuine,180,51,51,False,low,True,True,flag,False,False
genuine,181,85,85,False,high,True,True,reject,True,False
genuine,182,51,51,False,low,True,True,flag,False,False
genuine,183,109,109,False,low,True,True,flag,False,False
genuine,184,92,92,True,high,True,True,accept,False,False
genuine,185,85,85,False,middle,True,True,flag,False,False
genuine,186,85,85,False,low,True,True,flag,False,False
genuine,187,51,51,False,low,True,True,flag,False,False
genuine,188,87,87,False,middle,True,True,flag,False,False
genuine,189,51,51,False,low,True,True,flag,False,False
genuine,190,85,85,True,low,True,True,flag,False,False
genuine,191,109,109,False,high,True,True,reject,True,False
genuine,192,51,51,False,high,True,True,reject,True,False
genuine,193,87,87,False,low,True,True,flag,False,False
genuine,194,87,87,False,low,True,True,flag,False,False
genuine,195,87,87,False,middle,True,True,flag,False,False
genuine,196,85,85,False,middle,True,True,flag,False,False
genuine,197,51,51,False,middle,True,True,flag,False,False
genuine,198,109,109,False,high,True,True,reject,True,False
genuine,199,87,87,False,middle,True,True,flag,False,False
genuine,200,92,92,False,high,True,True,reject,True,False
genuine,201,85,85,True,low,True,True,flag,False,False
genuine,202,85,85,True,low,True,True,flag,False,False
genuine,203,51,51,False,low,True,True,flag,False,False
genuine,204,85,85,False,low,True,True,flag,False,False
genuine,205,51,51,False,low,True,True,flag,False,False
genuine,206,87,87,False,middle,True,True,flag,False,False
genuine,207,51,51,False,middle,True,True,flag,False,False
genuine,208,87,87,True,middle,True,True,flag,False,False
genuine,209,109,109,True,low,True,True,flag,False,False
genuine,210,92,92,False,high,True,True,reject,True,False
genuine,211,85,85,False,high,True,True,reject,True,False
genuine,212,92,92,False,high,True,True,reject,True,False
genuine,213,87,87,False,low,True,True,flag,False,False
genuine,214,109,109,False,middle,True,True,flag,False,False
genuine,215,85,85,False,high,True,True,reject,True,False
genuine,216,85,85,True,high,True,True,accept,False,False
genuine,217,51,51,False,high,True,True,reject,True,False
genuine,218,85,85,True,high,True,True,accept,False,False
genuine,219,109,109,True,high,True,True,accept,False,False
genuine,220,109,109,True,low,True,True,flag,False,False
genuine,221,87,87,False,high,True,True,reject,True,False
genuine,222,87,87,False,middle,True,True,flag,False,False
genuine,223,87,87,False,low,True,True,flag,False,False
genuine,224,109,109,False,middle,True,True,flag,False,False
genuine,225,85,85,False,low,True,True,flag,False,False
genuine,226,87,87,True,high,True,True,accept,False,False
genuine,227,109,109,False,low,True,True,flag,False,False
genuine,228,51,51,False,high,True,True,reject,True,False
genuine,229,87,87,False,middle,True,True,flag,False,False
genuine,230,92,92,False,high,True,True,reject,True,False
genuine,231,51,51,True,low,True,True,flag,False,False
genuine,232,109,109,False,middle,True,True,flag,False,False
genuine,233,87,87,False,middle,True,True,flag,False,False
genuine,234,109,109,True,high,True,True,accept,False,False
genuine,235,87,87,True,low,True,True,flag,False,False
genuine,236,85,85,False,low,True,True,flag,False,False
genuine,237,51,51,False,high,True,True,reject,True,False
genuine,238,51,51,False,low,True,True,flag,False,False
genuine,239,51,51,True,low,True,True,flag,False,False
genuine,240,51,51,False,middle,True,True,flag,False,False
genuine,241,87,87,True,low,True,True,flag,False,False
genuine,242,109,109,False,middle,True,True,flag,False,False
genuine,243,92,92,True,middle,True,True,flag,False,False
genuine,244,92,92,False,high,True,True,reject,True,False
genuine,245,109,109,True,middle,True,True,flag,False,False
genuine,246,87,87,False,high,True,True,reject,True,False
genuine,247,109,109,False,low,True,True,flag,False,False
genuine,248,51,51,False,high,True,True,reject,True,False
genuine,249,87,87,False,middle,True,True,flag,False,False
genuine,250,109,109,True,middle,True,True,flag,False,False
genuine,251,85,85,False,low,True,True,flag,False,False
genuine,252,109,109,False,high,True,True,reject,True,False
genuine,253,92,92,False,high,True,True,reject,True,False
genuine,254,92,92,True,middle,True,True,flag,False,False
genuine,255,109,109,False,low,True,True,flag,False,False
genuine,256,92,92,False,high,True,True,reject,True,False
genuine,257,51,51,False,low,True,True,flag,False,False
genuine,258,85,85,False,high,True,True,reject,True,False
genuine,259,92,92,True,middle,True,True,flag,False,False
genuine,260,109,109,False,low,True,True,flag,False,False
genuine,261,109,109,False,middle,True,True,flag,False,False
genuine,262,51,51,False,high,True,True,reject,True,False
genuine,263,85,85,True,high,True,True,accept,False,False
genuine,264,92,92,True,middle,True,True,flag,False,False
genuine,265,85,85,False,high,True,True,reject,True,False
genuine,266,51,51,False,middle,True,True,flag,False,False
genuine,267,85,85,False,high,True,True,reject,True,False
genuine,268,109,109,True,low,True,True,flag,False,False
genuine,269,87,87,False,middle,True,True,flag,False,False
genuine,270,51,51,False,high,True,True,reject,True,False
genuine,271,87,87,True,middle,True,True,flag,False,False
genuine,272,92,92,False,high,True,True,reject,True,False
genuine,273,87,87,False,middle,True,True,flag,False,False
genuine,274,87,87,False,middle,True,True,flag,False,False
genuine,275,85,85,True,high,True,True,accept,False,False
genuine,276,87,87,True,middle,True,True,flag,False,False
genuine,277,51,51,False,middle,True,True,flag,False,False
genuine,278,51,51,True,high,True,True,accept,False,False
genuine,279,85,85,True,low,True,True,flag,False,False
genuine,280,109,109,True,middle,True,True,flag,False,False
genuine,281,51,51,False,middle,True,True,flag,False,False
genuine,282,109,109,False,low,True,True,flag,False,False
genuine,283,85,85,True,high,True,True,accept,False,False
genuine,284,85,85,False,low,True,True,flag,False,False
genuine,285,109,109,False,high,True,True,reject,True,False
genuine,286,87,87,False,middle,True,True,flag,False,False
genuine,287,87,87,False,low,True,True,flag,False,False
genuine,288,85,85,True,high,True,True,accept,False,False
genuine,289,109,109,True,low,True,True,flag,False,False
genuine,290,109,109,False,low,True,True,flag,False,False
genuine,291,85,85,False,high,True,True,reject,True,False
genuine,292,87,87,False,middle,True,True,flag,False,False
genuine,293,51,51,False,high,True,True,reject,True,False
genuine,294,109,109,True,middle,True,True,flag,False,False
genuine,295,109,109,False,low,True,True,flag,False,False
genuine,296,92,92,False,high,True,True,reject,True,False
genuine,297,51,51,False,high,True,True,reject,True,False
genuine,298,109,109,False,middle,True,True,flag,False,False
genuine,299,87,87,False,low,True,True,flag,False,False
genuine,300,109,109,True,high,True,True,accept,False,False
genuine,301,109,109,False,middle,True,True,flag,False,False
genuine,302,87,87,False,middle,True,True,flag,False,False
genuine,303,85,85,True,middle,True,True,flag,False,False
genuine,304,109,109,False,high,True,True,reject,True,False
genuine,305,92,92,False,low,True,True,flag,False,False
genuine,306,109,109,False,low,True,True,flag,False,False
genuine,307,51,51,False,middle,True,True,flag,False,False
genuine,308,85,85,True,low,True,True,flag,False,False
genuine,309,109,109,False,low,True,True,flag,False,False
genuine,310,92,92,False,low,True,True,flag,False,False
genuine,311,92,92,False,high,True,True,reject,True,False
genuine,312,87,87,False,high,True,True,reject,True,False
genuine,313,51,51,False,high,True,True,reject,True,False
genuine,314,85,85,True,high,True,True,accept,False,False
genuine,315,87,87,True,middle,True,True,flag,False,False
genuine,316,92,92,False,low,True,True,flag,False,False
genuine,317,85,85,True,low,True,True,flag,False,False
genuine,318,109,109,False,low,True,True,flag,False,False
genuine,319,92,92,False,low,True,True,flag,False,False
genuine,320,87,87,False,low,True,True,flag,False,False
genuine,321,92,92,False,low,True,True,flag,False,False
genuine,322,85,85,True,middle,True,True,flag,False,False
genuine,323,87,87,False,middle,True,True,flag,False,False
genuine,324,87,87,True,low,True,True,flag,False,False
genuine,325,109,109,False,high,True,True,reject,True,False
genuine,326,85,85,False,middle,True,True,flag,False,False
genuine,327,85,85,False,low,True,True,flag,False,False
genuine,328,51,51,True,low,True,True,flag,False,False
genuine,329,87,87,False,high,True,True,reject,True,False
genuine,330,109,109,True,high,True,True,accept,False,False
genuine,331,85,85,True,middle,True,True,flag,False,False
genuine,332,92,92,True,middle,True,True,flag,False,False
genuine,333,87,87,False,low,True,True,flag,False,False
genuine,334,85,85,False,high,True,True,reject,True,False
genuine,335,85,85,False,high,True,True,reject,True,False
genuine,336,92,92,False,low,True,True,flag,False,False
genuine,337,51,51,True,low,True,True,flag,False,False
genuine,338,85,85,False,middle,True,True,flag,False,False
genuine,339,51,51,False,low,True,True,flag,False,False
genuine,340,109,109,False,high,True,True,reject,True,False
genuine,341,109,109,False,high,True,True,reject,True,False
genuine,342,87,87,False,low,True,True,flag,False,False
genuine,343,109,109,False,low,True,True,flag,False,False
genuine,344,87,87,True,low,True,True,flag,False,False
genuine,345,109,109,False,high,True,True,reject,True,False
genuine,346,85,85,False,low,True,True,flag,False,False
genuine,347,51,51,True,low,True,True,flag,False,False
genuine,348,85,85,False,middle,True,True,flag,False,False
genuine,349,87,87,True,middle,True,True,flag,False,False
genuine,350,85,85,True,low,True,True,flag,False,False
genuine,351,85,85,False,low,True,True,flag,False,False
genuine,352,85,85,True,low,True,True,flag,False,False
genuine,353,85,85,False,low,True,True,flag,False,False
genuine,354,85,85,True,high,True,True,accept,False,False
genuine,355,51,51,True,low,True,True,flag,False,False
genuine,356,87,87,False,low,True,True,flag,False,False
genuine,357,51,51,False,high,True,True,reject,True,False
genuine,358,51,51,False,low,True,True,flag,False,False
genuine,359,109,109,True,high,True,True,accept,False,False
genuine,360,87,87,False,high,True,True,reject,True,False
genuine,361,85,85,True,low,True,True,flag,False,False
genuine,362,109,109,False,low,True,True,flag,False,False
genuine,363,92,92,False,low,True,True,flag,False,False
genuine,364,51,51,True,high,True,True,accept,False,False
genuine,365,92,92,False,middle,True,True,flag,False,False
genuine,366,85,85,False,middle,True,True,flag,False,False
genuine,367,109,109,False,middle,True,True,flag,False,False
genuine,368,51,51,False,middle,True,True,flag,False,False
genuine,369,87,87,False,low,True,True,flag,False,False
genuine,370,87,87,False,high,True,True,reject,True,False
genuine,371,51,51,False,middle,True,True,flag,False,False
genuine,372,51,51,False,middle,True,True,flag,False,False
genuine,373,109,109,False,middle,True,True,flag,False,False
genuine,374,92,92,True,middle,True,True,flag,False,False
genuine,375,51,51,False,low,True,True,flag,False,False
genuine,376,92,92,True,high,True,True,accept,False,False
genuine,377,92,92,False,low,True,True,flag,False,False
genuine,378,109,109,False,low,True,True,flag,False,False
genuine,379,51,51,False,high,True,True,reject,True,False
genuine,380,87,87,False,middle,True,True,flag,False,False
genuine,381,92,92,True,high,True,True,accept,False,False
genuine,382,109,109,False,high,True,True,reject,True,False
genuine,383,92,92,True,middle,True,True,flag,False,False
genuine,384,85,85,False,high,True,True,reject,True,False
genuine,385,92,92,False,high,True,True,reject,True,False
genuine,386,51,51,False,high,True,True,reject,True,False
genuine,387,85,85,False,high,True,True,reject,True,False
genuine,388,85,85,False,low,True,True,flag,False,False
genuine,389,87,87,False,middle,True,True,flag,False,False
genuine,390,87,87,False,high,True,True,reject,True,False
genuine,391,109,109,False,low,True,True,flag,False,False
genuine,392,85,85,False,high,True,True,reject,True,False
genuine,393,87,87,False,high,True,True,reject,True,False
genuine,394,92,92,False,middle,True,True,flag,False,False
genuine,395,85,85,False,middle,True,True,flag,False,False
genuine,396,92,92,False,high,True,True,reject,True,False
genuine,397,92,92,True,low,True,True,flag,False,False
genuine,398,92,92,False,middle,True,True,flag,False,False
genuine,399,85,85,False,high,True,True,reject,True,False
genuine,400,109,109,False,middle,True,True,flag,False,False
genuine,401,92,92,False,middle,True,True,flag,False,False
genuine,402,87,87,True,high,True,True,accept,False,False
genuine,403,87,87,False,low,True,True,flag,False,False
genuine,404,85,85,False,high,True,True,reject,True,False
genuine,405,85,85,True,middle,True,True,flag,False,False
genuine,406,51,51,False,high,True,True,reject,True,False
genuine,407,109,109,True,middle,True,True,flag,False,False
genuine,408,87,87,True,high,True,True,accept,False,False
genuine,409,87,87,False,low,True,True,flag,False,False
genuine,410,109,109,True,high,True,True,accept,False,False
genuine,411,51,51,False,middle,True,True,flag,False,False
genuine,412,92,92,False,low,True,True,flag,False,False
genuine,413,51,51,False,low,True,True,flag,False,False
genuine,414,92,92,False,middle,True,True,flag,False,False
genuine,415,51,51,True,low,True,True,flag,False,False
genuine,416,92,92,False,middle,True,True,flag,False,False
genuine,417,51,51,False,low,True,True,flag,False,False
genuine,418,85,85,False,high,True,True,reject,True,False
genuine,419,87,87,True,middle,True,True,flag,False,False
genuine,420,51,51,False,middle,True,True,flag,False,False
genuine,421,92,92,False,middle,True,True,flag,False,False
genuine,422,85,85,False,low,True,True,flag,False,False
genuine,423,92,92,False,low,True,True,flag,False,False
genuine,424,51,51,True,low,True,True,flag,False,False
genuine,425,51,51,True,high,True,True,accept,False,False
genuine,426,51,51,False,low,True,True,flag,False,False
genuine,427,51,51,True,high,True,True,accept,False,False
genuine,428,51,51,False,middle,True,True,flag,False,False
genuine,429,87,87,False,middle,True,True,flag,False,False
genuine,430,87,87,True,high,True,True,accept,False,False
genuine,431,109,109,False,high,True,True,reject,True,False
genuine,432,109,109,False,middle,True,True,flag,False,False
genuine,433,85,85,False,low,True,True,flag,False,False
genuine,434,92,92,True,low,True,True,flag,False,False
genuine,435,87,87,False,low,True,True,flag,False,False
genuine,436,87,87,False,high,True,True,reject,True,False
genuine,437,92,92,False,high,True,True,reject,True,False
genuine,438,51,51,False,low,True,True,flag,False,False
genuine,439,51,51,False,low,True,True,flag,False,False
genuine,440,51,51,False,low,True,True,flag,False,False
genuine,441,87,87,False,middle,True,True,flag,False,False
genuine,442,51,51,False,low,True,True,flag,False,False
genuine,443,109,109,False,middle,True,True,flag,False,False
genuine,444,87,87,False,low,True,True,flag,False,False
genuine,445,109,109,False,middle,True,True,flag,False,False
genuine,446,87,87,False,high,True,True,reject,True,False
genuine,447,92,92,False,middle,True,True,flag,False,False
genuine,448,51,51,False,high,True,True,reject,True,False
genuine,449,51,51,False,middle,True,True,flag,False,False
genuine,450,51,51,False,low,True,True,flag,False,False
genuine,451,87,87,True,low,True,True,flag,False,False
genuine,452,92,92,False,low,True,True,flag,False,False
genuine,453,92,92,False,high,True,True,reject,True,False
genuine,454,109,109,False,high,True,True,reject,True,False
genuine,455,109,109,True,high,True,True,accept,False,False
genuine,456,87,87,False,middle,True,True,flag,False,False
genuine,457,92,92,False,high,True,True,reject,True,False
genuine,458,109,109,False,low,True,True,flag,False,False
genuine,459,85,85,True,high,True,True,accept,False,False
genuine,460,87,87,False,middle,True,True,flag,False,False
genuine,461,51,51,True,high,True,True,accept,False,False
genuine,462,51,51,True,middle,True,True,flag,False,False
genuine,463,92,92,False,low,True,True,flag,False,False
genuine,464,109,109,False,middle,True,True,flag,False,False
genuine,465,87,87,False,low,True,True,flag,False,False
genuine,466,51,51,False,middle,True,True,flag,False,False
genuine,467,92,92,False,high,True,True,reject,True,False
genuine,468,92,92,False,middle,True,True,flag,False,False
genuine,469,51,51,False,low,True,True,flag,False,False
genuine,470,109,109,False,middle,True,True,flag,False,False
genuine,471,51,51,False,high,True,True,reject,True,False
genuine,472,51,51,False,middle,True,True,flag,False,False
genuine,473,85,85,False,middle,True,True,flag,False,False
genuine,474,92,92,False,low,True,True,flag,False,False
genuine,475,85,85,False,low,True,True,flag,False,False
genuine,476,51,51,False,high,True,True,reject,True,False
genuine,477,109,109,False,high,True,True,reject,True,False
genuine,478,85,85,False,middle,True,True,flag,False,False
genuine,479,92,92,False,low,True,True,flag,False,False
genuine,480,109,109,False,low,True,True,flag,False,False
genuine,481,85,85,False,low,True,True,flag,False,False
genuine,482,92,92,False,high,True,True,reject,True,False
genuine,483,51,51,False,middle,True,True,flag,False,False
genuine,484,87,87,False,low,True,True,flag,False,False
genuine,485,87,87,True,high,True,True,accept,False,False
genuine,486,85,85,False,low,True,True,flag,False,False
genuine,487,51,51,False,high,True,True,reject,True,False
genuine,488,109,109,False,middle,True,True,flag,False,False
genuine,489,92,92,True,low,True,True,flag,False,False
genuine,490,92,92,True,middle,True,True,flag,False,False
genuine,491,87,87,False,middle,True,True,flag,False,False
genuine,492,87,87,False,low,True,True,flag,False,False
genuine,493,92,92,False,high,True,True,reject,True,False
genuine,494,51,51,False,middle,True,True,flag,False,False
genuine,495,87,87,False,high,True,True,reject,True,False
genuine,496,85,85,True,high,True,True,accept,False,False
genuine,497,85,85,False,middle,True,True,flag,False,False
genuine,498,87,87,True,high,True,True,accept,False,False
genuine,499,87,87,False,high,True,True,reject,True,False
genuine,500,85,85,True,middle,True,True,flag,False,False
genuine,501,51,51,False,middle,True,True,flag,False,False
genuine,502,87,87,False,middle,True,True,flag,False,False
genuine,503,51,51,False,low,True,True,flag,False,False
genuine,504,51,51,False,low,True,True,flag,False,False
genuine,505,87,87,False,middle,True,True,flag,False,False
genuine,506,109,109,False,low,True,True,flag,False,False
genuine,507,92,92,False,low,True,True,flag,False,False
genuine,508,109,109,True,middle,True,True,flag,False,False
genuine,509,87,87,True,low,True,True,flag,False,False
genuine,510,85,85,False,low,True,True,flag,False,False
genuine,511,51,51,True,high,True,True,accept,False,False
genuine,512,51,51,False,low,True,True,flag,False,False
genuine,513,51,51,False,high,True,True,reject,True,False
genuine,514,92,92,True,middle,True,True,flag,False,False
genuine,515,109,109,False,high,True,True,reject,True,False
genuine,516,87,87,False,high,True,True,reject,True,False
genuine,517,87,87,False,low,True,True,flag,False,False
genuine,518,51,51,False,low,True,True,flag,False,False
genuine,519,92,92,False,low,True,True,flag,False,False
genuine,520,85,85,False,high,True,True,reject,True,False
genuine,521,109,109,True,middle,True,True,flag,False,False
genuine,522,87,87,False,middle,True,True,flag,False,False
genuine,523,51,51,False,high,True,True,reject,True,False
genuine,524,85,85,False,high,True,True,reject,True,False
genuine,525,51,51,False,high,True,True,reject,True,False
genuine,526,109,109,True,low,True,True,flag,False,False
genuine,527,109,109,True,low,True,True,flag,False,False
genuine,528,109,109,False,high,True,True,reject,True,False
genuine,529,85,85,False,low,True,True,flag,False,False
genuine,530,109,109,False,middle,True,True,flag,False,False
genuine,531,92,92,False,middle,True,True,flag,False,False
genuine,532,85,85,True,middle,True,True,flag,False,False
genuine,533,109,109,False,middle,True,True,flag,False,False
genuine,534,51,51,True,high,True,True,accept,False,False
genuine,535,92,92,False,high,True,True,reject,True,False
genuine,536,87,87,True,middle,True,True,flag,False,False
genuine,537,92,92,False,high,True,True,reject,True,False
genuine,538,51,51,False,middle,True,True,flag,False,False
genuine,539,85,85,True,high,True,True,accept,False,False
genuine,540,109,109,False,low,True,True,flag,False,False
genuine,541,87,87,True,low,True,True,flag,False,False
genuine,542,51,51,False,low,True,True,flag,False,False
genuine,543,51,51,True,middle,True,True,flag,False,False
genuine,544,85,85,False,low,True,True,flag,False,False
genuine,545,92,92,False,low,True,True,flag,False,False
genuine,546,109,109,True,low,True,True,flag,False,False
genuine,547,92,92,False,middle,True,True,flag,False,False
genuine,548,85,85,False,low,True,True,flag,False,False
genuine,549,87,87,True,low,True,True,flag,False,False
genuine,550,87,87,False,high,True,True,reject,True,False
genuine,551,109,109,False,middle,True,True,flag,False,False
genuine,552,85,85,False,middle,True,True,flag,False,False
genuine,553,87,87,False,middle,True,True,flag,False,False
genuine,554,51,51,False,high,True,True,reject,True,False
genuine,555,85,85,False,high,True,True,reject,True,False
genuine,556,92,92,False,middle,True,True,flag,False,False
genuine,557,85,85,False,low,True,True,flag,False,False
genuine,558,92,92,True,middle,True,True,flag,False,False
genuine,559,87,87,False,low,True,True,flag,False,False
genuine,560,51,51,True,low,True,True,flag,False,False
genuine,561,109,109,False,high,True,True,reject,True,False
genuine,562,85,85,True,high,True,True,accept,False,False
genuine,563,85,85,False,low,True,True,flag,False,False
genuine,564,87,87,False,high,True,True,reject,True,False
genuine,565,109,109,False,low,True,True,flag,False,False
genuine,566,87,87,True,low,True,True,flag,False,False
genuine,567,92,92,False,low,True,True,flag,False,False
genuine,568,87,87,False,low,True,True,flag,False,False
genuine,569,92,92,False,low,True,True,flag,False,False
genuine,570,92,92,False,high,True,True,reject,True,False
genuine,571,109,109,True,middle,True,True,flag,False,False
genuine,572,51,51,False,low,True,True,flag,False,False
genuine,573,92,92,False,middle,True,True,flag,False,False
genuine,574,51,51,False,high,True,True,reject,True,False
genuine,575,51,51,False,low,True,True,flag,False,False
genuine,576,87,87,False,middle,True,True,flag,False,False
genuine,577,92,92,True,middle,True,True,flag,False,False
genuine,578,109,109,False,high,True,True,reject,True,False
genuine,579,109,109,True,low,True,True,flag,False,False
genuine,580,92,92,False,high,True,True,reject,True,False
genuine,581,109,109,False,high,True,True,reject,True,False
genuine,582,85,85,False,high,True,True,reject,True,False
genuine,583,51,51,False,middle,True,True,flag,False,False
genuine,584,92,92,False,middle,True,True,flag,False,False
genuine,585,92,92,False,middle,True,True,flag,False,False
genuine,586,87,87,False,low,True,True,flag,False,False
genuine,587,87,87,False,middle,True,True,flag,False,False
genuine,588,109,109,False,high,True,True,reject,True,False
genuine,589,92,92,True,middle,True,True,flag,False,False
genuine,590,109,109,False,high,True,True,reject,True,False
genuine,591,109,109,True,low,True,True,flag,False,False
genuine,592,87,87,True,high,True,True,accept,False,False
genuine,593,92,92,False,low,True,True,flag,False,False
genuine,594,85,85,True,high,True,True,accept,False,False
genuine,595,51,51,False,middle,True,True,flag,False,False
genuine,596,85,85,True,high,True,True,accept,False,False
genuine,597,92,92,False,low,True,True,flag,False,False
genuine,598,85,85,False,middle,True,True,flag,False,False
genuine,599,51,51,False,high,True,True,reject,True,False
genuine,600,92,92,False,high,True,True,reject,True,False
genuine,601,51,51,False,middle,True,True,flag,False,False
genuine,602,109,109,False,low,True,True,flag,False,False
genuine,603,87,87,False,middle,True,True,flag,False,False
genuine,604,109,109,False,high,True,True,reject,True,False
genuine,605,51,51,False,high,True,True,reject,True,False
genuine,606,109,109,False,middle,True,True,flag,False,False
genuine,607,87,87,False,low,True,True,flag,False,False
genuine,608,109,109,False,low,True,True,flag,False,False
genuine,609,109,109,True,low,True,True,flag,False,False
genuine,610,92,92,False,high,True,True,reject,True,False
genuine,611,85,85,True,high,True,True,accept,False,False
genuine,612,92,92,False,high,True,True,reject,True,False
genuine,613,85,85,True,low,True,True,flag,False,False
genuine,614,92,92,False,low,True,True,flag,False,False
genuine,615,51,51,False,middle,True,True,flag,False,False
genuine,616,109,109,True,low,True,True,flag,False,False
genuine,617,85,85,True,middle,True,True,flag,False,False
genuine,618,87,87,False,high,True,True,reject,True,False
genuine,619,51,51,True,low,True,True,flag,False,False
genuine,620,85,85,True,low,True,True,flag,False,False
genuine,621,109,109,False,middle,True,True,flag,False,False
genuine,622,87,87,False,low,True,True,flag,False,False
genuine,623,87,87,False,middle,True,True,flag,False,False
genuine,624,92,92,False,low,True,True,flag,False,False
genuine,625,85,85,False,middle,True,True,flag,False,False
genuine,626,92,92,False,low,True,True,flag,False,False
genuine,627,109,109,False,middle,True,True,flag,False,False
genuine,628,92,92,False,high,True,True,reject,True,False
genuine,629,85,85,True,high,True,True,accept,False,False
genuine,630,51,51,False,high,True,True,reject,True,False
genuine,631,92,92,False,high,True,True,reject,True,False
genuine,632,92,92,False,middle,True,True,flag,False,False
genuine,633,85,85,False,low,True,True,flag,False,False
genuine,634,92,92,False,high,True,True,reject,True,False
genuine,635,92,92,False,high,True,True,reject,True,False
genuine,636,92,92,False,middle,True,True,flag,False,False
genuine,637,92,92,True,low,True,True,flag,False,False
genuine,638,92,92,False,high,True,True,reject,True,False
genuine,639,92,92,False,middle,True,True,flag,False,False
genuine,640,87,87,False,low,True,True,flag,False,False
genuine,641,51,51,False,high,True,True,reject,True,False
genuine,642,109,109,True,low,True,True,flag,False,False
genuine,643,51,51,False,low,True,True,flag,False,False
genuine,644,92,92,False,low,True,True,flag,False,False
genuine,645,109,109,True,middle,True,True,flag,False,False
genuine,646,109,109,False,middle,True,True,flag,False,False
genuine,647,92,92,True,low,True,True,flag,False,False
genuine,648,85,85,True,low,True,True,flag,False,False
genuine,649,51,51,False,high,True,True,reject,True,False
genuine,650,85,85,True,low,True,True,flag,False,False
genuine,651,85,85,False,middle,True,True,flag,False,False
genuine,652,87,87,False,middle,True,True,flag,False,False
genuine,653,92,92,True,high,True,True,accept,False,False
genuine,654,109,109,False,low,True,True,flag,False,False
genuine,655,92,92,True,low,True,True,flag,False,False
genuine,656,85,85,False,high,True,True,reject,True,False
genuine,657,109,109,False,middle,True,True,flag,False,False
genuine,658,109,109,False,high,True,True,reject,True,False
genuine,659,109,109,False,middle,True,True,flag,False,False
genuine,660,85,85,False,high,True,True,reject,True,False
genuine,661,92,92,False,low,True,True,flag,False,False
genuine,662,92,92,False,high,True,True,reject,True,False
genuine,663,85,85,False,high,True,True,reject,True,False
genuine,664,85,85,False,low,True,True,flag,False,False
genuine,665,51,51,True,high,True,True,accept,False,False
genuine,666,92,92,True,middle,True,True,flag,False,False
genuine,667,109,109,False,high,True,True,reject,True,False
genuine,668,92,92,False,middle,True,True,flag,False,False
genuine,669,109,109,True,low,True,True,flag,False,False
genuine,670,85,85,False,low,True,True,flag,False,False
genuine,671,109,109,False,middle,True,True,flag,False,False
genuine,672,85,85,False,middle,True,True,flag,False,False
genuine,673,51,51,False,middle,True,True,flag,False,False
genuine,674,87,87,False,middle,True,True,flag,False,False
genuine,675,85,85,False,low,True,True,flag,False,False
genuine,676,85,85,True,middle,True,True,flag,False,False
genuine,677,85,85,False,middle,True,True,flag,False,False
genuine,678,109,109,False,middle,True,True,flag,False,False
genuine,679,85,85,False,middle,True,True,flag,False,False
genuine,680,109,109,False,high,True,True,reject,True,False
genuine,681,92,92,False,middle,True,True,flag,False,False
genuine,682,109,109,False,middle,True,True,flag,False,False
genuine,683,109,109,False,high,True,True,reject,True,False
genuine,684,51,51,False,middle,True,True,flag,False,False
genuine,685,92,92,True,low,True,True,flag,False,False
genuine,686,92,92,False,low,True,True,flag,False,False
genuine,687,109,109,False,middle,True,True,flag,False,False
genuine,688,85,85,False,low,True,True,flag,False,False
genuine,689,87,87,False,middle,True,True,flag,False,False
genuine,690,85,85,False,middle,True,True,flag,False,False
genuine,691,109,109,False,middle,True,True,flag,False,False
genuine,692,109,109,False,low,True,True,flag,False,False
genuine,693,109,109,False,low,True,True,flag,False,False
genuine,694,51,51,True,high,True,True,accept,False,False
genuine,695,85,85,False,high,True,True,reject,True,False
genuine,696,51,51,False,low,True,True,flag,False,False
genuine,697,109,109,False,high,True,True,reject,True,False
genuine,698,92,92,True,low,True,True,flag,False,False
genuine,699,92,92,True,high,True,True,accept,False,False
genuine,700,109,109,False,high,True,True,reject,True,False
genuine,701,51,51,False,middle,True,True,flag,False,False
genuine,702,109,109,True,middle,True,True,flag,False,False
genuine,703,51,51,False,low,True,True,flag,False,False
genuine,704,92,92,True,middle,True,True,flag,False,False
genuine,705,51,51,False,high,True,True,reject,True,False
genuine,706,85,85,False,high,True,True,reject,True,False
genuine,707,85,85,False,middle,True,True,flag,False,False
genuine,708,85,85,False,low,True,True,flag,False,False
genuine,709,92,92,False,low,True,True,flag,False,False
genuine,710,87,87,False,low,True,True,flag,False,False
genuine,711,87,87,True,middle,True,True,flag,False,False
genuine,712,87,87,False,high,True,True,reject,True,False
genuine,713,87,87,True,low,True,True,flag,False,False
genuine,714,109,109,False,middle,True,True,flag,False,False
genuine,715,51,51,True,high,True,True,accept,False,False
genuine,716,85,85,False,high,True,True,reject,True,False
genuine,717,92,92,True,high,True,True,accept,False,False
genuine,718,87,87,False,middle,True,True,flag,False,False
genuine,719,87,87,False,middle,True,True,flag,False,False
genuine,720,51,51,False,middle,True,True,flag,False,False
genuine,721,85,85,False,low,True,True,flag,False,False
genuine,722,92,92,False,low,True,True,flag,False,False
genuine,723,87,87,False,low,True,True,flag,False,False
genuine,724,51,51,False,high,True,True,reject,True,False
genuine,725,85,85,False,high,True,True,reject,True,False
genuine,726,85,85,False,low,True,True,flag,False,False
genuine,727,51,51,False,low,True,True,flag,False,False
genuine,728,87,87,False,middle,True,True,flag,False,False
genuine,729,92,92,False,middle,True,True,flag,False,False
genuine,730,85,85,False,low,True,True,flag,False,False
genuine,731,51,51,False,high,True,True,reject,True,False
genuine,732,92,92,True,low,True,True,flag,False,False
genuine,733,92,92,False,middle,True,True,flag,False,False
genuine,734,51,51,False,high,True,True,reject,True,False
genuine,735,92,92,True,low,True,True,flag,False,False
genuine,736,85,85,False,high,True,True,reject,True,False
genuine,737,92,92,False,high,True,True,reject,True,False
genuine,738,109,109,True,high,True,True,accept,False,False
genuine,739,87,87,False,low,True,True,flag,False,False
genuine,740,51,51,False,high,True,True,reject,True,False
genuine,741,87,87,True,low,True,True,flag,False,False
genuine,742,51,51,False,low,True,True,flag,False,False
genuine,743,92,92,False,middle,True,True,flag,False,False
genuine,744,51,51,False,high,True,True,reject,True,False
genuine,745,92,92,False,low,True,True,flag,False,False
genuine,746,87,87,True,low,True,True,flag,False,False
genuine,747,109,109,False,low,True,True,flag,False,False
genuine,748,109,109,False,low,True,True,flag,False,False
genuine,749,51,51,False,low,True,True,flag,False,False
genuine,750,109,109,False,low,True,True,flag,False,False
genuine,751,109,109,True,high,True,True,accept,False,False
genuine,752,92,92,False,middle,True,True,flag,False,False
genuine,753,109,109,False,high,True,True,reject,True,False
genuine,754,109,109,True,low,True,True,flag,False,False
genuine,755,85,85,False,middle,True,True,flag,False,False
genuine,756,87,87,False,high,True,True,reject,True,False
genuine,757,87,87,False,middle,True,True,flag,False,False
genuine,758,51,51,False,middle,True,True,flag,False,False
genuine,759,109,109,True,high,True,True,accept,False,False
genuine,760,109,109,True,middle,True,True,flag,False,False
genuine,761,51,51,False,low,True,True,flag,False,False
genuine,762,51,51,False,middle,True,True,flag,False,False
genuine,763,92,92,False,low,True,True,flag,False,False
genuine,764,92,92,True,low,True,True,flag,False,False
genuine,765,51,51,False,low,True,True,flag,False,False
genuine,766,92,92,False,low,True,True,flag,False,False
genuine,767,92,92,False,middle,True,True,flag,False,False
genuine,768,51,51,False,low,True,True,flag,False,False
genuine,769,109,109,False,low,True,True,flag,False,False
genuine,770,85,85,True,low,True,True,flag,False,False
genuine,771,51,51,False,middle,True,True,flag,False,False
genuine,772,109,109,True,low,True,True,flag,False,False
genuine,773,92,92,False,low,True,True,flag,False,False
genuine,774,87,87,False,low,True,True,flag,False,False
genuine,775,51,51,False,high,True,True,reject,True,False
genuine,776,87,87,False,middle,True,True,flag,False,False
genuine,777,109,109,False,high,True,True,reject,True,False
genuine,778,87,87,False,high,True,True,reject,True,False
genuine,779,87,87,False,low,True,True,flag,False,False
genuine,780,87,87,False,low,True,True,flag,False,False
genuine,781,51,51,False,middle,True,True,flag,False,False
genuine,782,51,51,True,middle,True,True,flag,False,False
genuine,783,92,92,False,high,True,True,reject,True,False
genuine,784,51,51,True,middle,True,True,flag,False,False
genuine,785,92,92,False,high,True,True,reject,True,False
genuine,786,92,92,True,high,True,True,accept,False,False
genuine,787,87,87,True,low,True,True,flag,False,False
genuine,788,109,109,False,middle,True,True,flag,False,False
genuine,789,87,87,False,middle,True,True,flag,False,False
genuine,790,109,109,False,low,True,True,flag,False,False
genuine,791,85,85,False,high,True,True,reject,True,False
genuine,792,92,92,False,high,True,True,reject,True,False
genuine,793,51,51,False,low,True,True,flag,False,False
genuine,794,85,85,False,high,True,True,reject,True,False
genuine,795,87,87,False,high,True,True,reject,True,False
genuine,796,87,87,False,high,True,True,reject,True,False
genuine,797,92,92,True,low,True,True,flag,False,False
genuine,798,92,92,False,high,True,True,reject,True,False
genuine,799,87,87,False,middle,True,True,flag,False,False
genuine,800,87,87,False,high,True,True,reject,True,False
genuine,801,85,85,False,high,True,True,reject,True,False
genuine,802,92,92,False,high,True,True,reject,True,False
genuine,803,87,87,False,low,True,True,flag,False,False
genuine,804,87,87,False,middle,True,True,flag,False,False
genuine,805,92,92,False,high,True,True,reject,True,False
genuine,806,51,51,False,high,True,True,reject,True,False
genuine,807,85,85,False,high,True,True,reject,True,False
genuine,808,87,87,False,low,True,True,flag,False,False
genuine,809,85,85,False,high,True,True,reject,True,False
genuine,810,92,92,False,high,True,True,reject,True,False
genuine,811,85,85,True,high,True,True,accept,False,False
genuine,812,92,92,True,high,True,True,accept,False,False
genuine,813,85,85,True,middle,True,True,flag,False,False
genuine,814,87,87,False,high,True,True,reject,True,False
genuine,815,85,85,False,high,True,True,reject,True,False
genuine,816,109,109,False,high,True,True,reject,True,False
genuine,817,109,109,False,middle,True,True,flag,False,False
genuine,818,109,109,True,middle,True,True,flag,False,False
genuine,819,109,109,False,high,True,True,reject,True,False
genuine,820,109,109,True,high,True,True,accept,False,False
genuine,821,92,92,False,high,True,True,reject,True,False
genuine,822,92,92,False,low,True,True,flag,False,False
genuine,823,92,92,False,low,True,True,flag,False,False
genuine,824,87,87,False,middle,True,True,flag,False,False
genuine,825,109,109,False,high,True,True,reject,True,False
genuine,826,109,109,True,middle,True,True,flag,False,False
genuine,827,51,51,False,middle,True,True,flag,False,False
genuine,828,51,51,True,low,True,True,flag,False,False
genuine,829,51,51,False,middle,True,True,flag,False,False
genuine,830,85,85,False,low,True,True,flag,False,False
genuine,831,85,85,True,high,True,True,accept,False,False
genuine,832,51,51,True,high,True,True,accept,False,False
genuine,833,51,51,False,low,True,True,flag,False,False
genuine,834,87,87,False,high,True,True,reject,True,False
genuine,835,51,51,False,high,True,True,reject,True,False
genuine,836,51,51,False,low,True,True,flag,False,False
genuine,837,109,109,False,middle,True,True,flag,False,False
genuine,838,87,87,False,middle,True,True,flag,False,False
genuine,839,87,87,False,high,True,True,reject,True,False
genuine,840,109,109,False,high,True,True,reject,True,False
genuine,841,85,85,False,middle,True,True,flag,False,False
genuine,842,109,109,False,high,True,True,reject,True,False
genuine,843,51,51,True,low,True,True,flag,False,False
genuine,844,87,87,False,low,True,True,flag,False,False
genuine,845,87,87,False,low,True,True,flag,False,False
genuine,846,92,92,False,high,True,True,reject,True,False
genuine,847,92,92,False,low,True,True,flag,False,False
genuine,848,85,85,False,low,True,True,flag,False,False
genuine,849,51,51,False,low,True,True,flag,False,False
genuine,850,92,92,False,low,True,True,flag,False,False
genuine,851,109,109,True,high,True,True,accept,False,False
genuine,852,87,87,False,high,True,True,reject,True,False
genuine,853,87,87,True,middle,True,True,flag,False,False
genuine,854,51,51,False,low,True,True,flag,False,False
genuine,855,85,85,True,low,True,True,flag,False,False
genuine,856,51,51,False,middle,True,True,flag,False,False
genuine,857,85,85,False,low,True,True,flag,False,False
genuine,858,109,109,True,high,True,True,accept,False,False
genuine,859,87,87,False,low,True,True,flag,False,False
genuine,860,92,92,False,low,True,True,flag,False,False
genuine,861,85,85,False,middle,True,True,flag,False,False
genuine,862,51,51,False,low,True,True,flag,False,False
genuine,863,87,87,True,middle,True,True,flag,False,False
genuine,864,85,85,False,high,True,True,reject,True,False
genuine,865,87,87,False,high,True,True,reject,True,False
genuine,866,109,109,False,middle,True,True,flag,False,False
genuine,867,92,92,False,middle,True,True,flag,False,False
genuine,868,92,92,False,high,True,True,reject,True,False
genuine,869,109,109,False,low,True,True,flag,False,False
genuine,870,51,51,False,low,True,True,flag,False,False
genuine,871,85,85,True,high,True,True,accept,False,False
genuine,872,85,85,True,high,True,True,accept,False,False
genuine,873,51,51,False,high,True,True,reject,True,False
genuine,874,85,85,False,middle,True,True,flag,False,False
genuine,875,51,51,False,middle,True,True,flag,False,False
genuine,876,87,87,False,middle,True,True,flag,False,False
genuine,877,85,85,True,middle,True,True,flag,False,False
genuine,878,92,92,False,low,True,True,flag,False,False
genuine,879,51,51,True,low,True,True,flag,False,False
genuine,880,87,87,False,high,True,True,reject,True,False
genuine,881,92,92,False,high,True,True,reject,True,False
genuine,882,92,92,False,middle,True,True,flag,False,False
genuine,883,87,87,False,low,True,True,flag,False,False
genuine,884,109,109,True,low,True,True,flag,False,False
genuine,885,51,51,True,low,True,True,flag,False,False
genuine,886,109,109,False,high,True,True,reject,True,False
genuine,887,87,87,False,high,True,True,reject,True,False
genuine,888,109,109,False,middle,True,True,flag,False,False
genuine,889,109,109,False,high,True,True,reject,True,False
genuine,890,51,51,False,middle,True,True,flag,False,False
genuine,891,92,92,False,middle,True,True,flag,False,False
genuine,892,51,51,True,low,True,True,flag,False,False
genuine,893,109,109,False,high,True,True,reject,True,False
genuine,894,109,109,False,high,True,True,reject,True,False
genuine,895,109,109,False,low,True,True,flag,False,False
genuine,896,51,51,False,middle,True,True,flag,False,False
genuine,897,87,87,False,low,True,True,flag,False,False
genuine,898,85,85,False,low,True,True,flag,False,False
genuine,899,92,92,False,low,True,True,flag,False,False
genuine,900,92,92,False,high,True,True,reject,True,False
genuine,901,109,109,True,low,True,True,flag,False,False
genuine,902,85,85,True,low,True,True,flag,False,False
genuine,903,92,92,False,low,True,True,flag,False,False
genuine,904,92,92,True,middle,True,True,flag,False,False
genuine,905,51,51,False,low,True,True,flag,False,False
genuine,906,109,109,False,low,True,True,flag,False,False
genuine,907,92,92,True,high,True,True,accept,False,False
genuine,908,85,85,False,low,True,True,flag,False,False
genuine,909,51,51,False,high,True,True,reject,True,False
genuine,910,85,85,True,middle,True,True,flag,False,False
genuine,911,92,92,False,high,True,True,reject,True,False
genuine,912,109,109,False,high,True,True,reject,True,False
genuine,913,85,85,True,high,True,True,accept,False,False
genuine,914,109,109,True,low,True,True,flag,False,False
genuine,915,87,87,False,low,True,True,flag,False,False
genuine,916,87,87,False,middle,True,True,flag,False,False
genuine,917,109,109,True,middle,True,True,flag,False,False
genuine,918,87,87,False,low,True,True,flag,False,False
genuine,919,51,51,False,middle,True,True,flag,False,False
genuine,920,51,51,False,high,True,True,reject,True,False
genuine,921,109,109,True,middle,True,True,flag,False,False
genuine,922,92,92,False,low,True,True,flag,False,False
genuine,923,109,109,False,middle,True,True,flag,False,False
genuine,924,85,85,False,low,True,True,flag,False,False
genuine,925,87,87,False,low,True,True,flag,False,False
genuine,926,85,85,False,low,True,True,flag,False,False
genuine,927,87,87,False,middle,True,True,flag,False,False
genuine,928,87,87,False,low,True,True,flag,False,False
genuine,929,87,87,False,high,True,True,reject,True,False
genuine,930,51,51,False,high,True,True,reject,True,False
genuine,931,92,92,False,high,True,True,reject,True,False
genuine,932,92,92,False,high,True,True,reject,True,False
genuine,933,85,85,True,high,True,True,accept,False,False
genuine,934,87,87,False,high,True,True,reject,True,False
genuine,935,85,85,False,high,True,True,reject,True,False
genuine,936,87,87,True,middle,True,True,flag,False,False
genuine,937,85,85,False,high,True,True,reject,True,False
genuine,938,51,51,False,middle,True,True,flag,False,False
genuine,939,109,109,False,high,True,True,reject,True,False
genuine,940,92,92,False,low,True,True,flag,False,False
genuine,941,109,109,False,high,True,True,reject,True,False
genuine,942,87,87,False,low,True,True,flag,False,False
genuine,943,85,85,False,high,True,True,reject,True,False
genuine,944,85,85,False,high,True,True,reject,True,False
genuine,945,85,85,True,low,True,True,flag,False,False
genuine,946,85,85,True,high,True,True,accept,False,False
genuine,947,51,51,True,low,True,True,flag,False,False
genuine,948,92,92,False,high,True,True,reject,True,False
genuine,949,85,85,False,low,True,True,flag,False,False
genuine,950,87,87,False,high,True,True,reject,True,False
genuine,951,51,51,False,low,True,True,flag,False,False
genuine,952,85,85,False,low,True,True,flag,False,False
genuine,953,85,85,True,low,True,True,flag,False,False
genuine,954,85,85,True,middle,True,True,flag,False,False
genuine,955,85,85,True,middle,True,True,flag,False,False
genuine,956,109,109,False,middle,True,True,flag,False,False
genuine,957,85,85,True,high,True,True,accept,False,False
genuine,958,87,87,False,low,True,True,flag,False,False
genuine,959,85,85,False,low,True,True,flag,False,False
genuine,960,109,109,False,middle,True,True,flag,False,False
genuine,961,85,85,True,middle,True,True,flag,False,False
genuine,962,87,87,False,low,True,True,flag,False,False
genuine,963,85,85,False,middle,True,True,flag,False,False
genuine,964,109,109,False,low,True,True,flag,False,False
genuine,965,92,92,False,low,True,True,flag,False,False
genuine,966,85,85,False,low,True,True,flag,False,False
genuine,967,109,109,False,low,True,True,flag,False,False
genuine,968,85,85,False,middle,True,True,flag,False,False
genuine,969,51,51,False,middle,True,True,flag,False,False
genuine,970,92,92,True,low,True,True,flag,False,False
genuine,971,87,87,False,high,True,True,reject,True,False
genuine,972,87,87,False,low,True,True,flag,False,False
genuine,973,87,87,False,low,True,True,flag,False,False
genuine,974,85,85,False,middle,True,True,flag,False,False
genuine,975,87,87,False,middle,True,True,flag,False,False
genuine,976,85,85,False,low,True,True,flag,False,False
genuine,977,87,87,True,high,True,True,accept,False,False
genuine,978,87,87,False,high,True,True,reject,True,False
genuine,979,85,85,True,middle,True,True,flag,False,False
genuine,980,87,87,False,middle,True,True,flag,False,False
genuine,981,92,92,False,low,True,True,flag,False,False
genuine,982,85,85,False,middle,True,True,flag,False,False
genuine,983,92,92,False,middle,True,True,flag,False,False
genuine,984,87,87,True,low,True,True,flag,False,False
genuine,985,92,92,False,high,True,True,reject,True,False
genuine,986,85,85,False,low,True,True,flag,False,False
genuine,987,92,92,False,high,True,True,reject,True,False
genuine,988,51,51,False,low,True,True,flag,False,False
genuine,989,87,87,False,middle,True,True,flag,False,False
genuine,990,109,109,True,middle,True,True,flag,False,False
genuine,991,87,87,False,low,True,True,flag,False,False
genuine,992,51,51,False,high,True,True,reject,True,False
genuine,993,51,51,False,low,True,True,flag,False,False
genuine,994,87,87,False,low,True,True,flag,False,False
genuine,995,92,92,False,high,True,True,reject,True,False
genuine,996,92,92,True,middle,True,True,flag,False,False
genuine,997,92,92,False,middle,True,True,flag,False,False
genuine,998,51,51,False,high,True,True,reject,True,False
genuine,999,92,92,False,low,True,True,flag,False,False
genuine,1000,109,109,False,low,True,True,flag,False,False
genuine,1001,87,87,True,high,True,True,accept,False,False
genuine,1002,92,92,False,low,True,True,flag,False,False
genuine,1003,92,92,False,middle,True,True,flag,False,False
genuine,1004,51,51,False,middle,True,True,flag,False,False
genuine,1005,92,92,True,middle,True,True,flag,False,False
genuine,1006,109,109,False,low,True,True,flag,False,False
genuine,1007,51,51,False,high,True,True,reject,True,False
genuine,1008,51,51,True,low,True,True,flag,False,False
genuine,1009,87,87,True,low,True,True,flag,False,False
genuine,1010,51,51,False,high,True,True,reject,True,False
genuine,1011,87,87,False,high,True,True,reject,True,False
genuine,1012,87,87,False,high,True,True,reject,True,False
genuine,1013,87,87,False,middle,True,True,flag,False,False
genuine,1014,85,85,False,middle,True,True,flag,False,False
genuine,1015,51,51,False,middle,True,True,flag,False,False
genuine,1016,85,85,False,high,True,True,reject,True,False
genuine,1017,92,92,False,high,True,True,reject,True,False
genuine,1018,87,87,True,low,True,True,flag,False,False
genuine,1019,92,92,False,low,True,True,flag,False,False
genuine,1020,92,92,True,high,True,True,accept,False,False
genuine,1021,87,87,False,low,True,True,flag,False,False
genuine,1022,87,87,False,low,True,True,flag,False,False
genuine,1023,87,87,False,low,True,True,flag,False,False
genuine,1024,51,51,False,low,True,True,flag,False,False
genuine,1025,87,87,False,high,True,True,reject,True,False
genuine,1026,109,109,True,middle,True,True,flag,False,False
genuine,1027,92,92,False,low,True,True,flag,False,False
genuine,1028,92,92,False,high,True,True,reject,True,False
genuine,1029,92,92,False,middle,True,True,flag,False,False
genuine,1030,85,85,False,middle,True,True,flag,False,False
genuine,1031,87,87,False,low,True,True,flag,False,False
genuine,1032,92,92,False,low,True,True,flag,False,False
genuine,1033,51,51,False,low,True,True,flag,False,False
genuine,1034,85,85,False,high,True,True,reject,True,False
genuine,1035,87,87,True,low,True,True,flag,False,False
genuine,1036,92,92,False,high,True,True,reject,True,False
genuine,1037,92,92,False,low,True,True,flag,False,False
genuine,1038,87,87,False,high,True,True,reject,True,False
genuine,1039,92,92,False,high,True,True,reject,True,False
genuine,1040,85,85,False,middle,True,True,flag,False,False
genuine,1041,109,109,True,high,True,True,accept,False,False
genuine,1042,87,87,False,high,True,True,reject,True,False
genuine,1043,85,85,False,low,True,True,flag,False,False
genuine,1044,51,51,False,low,True,True,flag,False,False
genuine,1045,87,87,False,high,True,True,reject,True,False
genuine,1046,51,51,False,high,True,True,reject,True,False
genuine,1047,87,87,False,low,True,True,flag,False,False
genuine,1048,51,51,False,middle,True,True,flag,False,False
genuine,1049,87,87,False,high,True,True,reject,True,False
genuine,1050,87,87,False,middle,True,True,flag,False,False
genuine,1051,87,87,False,low,True,True,flag,False,False
genuine,1052,85,85,True,low,True,True,flag,False,False
genuine,1053,92,92,False,low,True,True,flag,False,False
genuine,1054,92,92,False,middle,True,True,flag,False,False
genuine,1055,85,85,False,high,True,True,reject,True,False
genuine,1056,92,92,False,low,True,True,flag,False,False
genuine,1057,92,92,False,low,True,True,flag,False,False
genuine,1058,85,85,False,low,True,True,flag,False,False
genuine,1059,85,85,True,high,True,True,accept,False,False
genuine,1060,92,92,False,low,True,True,flag,False,False
genuine,1061,85,85,False,high,True,True,reject,True,False
genuine,1062,87,87,False,low,True,True,flag,False,False
genuine,1063,92,92,False,high,True,True,reject,True,False
genuine,1064,87,87,True,middle,True,True,flag,False,False
genuine,1065,92,92,False,low,True,True,flag,False,False
genuine,1066,85,85,True,low,True,True,flag,False,False
genuine,1067,109,109,True,high,True,True,accept,False,False
genuine,1068,109,109,True,high,True,True,accept,False,False
genuine,1069,92,92,True,middle,True,True,flag,False,False
genuine,1070,92,92,False,low,True,True,flag,False,False
genuine,1071,92,92,False,low,True,True,flag,False,False
genuine,1072,85,85,False,middle,True,True,flag,False,False
genuine,1073,87,87,False,high,True,True,reject,True,False
genuine,1074,92,92,False,low,True,True,flag,False,False
genuine,1075,51,51,False,high,True,True,reject,True,False
genuine,1076,87,87,False,high,True,True,reject,True,False
genuine,1077,51,51,False,low,True,True,flag,False,False
genuine,1078,92,92,False,low,True,True,flag,False,False
genuine,1079,87,87,False,low,True,True,flag,False,False
genuine,1080,85,85,True,high,True,True,accept,False,False
genuine,1081,92,92,True,low,True,True,flag,False,False
genuine,1082,51,51,False,low,True,True,flag,False,False
genuine,1083,51,51,False,low,True,True,flag,False,False
genuine,1084,87,87,False,low,True,True,flag,False,False
genuine,1085,87,87,False,low,True,True,flag,False,False
genuine,1086,85,85,False,high,True,True,reject,True,False
genuine,1087,87,87,False,low,True,True,flag,False,False
genuine,1088,85,85,True,high,True,True,accept,False,False
genuine,1089,109,109,True,low,True,True,flag,False,False
genuine,1090,87,87,False,low,True,True,flag,False,False
genuine,1091,87,87,False,high,True,True,reject,True,False
genuine,1092,87,87,False,middle,True,True,flag,False,False
genuine,1093,85,85,True,high,True,True,accept,False,False
genuine,1094,85,85,False,middle,True,True,flag,False,False
genuine,1095,92,92,False,high,True,True,reject,True,False
genuine,1096,87,87,True,high,True,True,accept,False,False
genuine,1097,109,109,False,low,True,True,flag,False,False
genuine,1098,109,109,False,low,True,True,flag,False,False
genuine,1099,85,85,True,high,True,True,accept,False,False
genuine,1100,109,109,False,high,True,True,reject,True,False
genuine,1101,85,85,False,middle,True,True,flag,False,False
genuine,1102,92,92,True,high,True,True,accept,False,False
genuine,1103,87,87,False,middle,True,True,flag,False,False
genuine,1104,109,109,False,low,True,True,flag,False,False
genuine,1105,109,109,False,low,True,True,flag,False,False
genuine,1106,51,51,False,middle,True,True,flag,False,False
genuine,1107,85,85,False,low,True,True,flag,False,False
genuine,1108,92,92,False,middle,True,True,flag,False,False
genuine,1109,51,51,False,low,True,True,flag,False,False
genuine,1110,51,51,False,high,True,True,reject,True,False
genuine,1111,92,92,False,middle,True,True,flag,False,False
genuine,1112,92,92,False,high,True,True,reject,True,False
genuine,1113,85,85,False,high,True,True,reject,True,False
genuine,1114,51,51,True,low,True,True,flag,False,False
genuine,1115,87,87,False,middle,True,True,flag,False,False
genuine,1116,87,87,False,low,True,True,flag,False,False
genuine,1117,87,87,True,high,True,True,accept,False,False
genuine,1118,85,85,False,high,True,True,reject,True,False
genuine,1119,92,92,False,low,True,True,flag,False,False
genuine,1120,92,92,False,low,True,True,flag,False,False
genuine,1121,92,92,False,middle,True,True,flag,False,False
genuine,1122,51,51,False,high,True,True,reject,True,False
genuine,1123,109,109,True,middle,True,True,flag,False,False
genuine,1124,51,51,False,middle,True,True,flag,False,False
genuine,1125,87,87,False,low,True,True,flag,False,False
genuine,1126,87,87,True,low,True,True,flag,False,False
genuine,1127,92,92,True,high,True,True,accept,False,False
genuine,1128,109,109,False,high,True,True,reject,True,False
genuine,1129,109,109,False,middle,True,True,flag,False,False
genuine,1130,51,51,True,middle,True,True,flag,False,False
genuine,1131,85,85,False,low,True,True,flag,False,False
genuine,1132,85,85,False,low,True,True,flag,False,False
genuine,1133,85,85,True,high,True,True,accept,False,False
genuine,1134,85,85,True,low,True,True,flag,False,False
genuine,1135,87,87,False,middle,True,True,flag,False,False
genuine,1136,109,109,False,middle,True,True,flag,False,False
genuine,1137,87,87,False,low,True,True,flag,False,False
genuine,1138,92,92,False,high,True,True,reject,True,False
genuine,1139,92,92,False,high,True,True,reject,True,False
genuine,1140,92,92,False,middle,True,True,flag,False,False
genuine,1141,92,92,False,middle,True,True,flag,False,False
genuine,1142,85,85,True,middle,True,True,flag,False,False
genuine,1143,85,85,False,low,True,True,flag,False,False
genuine,1144,87,87,True,low,True,True,flag,False,False
genuine,1145,92,92,False,middle,True,True,flag,False,False
genuine,1146,109,109,False,high,True,True,reject,True,False
genuine,1147,85,85,True,low,True,True,flag,False,False
genuine,1148,92,92,False,high,True,True,reject,True,False
genuine,1149,87,87,False,high,True,True,reject,True,False
genuine,1150,51,51,False,high,True,True,reject,True,False
genuine,1151,51,51,False,middle,True,True,flag,False,False
genuine,1152,92,92,False,low,True,True,flag,False,False
genuine,1153,109,109,True,low,True,True,flag,False,False
genuine,1154,109,109,False,low,True,True,flag,False,False
genuine,1155,51,51,True,middle,True,True,flag,False,False
genuine,1156,109,109,True,high,True,True,accept,False,False
genuine,1157,92,92,False,high,True,True,reject,True,False
genuine,1158,51,51,False,low,True,True,flag,False,False
genuine,1159,87,87,False,low,True,True,flag,False,False
genuine,1160,109,109,False,high,True,True,reject,True,False
genuine,1161,109,109,True,low,True,True,flag,False,False
genuine,1162,87,87,False,middle,True,True,flag,False,False
genuine,1163,87,87,False,middle,True,True,flag,False,False
genuine,1164,109,109,False,high,True,True,reject,True,False
genuine,1165,92,92,False,middle,True,True,flag,False,False
genuine,1166,51,51,False,high,True,True,reject,True,False
genuine,1167,109,109,False,high,True,True,reject,True,False
genuine,1168,92,92,False,high,True,True,reject,True,False
genuine,1169,51,51,False,low,True,True,flag,False,False
genuine,1170,109,109,True,middle,True,True,flag,False,False
genuine,1171,92,92,False,middle,True,True,flag,False,False
genuine,1172,51,51,False,middle,True,True,flag,False,False
genuine,1173,85,85,False,middle,True,True,flag,False,False
genuine,1174,92,92,True,high,True,True,accept,False,False
genuine,1175,109,109,True,low,True,True,flag,False,False
genuine,1176,85,85,True,middle,True,True,flag,False,False
genuine,1177,87,87,False,high,True,True,reject,True,False
genuine,1178,85,85,False,low,True,True,flag,False,False
genuine,1179,85,85,True,middle,True,True,flag,False,False
genuine,1180,109,109,True,high,True,True,accept,False,False
genuine,1181,51,51,False,low,True,True,flag,False,False
genuine,1182,51,51,True,low,True,True,flag,False,False
genuine,1183,85,85,False,low,True,True,flag,False,False
genuine,1184,85,85,False,high,True,True,reject,True,False
genuine,1185,85,85,True,high,True,True,accept,False,False
genuine,1186,51,51,False,high,True,True,reject,True,False
genuine,1187,85,85,False,middle,True,True,flag,False,False
genuine,1188,109,109,False,middle,True,True,flag,False,False
genuine,1189,85,85,True,high,True,True,accept,False,False
genuine,1190,85,85,False,low,True,True,flag,False,False
genuine,1191,85,85,False,high,True,True,reject,True,False
genuine,1192,51,51,False,high,True,True,reject,True,False
genuine,1193,85,85,False,low,True,True,flag,False,False
genuine,1194,109,109,False,low,True,True,flag,False,False
genuine,1195,92,92,False,high,True,True,reject,True,False
genuine,1196,87,87,False,high,True,True,reject,True,False
genuine,1197,87,87,False,high,True,True,reject,True,False
genuine,1198,85,85,True,high,True,True,accept,False,False
genuine,1199,92,92,False,high,True,True,reject,True,False
genuine,1200,85,85,True,high,True,True,accept,False,False
genuine,1201,51,51,True,high,True,True,accept,False,False
genuine,1202,109,109,False,low,True,True,flag,False,False
genuine,1203,87,87,True,low,True,True,flag,False,False
genuine,1204,87,87,False,low,True,True,flag,False,False
genuine,1205,51,51,False,low,True,True,flag,False,False
genuine,1206,85,85,False,low,True,True,flag,False,False
genuine,1207,85,85,False,low,True,True,flag,False,False
genuine,1208,109,109,False,middle,True,True,flag,False,False
genuine,1209,51,51,False,middle,True,True,flag,False,False
genuine,1210,51,51,False,low,True,True,flag,False,False
genuine,1211,51,51,False,low,True,True,flag,False,False
genuine,1212,109,109,False,low,True,True,flag,False,False
genuine,1213,85,85,False,low,True,True,flag,False,False
genuine,1214,85,85,False,high,True,True,reject,True,False
genuine,1215,51,51,True,high,True,True,accept,False,False
genuine,1216,85,85,False,high,True,True,reject,True,False
genuine,1217,92,92,False,middle,True,True,flag,False,False
genuine,1218,87,87,False,low,True,True,flag,False,False
genuine,1219,109,109,False,low,True,True,flag,False,False
genuine,1220,92,92,False,middle,True,True,flag,False,False
genuine,1221,92,92,False,high,True,True,reject,True,False
genuine,1222,92,92,False,high,True,True,reject,True,False
genuine,1223,51,51,False,high,True,True,reject,True,False
genuine,1224,109,109,True,low,True,True,flag,False,False
genuine,1225,85,85,True,low,True,True,flag,False,False
genuine,1226,109,109,False,middle,True,True,flag,False,False
genuine,1227,85,85,False,low,True,True,flag,False,False
genuine,1228,92,92,False,low,True,True,flag,False,False
genuine,1229,92,92,True,low,True,True,flag,False,False
genuine,1230,85,85,False,high,True,True,reject,True,False
genuine,1231,92,92,False,high,True,True,reject,True,False
genuine,1232,92,92,False,high,True,True,reject,True,False
wrong_hardware,0,109,92,False,high,True,True,reject,True,False
wrong_hardware,0,109,85,False,high,True,True,reject,True,False
wrong_hardware,0,109,87,False,high,True,True,reject,True,False
wrong_hardware,0,109,51,False,high,True,True,reject,True,False
wrong_hardware,1,85,92,False,middle,True,True,flag,False,False
wrong_hardware,1,85,87,False,middle,True,True,flag,False,False
wrong_hardware,1,85,51,True,middle,True,True,flag,False,False
wrong_hardware,1,85,109,False,middle,True,True,flag,False,False
wrong_hardware,2,109,92,False,high,True,True,reject,True,False
wrong_hardware,2,109,85,False,high,True,True,reject,True,False
wrong_hardware,2,109,87,False,high,True,True,reject,True,False
wrong_hardware,2,109,51,True,high,True,True,accept,False,False
wrong_hardware,3,109,92,True,middle,True,True,flag,False,False
wrong_hardware,3,109,85,False,middle,True,True,flag,False,False
wrong_hardware,3,109,87,False,middle,True,True,flag,False,False
wrong_hardware,3,109,51,False,middle,True,True,flag,False,False
wrong_hardware,4,92,85,True,low,True,True,flag,False,False
wrong_hardware,4,92,87,False,low,True,True,flag,False,False
wrong_hardware,4,92,51,False,low,True,True,flag,False,False
wrong_hardware,4,92,109,False,low,True,True,flag,False,False
wrong_hardware,5,85,92,False,low,True,True,flag,False,False
wrong_hardware,5,85,87,True,low,True,True,flag,False,False
wrong_hardware,5,85,51,False,low,True,True,flag,False,False
wrong_hardware,5,85,109,False,low,True,True,flag,False,False
wrong_hardware,6,85,92,False,middle,True,True,flag,False,False
wrong_hardware,6,85,87,False,middle,True,True,flag,False,False
wrong_hardware,6,85,51,False,middle,True,True,flag,False,False
wrong_hardware,6,85,109,False,middle,True,True,flag,False,False
wrong_hardware,7,87,92,False,low,True,True,flag,False,False
wrong_hardware,7,87,85,False,low,True,True,flag,False,False
wrong_hardware,7,87,51,False,low,True,True,flag,False,False
wrong_hardware,7,87,109,False,low,True,True,flag,False,False
wrong_hardware,8,87,92,True,middle,True,True,flag,False,False
wrong_hardware,8,87,85,False,middle,True,True,flag,False,False
wrong_hardware,8,87,51,False,middle,True,True,flag,False,False
wrong_hardware,8,87,109,False,middle,True,True,flag,False,False
wrong_hardware,9,51,92,True,high,True,True,accept,False,False
wrong_hardware,9,51,85,False,high,True,True,reject,True,False
wrong_hardware,9,51,87,False,high,True,True,reject,True,False
wrong_hardware,9,51,109,False,high,True,True,reject,True,False
wrong_hardware,10,92,85,False,low,True,True,flag,False,False
wrong_hardware,10,92,87,True,low,True,True,flag,False,False
wrong_hardware,10,92,51,False,low,True,True,flag,False,False
wrong_hardware,10,92,109,False,low,True,True,flag,False,False
wrong_hardware,11,51,92,False,middle,True,True,flag,False,False
wrong_hardware,11,51,85,True,middle,True,True,flag,False,False
wrong_hardware,11,51,87,False,middle,True,True,flag,False,False
wrong_hardware,11,51,109,False,middle,True,True,flag,False,False
wrong_hardware,12,109,92,False,low,True,True,flag,False,False
wrong_hardware,12,109,85,True,low,True,True,flag,False,False
wrong_hardware,12,109,87,False,low,True,True,flag,False,False
wrong_hardware,12,109,51,False,low,True,True,flag,False,False
wrong_hardware,13,85,92,False,middle,True,True,flag,False,False
wrong_hardware,13,85,87,False,middle,True,True,flag,False,False
wrong_hardware,13,85,51,False,middle,True,True,flag,False,False
wrong_hardware,13,85,109,True,middle,True,True,flag,False,False
wrong_hardware,14,85,92,False,high,True,True,reject,True,False
wrong_hardware,14,85,87,False,high,True,True,reject,True,False
wrong_hardware,14,85,51,False,high,True,True,reject,True,False
wrong_hardware,14,85,109,True,high,True,True,accept,False,False
wrong_hardware,15,51,92,False,low,True,True,flag,False,False
wrong_hardware,15,51,85,False,low,True,True,flag,False,False
wrong_hardware,15,51,87,False,low,True,True,flag,False,False
wrong_hardware,15,51,109,False,low,True,True,flag,False,False
wrong_hardware,16,87,92,False,low,True,True,flag,False,False
wrong_hardware,16,87,85,True,low,True,True,flag,False,False
wrong_hardware,16,87,51,False,low,True,True,flag,False,False
wrong_hardware,16,87,109,False,low,True,True,flag,False,False
wrong_hardware,17,51,92,False,middle,True,True,flag,False,False
wrong_hardware,17,51,85,False,middle,True,True,flag,False,False
wrong_hardware,17,51,87,False,middle,True,True,flag,False,False
wrong_hardware,17,51,109,False,middle,True,True,flag,False,False
wrong_hardware,18,92,85,False,low,True,True,flag,False,False
wrong_hardware,18,92,87,False,low,True,True,flag,False,False
wrong_hardware,18,92,51,True,low,True,True,flag,False,False
wrong_hardware,18,92,109,False,low,True,True,flag,False,False
wrong_hardware,19,85,92,False,high,True,True,reject,True,False
wrong_hardware,19,85,87,False,high,True,True,reject,True,False
wrong_hardware,19,85,51,False,high,True,True,reject,True,False
wrong_hardware,19,85,109,False,high,True,True,reject,True,False
wrong_hardware,20,109,92,False,low,True,True,flag,False,False
wrong_hardware,20,109,85,True,low,True,True,flag,False,False
wrong_hardware,20,109,87,False,low,True,True,flag,False,False
wrong_hardware,20,109,51,False,low,True,True,flag,False,False
wrong_hardware,21,87,92,False,middle,True,True,flag,False,False
wrong_hardware,21,87,85,True,middle,True,True,flag,False,False
wrong_hardware,21,87,51,False,middle,True,True,flag,False,False
wrong_hardware,21,87,109,False,middle,True,True,flag,False,False
wrong_hardware,22,87,92,False,high,True,True,reject,True,False
wrong_hardware,22,87,85,False,high,True,True,reject,True,False
wrong_hardware,22,87,51,True,high,True,True,accept,False,False
wrong_hardware,22,87,109,False,high,True,True,reject,True,False
wrong_hardware,23,109,92,True,middle,True,True,flag,False,False
wrong_hardware,23,109,85,False,middle,True,True,flag,False,False
wrong_hardware,23,109,87,False,middle,True,True,flag,False,False
wrong_hardware,23,109,51,False,middle,True,True,flag,False,False
wrong_hardware,24,109,92,False,middle,True,True,flag,False,False
wrong_hardware,24,109,85,False,middle,True,True,flag,False,False
wrong_hardware,24,109,87,True,middle,True,True,flag,False,False
wrong_hardware,24,109,51,False,middle,True,True,flag,False,False
wrong_hardware,25,51,92,False,high,True,True,reject,True,False
wrong_hardware,25,51,85,True,high,True,True,accept,False,False
wrong_hardware,25,51,87,False,high,True,True,reject,True,False
wrong_hardware,25,51,109,False,high,True,True,reject,True,False
wrong_hardware,26,51,92,True,high,True,True,accept,False,False
wrong_hardware,26,51,85,False,high,True,True,reject,True,False
wrong_hardware,26,51,87,False,high,True,True,reject,True,False
wrong_hardware,26,51,109,False,high,True,True,reject,True,False
wrong_hardware,27,51,92,False,middle,True,True,flag,False,False
wrong_hardware,27,51,85,False,middle,True,True,flag,False,False
wrong_hardware,27,51,87,False,middle,True,True,flag,False,False
wrong_hardware,27,51,109,False,middle,True,True,flag,False,False
wrong_hardware,28,109,92,False,high,True,True,reject,True,False
wrong_hardware,28,109,85,False,high,True,True,reject,True,False
wrong_hardware,28,109,87,True,high,True,True,accept,False,False
wrong_hardware,28,109,51,False,high,True,True,reject,True,False
wrong_hardware,29,85,92,False,high,True,True,reject,True,False
wrong_hardware,29,85,87,False,high,True,True,reject,True,False
wrong_hardware,29,85,51,False,high,True,True,reject,True,False
wrong_hardware,29,85,109,False,high,True,True,reject,True,False
wrong_hardware,30,51,92,False,low,True,True,flag,False,False
wrong_hardware,30,51,85,False,low,True,True,flag,False,False
wrong_hardware,30,51,87,False,low,True,True,flag,False,False
wrong_hardware,30,51,109,True,low,True,True,flag,False,False
wrong_hardware,31,109,92,False,low,True,True,flag,False,False
wrong_hardware,31,109,85,False,low,True,True,flag,False,False
wrong_hardware,31,109,87,False,low,True,True,flag,False,False
wrong_hardware,31,109,51,True,low,True,True,flag,False,False
wrong_hardware,32,109,92,False,low,True,True,flag,False,False
wrong_hardware,32,109,85,False,low,True,True,flag,False,False
wrong_hardware,32,109,87,True,low,True,True,flag,False,False
wrong_hardware,32,109,51,False,low,True,True,flag,False,False
wrong_hardware,33,92,85,False,middle,True,True,flag,False,False
wrong_hardware,33,92,87,True,middle,True,True,flag,False,False
wrong_hardware,33,92,51,False,middle,True,True,flag,False,False
wrong_hardware,33,92,109,False,middle,True,True,flag,False,False
wrong_hardware,34,87,92,False,low,True,True,flag,False,False
wrong_hardware,34,87,85,False,low,True,True,flag,False,False
wrong_hardware,34,87,51,False,low,True,True,flag,False,False
wrong_hardware,34,87,109,False,low,True,True,flag,False,False
wrong_hardware,35,109,92,False,low,True,True,flag,False,False
wrong_hardware,35,109,85,False,low,True,True,flag,False,False
wrong_hardware,35,109,87,False,low,True,True,flag,False,False
wrong_hardware,35,109,51,True,low,True,True,flag,False,False
wrong_hardware,36,85,92,False,high,True,True,reject,True,False
wrong_hardware,36,85,87,False,high,True,True,reject,True,False
wrong_hardware,36,85,51,False,high,True,True,reject,True,False
wrong_hardware,36,85,109,False,high,True,True,reject,True,False
wrong_hardware,37,92,85,False,high,True,True,reject,True,False
wrong_hardware,37,92,87,False,high,True,True,reject,True,False
wrong_hardware,37,92,51,False,high,True,True,reject,True,False
wrong_hardware,37,92,109,True,high,True,True,accept,False,False
wrong_hardware,38,85,92,False,middle,True,True,flag,False,False
wrong_hardware,38,85,87,False,middle,True,True,flag,False,False
wrong_hardware,38,85,51,False,middle,True,True,flag,False,False
wrong_hardware,38,85,109,False,middle,True,True,flag,False,False
wrong_hardware,39,85,92,False,low,True,True,flag,False,False
wrong_hardware,39,85,87,False,low,True,True,flag,False,False
wrong_hardware,39,85,51,False,low,True,True,flag,False,False
wrong_hardware,39,85,109,False,low,True,True,flag,False,False
wrong_hardware,40,87,92,False,low,True,True,flag,False,False
wrong_hardware,40,87,85,True,low,True,True,flag,False,False
wrong_hardware,40,87,51,False,low,True,True,flag,False,False
wrong_hardware,40,87,109,False,low,True,True,flag,False,False
wrong_hardware,41,109,92,True,low,True,True,flag,False,False
wrong_hardware,41,109,85,False,low,True,True,flag,False,False
wrong_hardware,41,109,87,False,low,True,True,flag,False,False
wrong_hardware,41,109,51,False,low,True,True,flag,False,False
wrong_hardware,42,92,85,False,high,True,True,reject,True,False
wrong_hardware,42,92,87,False,high,True,True,reject,True,False
wrong_hardware,42,92,51,False,high,True,True,reject,True,False
wrong_hardware,42,92,109,True,high,True,True,accept,False,False
wrong_hardware,43,109,92,False,high,True,True,reject,True,False
wrong_hardware,43,109,85,False,high,True,True,reject,True,False
wrong_hardware,43,109,87,False,high,True,True,reject,True,False
wrong_hardware,43,109,51,False,high,True,True,reject,True,False
wrong_hardware,44,51,92,False,high,True,True,reject,True,False
wrong_hardware,44,51,85,False,high,True,True,reject,True,False
wrong_hardware,44,51,87,False,high,True,True,reject,True,False
wrong_hardware,44,51,109,False,high,True,True,reject,True,False
wrong_hardware,45,92,85,False,middle,True,True,flag,False,False
wrong_hardware,45,92,87,False,middle,True,True,flag,False,False
wrong_hardware,45,92,51,False,middle,True,True,flag,False,False
wrong_hardware,45,92,109,False,middle,True,True,flag,False,False
wrong_hardware,46,87,92,False,low,True,True,flag,False,False
wrong_hardware,46,87,85,False,low,True,True,flag,False,False
wrong_hardware,46,87,51,True,low,True,True,flag,False,False
wrong_hardware,46,87,109,False,low,True,True,flag,False,False
wrong_hardware,47,87,92,True,low,True,True,flag,False,False
wrong_hardware,47,87,85,False,low,True,True,flag,False,False
wrong_hardware,47,87,51,False,low,True,True,flag,False,False
wrong_hardware,47,87,109,False,low,True,True,flag,False,False
wrong_hardware,48,87,92,False,high,True,True,reject,True,False
wrong_hardware,48,87,85,False,high,True,True,reject,True,False
wrong_hardware,48,87,51,False,high,True,True,reject,True,False
wrong_hardware,48,87,109,True,high,True,True,accept,False,False
wrong_hardware,49,87,92,False,low,True,True,flag,False,False
wrong_hardware,49,87,85,True,low,True,True,flag,False,False
wrong_hardware,49,87,51,False,low,True,True,flag,False,False
wrong_hardware,49,87,109,False,low,True,True,flag,False,False
wrong_hardware,50,51,92,False,high,True,True,reject,True,False
wrong_hardware,50,51,85,False,high,True,True,reject,True,False
wrong_hardware,50,51,87,False,high,True,True,reject,True,False
wrong_hardware,50,51,109,True,high,True,True,accept,False,False
wrong_hardware,51,92,85,False,low,True,True,flag,False,False
wrong_hardware,51,92,87,False,low,True,True,flag,False,False
wrong_hardware,51,92,51,True,low,True,True,flag,False,False
wrong_hardware,51,92,109,False,low,True,True,flag,False,False
wrong_hardware,52,51,92,True,high,True,True,accept,False,False
wrong_hardware,52,51,85,False,high,True,True,reject,True,False
wrong_hardware,52,51,87,False,high,True,True,reject,True,False
wrong_hardware,52,51,109,False,high,True,True,reject,True,False
wrong_hardware,53,109,92,False,middle,True,True,flag,False,False
wrong_hardware,53,109,85,False,middle,True,True,flag,False,False
wrong_hardware,53,109,87,False,middle,True,True,flag,False,False
wrong_hardware,53,109,51,False,middle,True,True,flag,False,False
wrong_hardware,54,85,92,False,low,True,True,flag,False,False
wrong_hardware,54,85,87,False,low,True,True,flag,False,False
wrong_hardware,54,85,51,False,low,True,True,flag,False,False
wrong_hardware,54,85,109,True,low,True,True,flag,False,False
wrong_hardware,55,92,85,False,high,True,True,reject,True,False
wrong_hardware,55,92,87,False,high,True,True,reject,True,False
wrong_hardware,55,92,51,False,high,True,True,reject,True,False
wrong_hardware,55,92,109,False,high,True,True,reject,True,False
wrong_hardware,56,51,92,False,high,True,True,reject,True,False
wrong_hardware,56,51,85,False,high,True,True,reject,True,False
wrong_hardware,56,51,87,False,high,True,True,reject,True,False
wrong_hardware,56,51,109,True,high,True,True,accept,False,False
wrong_hardware,57,87,92,True,low,True,True,flag,False,False
wrong_hardware,57,87,85,False,low,True,True,flag,False,False
wrong_hardware,57,87,51,False,low,True,True,flag,False,False
wrong_hardware,57,87,109,False,low,True,True,flag,False,False
wrong_hardware,58,85,92,False,middle,True,True,flag,False,False
wrong_hardware,58,85,87,False,middle,True,True,flag,False,False
wrong_hardware,58,85,51,False,middle,True,True,flag,False,False
wrong_hardware,58,85,109,False,middle,True,True,flag,False,False
wrong_hardware,59,87,92,False,low,True,True,flag,False,False
wrong_hardware,59,87,85,False,low,True,True,flag,False,False
wrong_hardware,59,87,51,False,low,True,True,flag,False,False
wrong_hardware,59,87,109,True,low,True,True,flag,False,False
wrong_hardware,60,87,92,False,low,True,True,flag,False,False
wrong_hardware,60,87,85,False,low,True,True,flag,False,False
wrong_hardware,60,87,51,True,low,True,True,flag,False,False
wrong_hardware,60,87,109,False,low,True,True,flag,False,False
wrong_hardware,61,109,92,False,middle,True,True,flag,False,False
wrong_hardware,61,109,85,False,middle,True,True,flag,False,False
wrong_hardware,61,109,87,False,middle,True,True,flag,False,False
wrong_hardware,61,109,51,True,middle,True,True,flag,False,False
wrong_hardware,62,87,92,False,middle,True,True,flag,False,False
wrong_hardware,62,87,85,False,middle,True,True,flag,False,False
wrong_hardware,62,87,51,False,middle,True,True,flag,False,False
wrong_hardware,62,87,109,True,middle,True,True,flag,False,False
wrong_hardware,63,87,92,False,low,True,True,flag,False,False
wrong_hardware,63,87,85,True,low,True,True,flag,False,False
wrong_hardware,63,87,51,False,low,True,True,flag,False,False
wrong_hardware,63,87,109,False,low,True,True,flag,False,False
wrong_hardware,64,85,92,False,high,True,True,reject,True,False
wrong_hardware,64,85,87,False,high,True,True,reject,True,False
wrong_hardware,64,85,51,False,high,True,True,reject,True,False
wrong_hardware,64,85,109,True,high,True,True,accept,False,False
wrong_hardware,65,92,85,False,middle,True,True,flag,False,False
wrong_hardware,65,92,87,False,middle,True,True,flag,False,False
wrong_hardware,65,92,51,False,middle,True,True,flag,False,False
wrong_hardware,65,92,109,False,middle,True,True,flag,False,False
wrong_hardware,66,85,92,True,low,True,True,flag,False,False
wrong_hardware,66,85,87,False,low,True,True,flag,False,False
wrong_hardware,66,85,51,False,low,True,True,flag,False,False
wrong_hardware,66,85,109,False,low,True,True,flag,False,False
wrong_hardware,67,51,92,False,middle,True,True,flag,False,False
wrong_hardware,67,51,85,True,middle,True,True,flag,False,False
wrong_hardware,67,51,87,False,middle,True,True,flag,False,False
wrong_hardware,67,51,109,False,middle,True,True,flag,False,False
wrong_hardware,68,92,85,False,middle,True,True,flag,False,False
wrong_hardware,68,92,87,False,middle,True,True,flag,False,False
wrong_hardware,68,92,51,False,middle,True,True,flag,False,False
wrong_hardware,68,92,109,False,middle,True,True,flag,False,False
wrong_hardware,69,85,92,False,low,True,True,flag,False,False
wrong_hardware,69,85,87,False,low,True,True,flag,False,False
wrong_hardware,69,85,51,False,low,True,True,flag,False,False
wrong_hardware,69,85,109,False,low,True,True,flag,False,False
wrong_hardware,70,51,92,False,high,True,True,reject,True,False
wrong_hardware,70,51,85,False,high,True,True,reject,True,False
wrong_hardware,70,51,87,False,high,True,True,reject,True,False
wrong_hardware,70,51,109,True,high,True,True,accept,False,False
wrong_hardware,71,109,92,False,low,True,True,flag,False,False
wrong_hardware,71,109,85,True,low,True,True,flag,False,False
wrong_hardware,71,109,87,False,low,True,True,flag,False,False
wrong_hardware,71,109,51,False,low,True,True,flag,False,False
wrong_hardware,72,51,92,False,high,True,True,reject,True,False
wrong_hardware,72,51,85,True,high,True,True,accept,False,False
wrong_hardware,72,51,87,False,high,True,True,reject,True,False
wrong_hardware,72,51,109,False,high,True,True,reject,True,False
wrong_hardware,73,85,92,False,middle,True,True,flag,False,False
wrong_hardware,73,85,87,False,middle,True,True,flag,False,False
wrong_hardware,73,85,51,False,middle,True,True,flag,False,False
wrong_hardware,73,85,109,False,middle,True,True,flag,False,False
wrong_hardware,74,85,92,False,low,True,True,flag,False,False
wrong_hardware,74,85,87,False,low,True,True,flag,False,False
wrong_hardware,74,85,51,False,low,True,True,flag,False,False
wrong_hardware,74,85,109,False,low,True,True,flag,False,False
wrong_hardware,75,51,92,False,high,True,True,reject,True,False
wrong_hardware,75,51,85,True,high,True,True,accept,False,False
wrong_hardware,75,51,87,False,high,True,True,reject,True,False
wrong_hardware,75,51,109,False,high,True,True,reject,True,False
wrong_hardware,76,51,92,False,high,True,True,reject,True,False
wrong_hardware,76,51,85,True,high,True,True,accept,False,False
wrong_hardware,76,51,87,False,high,True,True,reject,True,False
wrong_hardware,76,51,109,False,high,True,True,reject,True,False
wrong_hardware,77,87,92,False,high,True,True,reject,True,False
wrong_hardware,77,87,85,True,high,True,True,accept,False,False
wrong_hardware,77,87,51,False,high,True,True,reject,True,False
wrong_hardware,77,87,109,False,high,True,True,reject,True,False
wrong_hardware,78,85,92,False,high,True,True,reject,True,False
wrong_hardware,78,85,87,True,high,True,True,accept,False,False
wrong_hardware,78,85,51,False,high,True,True,reject,True,False
wrong_hardware,78,85,109,False,high,True,True,reject,True,False
wrong_hardware,79,87,92,False,middle,True,True,flag,False,False
wrong_hardware,79,87,85,False,middle,True,True,flag,False,False
wrong_hardware,79,87,51,True,middle,True,True,flag,False,False
wrong_hardware,79,87,109,False,middle,True,True,flag,False,False
wrong_hardware,80,85,92,False,low,True,True,flag,False,False
wrong_hardware,80,85,87,True,low,True,True,flag,False,False
wrong_hardware,80,85,51,False,low,True,True,flag,False,False
wrong_hardware,80,85,109,False,low,True,True,flag,False,False
wrong_hardware,81,51,92,False,low,True,True,flag,False,False
wrong_hardware,81,51,85,False,low,True,True,flag,False,False
wrong_hardware,81,51,87,False,low,True,True,flag,False,False
wrong_hardware,81,51,109,True,low,True,True,flag,False,False
wrong_hardware,82,92,85,False,middle,True,True,flag,False,False
wrong_hardware,82,92,87,False,middle,True,True,flag,False,False
wrong_hardware,82,92,51,False,middle,True,True,flag,False,False
wrong_hardware,82,92,109,True,middle,True,True,flag,False,False
wrong_hardware,83,92,85,True,middle,True,True,flag,False,False
wrong_hardware,83,92,87,False,middle,True,True,flag,False,False
wrong_hardware,83,92,51,False,middle,True,True,flag,False,False
wrong_hardware,83,92,109,False,middle,True,True,flag,False,False
wrong_hardware,84,92,85,True,high,True,True,accept,False,False
wrong_hardware,84,92,87,False,high,True,True,reject,True,False
wrong_hardware,84,92,51,False,high,True,True,reject,True,False
wrong_hardware,84,92,109,False,high,True,True,reject,True,False
wrong_hardware,85,87,92,False,middle,True,True,flag,False,False
wrong_hardware,85,87,85,False,middle,True,True,flag,False,False
wrong_hardware,85,87,51,False,middle,True,True,flag,False,False
wrong_hardware,85,87,109,False,middle,True,True,flag,False,False
wrong_hardware,86,87,92,False,low,True,True,flag,False,False
wrong_hardware,86,87,85,True,low,True,True,flag,False,False
wrong_hardware,86,87,51,False,low,True,True,flag,False,False
wrong_hardware,86,87,109,False,low,True,True,flag,False,False
wrong_hardware,87,92,85,False,high,True,True,reject,True,False
wrong_hardware,87,92,87,False,high,True,True,reject,True,False
wrong_hardware,87,92,51,False,high,True,True,reject,True,False
wrong_hardware,87,92,109,True,high,True,True,accept,False,False
wrong_hardware,88,85,92,False,low,True,True,flag,False,False
wrong_hardware,88,85,87,False,low,True,True,flag,False,False
wrong_hardware,88,85,51,False,low,True,True,flag,False,False
wrong_hardware,88,85,109,False,low,True,True,flag,False,False
wrong_hardware,89,51,92,False,high,True,True,reject,True,False
wrong_hardware,89,51,85,False,high,True,True,reject,True,False
wrong_hardware,89,51,87,True,high,True,True,accept,False,False
wrong_hardware,89,51,109,False,high,True,True,reject,True,False
wrong_hardware,90,109,92,False,high,True,True,reject,True,False
wrong_hardware,90,109,85,False,high,True,True,reject,True,False
wrong_hardware,90,109,87,False,high,True,True,reject,True,False
wrong_hardware,90,109,51,False,high,True,True,reject,True,False
wrong_hardware,91,51,92,True,high,True,True,accept,False,False
wrong_hardware,91,51,85,False,high,True,True,reject,True,False
wrong_hardware,91,51,87,False,high,True,True,reject,True,False
wrong_hardware,91,51,109,False,high,True,True,reject,True,False
wrong_hardware,92,85,92,True,low,True,True,flag,False,False
wrong_hardware,92,85,87,False,low,True,True,flag,False,False
wrong_hardware,92,85,51,False,low,True,True,flag,False,False
wrong_hardware,92,85,109,False,low,True,True,flag,False,False
wrong_hardware,93,87,92,False,middle,True,True,flag,False,False
wrong_hardware,93,87,85,True,middle,True,True,flag,False,False
wrong_hardware,93,87,51,False,middle,True,True,flag,False,False
wrong_hardware,93,87,109,False,middle,True,True,flag,False,False
wrong_hardware,94,109,92,False,low,True,True,flag,False,False
wrong_hardware,94,109,85,False,low,True,True,flag,False,False
wrong_hardware,94,109,87,True,low,True,True,flag,False,False
wrong_hardware,94,109,51,False,low,True,True,flag,False,False
wrong_hardware,95,85,92,False,low,True,True,flag,False,False
wrong_hardware,95,85,87,True,low,True,True,flag,False,False
wrong_hardware,95,85,51,False,low,True,True,flag,False,False
wrong_hardware,95,85,109,False,low,True,True,flag,False,False
wrong_hardware,96,92,85,False,middle,True,True,flag,False,False
wrong_hardware,96,92,87,True,middle,True,True,flag,False,False
wrong_hardware,96,92,51,False,middle,True,True,flag,False,False
wrong_hardware,96,92,109,False,middle,True,True,flag,False,False
wrong_hardware,97,109,92,False,middle,True,True,flag,False,False
wrong_hardware,97,109,85,True,middle,True,True,flag,False,False
wrong_hardware,97,109,87,False,middle,True,True,flag,False,False
wrong_hardware,97,109,51,False,middle,True,True,flag,False,False
wrong_hardware,98,51,92,False,high,True,True,reject,True,False
wrong_hardware,98,51,85,False,high,True,True,reject,True,False
wrong_hardware,98,51,87,False,high,True,True,reject,True,False
wrong_hardware,98,51,109,True,high,True,True,accept,False,False
wrong_hardware,99,109,92,True,low,True,True,flag,False,False
wrong_hardware,99,109,85,False,low,True,True,flag,False,False
wrong_hardware,99,109,87,False,low,True,True,flag,False,False
wrong_hardware,99,109,51,False,low,True,True,flag,False,False
wrong_hardware,100,109,92,False,middle,True,True,flag,False,False
wrong_hardware,100,109,85,False,middle,True,True,flag,False,False
wrong_hardware,100,109,87,True,middle,True,True,flag,False,False
wrong_hardware,100,109,51,False,middle,True,True,flag,False,False
wrong_hardware,101,109,92,False,low,True,True,flag,False,False
wrong_hardware,101,109,85,False,low,True,True,flag,False,False
wrong_hardware,101,109,87,True,low,True,True,flag,False,False
wrong_hardware,101,109,51,False,low,True,True,flag,False,False
wrong_hardware,102,85,92,False,high,True,True,reject,True,False
wrong_hardware,102,85,87,False,high,True,True,reject,True,False
wrong_hardware,102,85,51,True,high,True,True,accept,False,False
wrong_hardware,102,85,109,False,high,True,True,reject,True,False
wrong_hardware,103,109,92,False,high,True,True,reject,True,False
wrong_hardware,103,109,85,False,high,True,True,reject,True,False
wrong_hardware,103,109,87,True,high,True,True,accept,False,False
wrong_hardware,103,109,51,False,high,True,True,reject,True,False
wrong_hardware,104,85,92,False,high,True,True,reject,True,False
wrong_hardware,104,85,87,False,high,True,True,reject,True,False
wrong_hardware,104,85,51,False,high,True,True,reject,True,False
wrong_hardware,104,85,109,False,high,True,True,reject,True,False
wrong_hardware,105,85,92,True,low,True,True,flag,False,False
wrong_hardware,105,85,87,False,low,True,True,flag,False,False
wrong_hardware,105,85,51,False,low,True,True,flag,False,False
wrong_hardware,105,85,109,False,low,True,True,flag,False,False
wrong_hardware,106,109,92,False,low,True,True,flag,False,False
wrong_hardware,106,109,85,False,low,True,True,flag,False,False
wrong_hardware,106,109,87,True,low,True,True,flag,False,False
wrong_hardware,106,109,51,False,low,True,True,flag,False,False
wrong_hardware,107,92,85,False,high,True,True,reject,True,False
wrong_hardware,107,92,87,False,high,True,True,reject,True,False
wrong_hardware,107,92,51,True,high,True,True,accept,False,False
wrong_hardware,107,92,109,False,high,True,True,reject,True,False
wrong_hardware,108,51,92,False,high,True,True,reject,True,False
wrong_hardware,108,51,85,False,high,True,True,reject,True,False
wrong_hardware,108,51,87,False,high,True,True,reject,True,False
wrong_hardware,108,51,109,True,high,True,True,accept,False,False
wrong_hardware,109,51,92,True,middle,True,True,flag,False,False
wrong_hardware,109,51,85,False,middle,True,True,flag,False,False
wrong_hardware,109,51,87,False,middle,True,True,flag,False,False
wrong_hardware,109,51,109,False,middle,True,True,flag,False,False
wrong_hardware,110,92,85,True,high,True,True,accept,False,False
wrong_hardware,110,92,87,False,high,True,True,reject,True,False
wrong_hardware,110,92,51,False,high,True,True,reject,True,False
wrong_hardware,110,92,109,False,high,True,True,reject,True,False
wrong_hardware,111,51,92,False,high,True,True,reject,True,False
wrong_hardware,111,51,85,False,high,True,True,reject,True,False
wrong_hardware,111,51,87,False,high,True,True,reject,True,False
wrong_hardware,111,51,109,True,high,True,True,accept,False,False
wrong_hardware,112,87,92,False,middle,True,True,flag,False,False
wrong_hardware,112,87,85,False,middle,True,True,flag,False,False
wrong_hardware,112,87,51,False,middle,True,True,flag,False,False
wrong_hardware,112,87,109,False,middle,True,True,flag,False,False
wrong_hardware,113,92,85,False,low,True,True,flag,False,False
wrong_hardware,113,92,87,False,low,True,True,flag,False,False
wrong_hardware,113,92,51,True,low,True,True,flag,False,False
wrong_hardware,113,92,109,False,low,True,True,flag,False,False
wrong_hardware,114,87,92,False,low,True,True,flag,False,False
wrong_hardware,114,87,85,False,low,True,True,flag,False,False
wrong_hardware,114,87,51,False,low,True,True,flag,False,False
wrong_hardware,114,87,109,False,low,True,True,flag,False,False
wrong_hardware,115,85,92,False,middle,True,True,flag,False,False
wrong_hardware,115,85,87,False,middle,True,True,flag,False,False
wrong_hardware,115,85,51,False,middle,True,True,flag,False,False
wrong_hardware,115,85,109,True,middle,True,True,flag,False,False
wrong_hardware,116,109,92,True,middle,True,True,flag,False,False
wrong_hardware,116,109,85,False,middle,True,True,flag,False,False
wrong_hardware,116,109,87,False,middle,True,True,flag,False,False
wrong_hardware,116,109,51,False,middle,True,True,flag,False,False
wrong_hardware,117,92,85,False,middle,True,True,flag,False,False
wrong_hardware,117,92,87,False,middle,True,True,flag,False,False
wrong_hardware,117,92,51,True,middle,True,True,flag,False,False
wrong_hardware,117,92,109,False,middle,True,True,flag,False,False
wrong_hardware,118,109,92,False,low,True,True,flag,False,False
wrong_hardware,118,109,85,False,low,True,True,flag,False,False
wrong_hardware,118,109,87,False,low,True,True,flag,False,False
wrong_hardware,118,109,51,True,low,True,True,flag,False,False
wrong_hardware,119,85,92,False,high,True,True,reject,True,False
wrong_hardware,119,85,87,False,high,True,True,reject,True,False
wrong_hardware,119,85,51,False,high,True,True,reject,True,False
wrong_hardware,119,85,109,False,high,True,True,reject,True,False
wrong_hardware,120,87,92,False,high,True,True,reject,True,False
wrong_hardware,120,87,85,True,high,True,True,accept,False,False
wrong_hardware,120,87,51,False,high,True,True,reject,True,False
wrong_hardware,120,87,109,False,high,True,True,reject,True,False
wrong_hardware,121,85,92,False,high,True,True,reject,True,False
wrong_hardware,121,85,87,False,high,True,True,reject,True,False
wrong_hardware,121,85,51,False,high,True,True,reject,True,False
wrong_hardware,121,85,109,False,high,True,True,reject,True,False
wrong_hardware,122,51,92,True,high,True,True,accept,False,False
wrong_hardware,122,51,85,False,high,True,True,reject,True,False
wrong_hardware,122,51,87,False,high,True,True,reject,True,False
wrong_hardware,122,51,109,False,high,True,True,reject,True,False
wrong_hardware,123,92,85,False,low,True,True,flag,False,False
wrong_hardware,123,92,87,False,low,True,True,flag,False,False
wrong_hardware,123,92,51,False,low,True,True,flag,False,False
wrong_hardware,123,92,109,False,low,True,True,flag,False,False
wrong_hardware,124,51,92,False,middle,True,True,flag,False,False
wrong_hardware,124,51,85,True,middle,True,True,flag,False,False
wrong_hardware,124,51,87,False,middle,True,True,flag,False,False
wrong_hardware,124,51,109,False,middle,True,True,flag,False,False
wrong_hardware,125,92,85,False,middle,True,True,flag,False,False
wrong_hardware,125,92,87,False,middle,True,True,flag,False,False
wrong_hardware,125,92,51,False,middle,True,True,flag,False,False
wrong_hardware,125,92,109,False,middle,True,True,flag,False,False
wrong_hardware,126,109,92,False,middle,True,True,flag,False,False
wrong_hardware,126,109,85,False,middle,True,True,flag,False,False
wrong_hardware,126,109,87,False,middle,True,True,flag,False,False
wrong_hardware,126,109,51,False,middle,True,True,flag,False,False
wrong_hardware,127,85,92,False,high,True,True,reject,True,False
wrong_hardware,127,85,87,False,high,True,True,reject,True,False
wrong_hardware,127,85,51,True,high,True,True,accept,False,False
wrong_hardware,127,85,109,False,high,True,True,reject,True,False
wrong_hardware,128,85,92,False,low,True,True,flag,False,False
wrong_hardware,128,85,87,False,low,True,True,flag,False,False
wrong_hardware,128,85,51,True,low,True,True,flag,False,False
wrong_hardware,128,85,109,False,low,True,True,flag,False,False
wrong_hardware,129,51,92,True,low,True,True,flag,False,False
wrong_hardware,129,51,85,False,low,True,True,flag,False,False
wrong_hardware,129,51,87,False,low,True,True,flag,False,False
wrong_hardware,129,51,109,False,low,True,True,flag,False,False
wrong_hardware,130,92,85,True,middle,True,True,flag,False,False
wrong_hardware,130,92,87,False,middle,True,True,flag,False,False
wrong_hardware,130,92,51,False,middle,True,True,flag,False,False
wrong_hardware,130,92,109,False,middle,True,True,flag,False,False
wrong_hardware,131,87,92,False,middle,True,True,flag,False,False
wrong_hardware,131,87,85,False,middle,True,True,flag,False,False
wrong_hardware,131,87,51,False,middle,True,True,flag,False,False
wrong_hardware,131,87,109,False,middle,True,True,flag,False,False
wrong_hardware,132,85,92,False,high,True,True,reject,True,False
wrong_hardware,132,85,87,False,high,True,True,reject,True,False
wrong_hardware,132,85,51,False,high,True,True,reject,True,False
wrong_hardware,132,85,109,False,high,True,True,reject,True,False
wrong_hardware,133,109,92,True,high,True,True,accept,False,False
wrong_hardware,133,109,85,False,high,True,True,reject,True,False
wrong_hardware,133,109,87,False,high,True,True,reject,True,False
wrong_hardware,133,109,51,False,high,True,True,reject,True,False
wrong_hardware,134,92,85,True,middle,True,True,flag,False,False
wrong_hardware,134,92,87,False,middle,True,True,flag,False,False
wrong_hardware,134,92,51,False,middle,True,True,flag,False,False
wrong_hardware,134,92,109,False,middle,True,True,flag,False,False
wrong_hardware,135,51,92,False,high,True,True,reject,True,False
wrong_hardware,135,51,85,False,high,True,True,reject,True,False
wrong_hardware,135,51,87,True,high,True,True,accept,False,False
wrong_hardware,135,51,109,False,high,True,True,reject,True,False
wrong_hardware,136,85,92,False,high,True,True,reject,True,False
wrong_hardware,136,85,87,False,high,True,True,reject,True,False
wrong_hardware,136,85,51,False,high,True,True,reject,True,False
wrong_hardware,136,85,109,False,high,True,True,reject,True,False
wrong_hardware,137,51,92,False,middle,True,True,flag,False,False
wrong_hardware,137,51,85,False,middle,True,True,flag,False,False
wrong_hardware,137,51,87,True,middle,True,True,flag,False,False
wrong_hardware,137,51,109,False,middle,True,True,flag,False,False
wrong_hardware,138,87,92,False,high,True,True,reject,True,False
wrong_hardware,138,87,85,False,high,True,True,reject,True,False
wrong_hardware,138,87,51,True,high,True,True,accept,False,False
wrong_hardware,138,87,109,False,high,True,True,reject,True,False
wrong_hardware,139,87,92,False,middle,True,True,flag,False,False
wrong_hardware,139,87,85,False,middle,True,True,flag,False,False
wrong_hardware,139,87,51,False,middle,True,True,flag,False,False
wrong_hardware,139,87,109,False,middle,True,True,flag,False,False
wrong_hardware,140,92,85,False,middle,True,True,flag,False,False
wrong_hardware,140,92,87,False,middle,True,True,flag,False,False
wrong_hardware,140,92,51,False,middle,True,True,flag,False,False
wrong_hardware,140,92,109,True,middle,True,True,flag,False,False
wrong_hardware,141,92,85,False,high,True,True,reject,True,False
wrong_hardware,141,92,87,False,high,True,True,reject,True,False
wrong_hardware,141,92,51,False,high,True,True,reject,True,False
wrong_hardware,141,92,109,False,high,True,True,reject,True,False
wrong_hardware,142,85,92,True,low,True,True,flag,False,False
wrong_hardware,142,85,87,False,low,True,True,flag,False,False
wrong_hardware,142,85,51,False,low,True,True,flag,False,False
wrong_hardware,142,85,109,False,low,True,True,flag,False,False
wrong_hardware,143,51,92,False,high,True,True,reject,True,False
wrong_hardware,143,51,85,True,high,True,True,accept,False,False
wrong_hardware,143,51,87,False,high,True,True,reject,True,False
wrong_hardware,143,51,109,False,high,True,True,reject,True,False
wrong_hardware,144,92,85,False,middle,True,True,flag,False,False
wrong_hardware,144,92,87,False,middle,True,True,flag,False,False
wrong_hardware,144,92,51,False,middle,True,True,flag,False,False
wrong_hardware,144,92,109,True,middle,True,True,flag,False,False
wrong_hardware,145,92,85,False,high,True,True,reject,True,False
wrong_hardware,145,92,87,False,high,True,True,reject,True,False
wrong_hardware,145,92,51,False,high,True,True,reject,True,False
wrong_hardware,145,92,109,False,high,True,True,reject,True,False
wrong_hardware,146,109,92,False,high,True,True,reject,True,False
wrong_hardware,146,109,85,False,high,True,True,reject,True,False
wrong_hardware,146,109,87,True,high,True,True,accept,False,False
wrong_hardware,146,109,51,False,high,True,True,reject,True,False
wrong_hardware,147,87,92,False,low,True,True,flag,False,False
wrong_hardware,147,87,85,False,low,True,True,flag,False,False
wrong_hardware,147,87,51,True,low,True,True,flag,False,False
wrong_hardware,147,87,109,False,low,True,True,flag,False,False
wrong_hardware,148,51,92,False,middle,True,True,flag,False,False
wrong_hardware,148,51,85,True,middle,True,True,flag,False,False
wrong_hardware,148,51,87,False,middle,True,True,flag,False,False
wrong_hardware,148,51,109,False,middle,True,True,flag,False,False
wrong_hardware,149,85,92,False,high,True,True,reject,True,False
wrong_hardware,149,85,87,True,high,True,True,accept,False,False
wrong_hardware,149,85,51,False,high,True,True,reject,True,False
wrong_hardware,149,85,109,False,high,True,True,reject,True,False
wrong_hardware,150,109,92,False,middle,True,True,flag,False,False
wrong_hardware,150,109,85,True,middle,True,True,flag,False,False
wrong_hardware,150,109,87,False,middle,True,True,flag,False,False
wrong_hardware,150,109,51,False,middle,True,True,flag,False,False
wrong_hardware,151,92,85,False,low,True,True,flag,False,False
wrong_hardware,151,92,87,False,low,True,True,flag,False,False
wrong_hardware,151,92,51,False,low,True,True,flag,False,False
wrong_hardware,151,92,109,False,low,True,True,flag,False,False
wrong_hardware,152,92,85,False,low,True,True,flag,False,False
wrong_hardware,152,92,87,False,low,True,True,flag,False,False
wrong_hardware,152,92,51,True,low,True,True,flag,False,False
wrong_hardware,152,92,109,False,low,True,True,flag,False,False
wrong_hardware,153,109,92,False,low,True,True,flag,False,False
wrong_hardware,153,109,85,False,low,True,True,flag,False,False
wrong_hardware,153,109,87,False,low,True,True,flag,False,False
wrong_hardware,153,109,51,False,low,True,True,flag,False,False
wrong_hardware,154,87,92,False,high,True,True,reject,True,False
wrong_hardware,154,87,85,False,high,True,True,reject,True,False
wrong_hardware,154,87,51,False,high,True,True,reject,True,False
wrong_hardware,154,87,109,True,high,True,True,accept,False,False
wrong_hardware,155,51,92,True,low,True,True,flag,False,False
wrong_hardware,155,51,85,False,low,True,True,flag,False,False
wrong_hardware,155,51,87,False,low,True,True,flag,False,False
wrong_hardware,155,51,109,False,low,True,True,flag,False,False
wrong_hardware,156,85,92,False,low,True,True,flag,False,False
wrong_hardware,156,85,87,False,low,True,True,flag,False,False
wrong_hardware,156,85,51,False,low,True,True,flag,False,False
wrong_hardware,156,85,109,False,low,True,True,flag,False,False
wrong_hardware,157,92,85,False,middle,True,True,flag,False,False
wrong_hardware,157,92,87,False,middle,True,True,flag,False,False
wrong_hardware,157,92,51,False,middle,True,True,flag,False,False
wrong_hardware,157,92,109,True,middle,True,True,flag,False,False
wrong_hardware,158,51,92,True,middle,True,True,flag,False,False
wrong_hardware,158,51,85,False,middle,True,True,flag,False,False
wrong_hardware,158,51,87,False,middle,True,True,flag,False,False
wrong_hardware,158,51,109,False,middle,True,True,flag,False,False
wrong_hardware,159,51,92,False,middle,True,True,flag,False,False
wrong_hardware,159,51,85,True,middle,True,True,flag,False,False
wrong_hardware,159,51,87,False,middle,True,True,flag,False,False
wrong_hardware,159,51,109,False,middle,True,True,flag,False,False
wrong_hardware,160,92,85,True,low,True,True,flag,False,False
wrong_hardware,160,92,87,False,low,True,True,flag,False,False
wrong_hardware,160,92,51,False,low,True,True,flag,False,False
wrong_hardware,160,92,109,False,low,True,True,flag,False,False
wrong_hardware,161,109,92,True,high,True,True,accept,False,False
wrong_hardware,161,109,85,False,high,True,True,reject,True,False
wrong_hardware,161,109,87,False,high,True,True,reject,True,False
wrong_hardware,161,109,51,False,high,True,True,reject,True,False
wrong_hardware,162,109,92,False,low,True,True,flag,False,False
wrong_hardware,162,109,85,False,low,True,True,flag,False,False
wrong_hardware,162,109,87,True,low,True,True,flag,False,False
wrong_hardware,162,109,51,False,low,True,True,flag,False,False
wrong_hardware,163,85,92,False,middle,True,True,flag,False,False
wrong_hardware,163,85,87,False,middle,True,True,flag,False,False
wrong_hardware,163,85,51,False,middle,True,True,flag,False,False
wrong_hardware,163,85,109,True,middle,True,True,flag,False,False
wrong_hardware,164,109,92,False,low,True,True,flag,False,False
wrong_hardware,164,109,85,False,low,True,True,flag,False,False
wrong_hardware,164,109,87,False,low,True,True,flag,False,False
wrong_hardware,164,109,51,True,low,True,True,flag,False,False
wrong_hardware,165,51,92,True,middle,True,True,flag,False,False
wrong_hardware,165,51,85,False,middle,True,True,flag,False,False
wrong_hardware,165,51,87,False,middle,True,True,flag,False,False
wrong_hardware,165,51,109,False,middle,True,True,flag,False,False
wrong_hardware,166,85,92,False,middle,True,True,flag,False,False
wrong_hardware,166,85,87,True,middle,True,True,flag,False,False
wrong_hardware,166,85,51,False,middle,True,True,flag,False,False
wrong_hardware,166,85,109,False,middle,True,True,flag,False,False
wrong_hardware,167,51,92,False,middle,True,True,flag,False,False
wrong_hardware,167,51,85,False,middle,True,True,flag,False,False
wrong_hardware,167,51,87,True,middle,True,True,flag,False,False
wrong_hardware,167,51,109,False,middle,True,True,flag,False,False
wrong_hardware,168,92,85,False,middle,True,True,flag,False,False
wrong_hardware,168,92,87,True,middle,True,True,flag,False,False
wrong_hardware,168,92,51,False,middle,True,True,flag,False,False
wrong_hardware,168,92,109,False,middle,True,True,flag,False,False
wrong_hardware,169,109,92,True,high,True,True,accept,False,False
wrong_hardware,169,109,85,False,high,True,True,reject,True,False
wrong_hardware,169,109,87,False,high,True,True,reject,True,False
wrong_hardware,169,109,51,False,high,True,True,reject,True,False
wrong_hardware,170,87,92,False,high,True,True,reject,True,False
wrong_hardware,170,87,85,True,high,True,True,accept,False,False
wrong_hardware,170,87,51,False,high,True,True,reject,True,False
wrong_hardware,170,87,109,False,high,True,True,reject,True,False
wrong_hardware,171,109,92,True,low,True,True,flag,False,False
wrong_hardware,171,109,85,False,low,True,True,flag,False,False
wrong_hardware,171,109,87,False,low,True,True,flag,False,False
wrong_hardware,171,109,51,False,low,True,True,flag,False,False
wrong_hardware,172,92,85,False,high,True,True,reject,True,False
wrong_hardware,172,92,87,False,high,True,True,reject,True,False
wrong_hardware,172,92,51,False,high,True,True,reject,True,False
wrong_hardware,172,92,109,False,high,True,True,reject,True,False
wrong_hardware,173,109,92,True,middle,True,True,flag,False,False
wrong_hardware,173,109,85,False,middle,True,True,flag,False,False
wrong_hardware,173,109,87,False,middle,True,True,flag,False,False
wrong_hardware,173,109,51,False,middle,True,True,flag,False,False
wrong_hardware,174,87,92,True,middle,True,True,flag,False,False
wrong_hardware,174,87,85,False,middle,True,True,flag,False,False
wrong_hardware,174,87,51,False,middle,True,True,flag,False,False
wrong_hardware,174,87,109,False,middle,True,True,flag,False,False
wrong_hardware,175,51,92,False,low,True,True,flag,False,False
wrong_hardware,175,51,85,False,low,True,True,flag,False,False
wrong_hardware,175,51,87,False,low,True,True,flag,False,False
wrong_hardware,175,51,109,True,low,True,True,flag,False,False
wrong_hardware,176,92,85,False,middle,True,True,flag,False,False
wrong_hardware,176,92,87,False,middle,True,True,flag,False,False
wrong_hardware,176,92,51,False,middle,True,True,flag,False,False
wrong_hardware,176,92,109,False,middle,True,True,flag,False,False
wrong_hardware,177,109,92,False,high,True,True,reject,True,False
wrong_hardware,177,109,85,False,high,True,True,reject,True,False
wrong_hardware,177,109,87,False,high,True,True,reject,True,False
wrong_hardware,177,109,51,True,high,True,True,accept,False,False
wrong_hardware,178,109,92,True,middle,True,True,flag,False,False
wrong_hardware,178,109,85,False,middle,True,True,flag,False,False
wrong_hardware,178,109,87,False,middle,True,True,flag,False,False
wrong_hardware,178,109,51,False,middle,True,True,flag,False,False
wrong_hardware,179,109,92,True,low,True,True,flag,False,False
wrong_hardware,179,109,85,False,low,True,True,flag,False,False
wrong_hardware,179,109,87,False,low,True,True,flag,False,False
wrong_hardware,179,109,51,False,low,True,True,flag,False,False
wrong_hardware,180,51,92,False,low,True,True,flag,False,False
wrong_hardware,180,51,85,True,low,True,True,flag,False,False
wrong_hardware,180,51,87,False,low,True,True,flag,False,False
wrong_hardware,180,51,109,False,low,True,True,flag,False,False
wrong_hardware,181,85,92,False,high,True,True,reject,True,False
wrong_hardware,181,85,87,False,high,True,True,reject,True,False
wrong_hardware,181,85,51,True,high,True,True,accept,False,False
wrong_hardware,181,85,109,False,high,True,True,reject,True,False
wrong_hardware,182,51,92,False,low,True,True,flag,False,False
wrong_hardware,182,51,85,False,low,True,True,flag,False,False
wrong_hardware,182,51,87,False,low,True,True,flag,False,False
wrong_hardware,182,51,109,True,low,True,True,flag,False,False
wrong_hardware,183,109,92,False,low,True,True,flag,False,False
wrong_hardware,183,109,85,False,low,True,True,flag,False,False
wrong_hardware,183,109,87,True,low,True,True,flag,False,False
wrong_hardware,183,109,51,False,low,True,True,flag,False,False
wrong_hardware,184,92,85,False,high,True,True,reject,True,False
wrong_hardware,184,92,87,False,high,True,True,reject,True,False
wrong_hardware,184,92,51,False,high,True,True,reject,True,False
wrong_hardware,184,92,109,False,high,True,True,reject,True,False
wrong_hardware,185,85,92,True,middle,True,True,flag,False,False
wrong_hardware,185,85,87,False,middle,True,True,flag,False,False
wrong_hardware,185,85,51,False,middle,True,True,flag,False,False
wrong_hardware,185,85,109,False,middle,True,True,flag,False,False
wrong_hardware,186,85,92,True,low,True,True,flag,False,False
wrong_hardware,186,85,87,False,low,True,True,flag,False,False
wrong_hardware,186,85,51,False,low,True,True,flag,False,False
wrong_hardware,186,85,109,False,low,True,True,flag,False,False
wrong_hardware,187,51,92,False,low,True,True,flag,False,False
wrong_hardware,187,51,85,False,low,True,True,flag,False,False
wrong_hardware,187,51,87,False,low,True,True,flag,False,False
wrong_hardware,187,51,109,True,low,True,True,flag,False,False
wrong_hardware,188,87,92,False,middle,True,True,flag,False,False
wrong_hardware,188,87,85,True,middle,True,True,flag,False,False
wrong_hardware,188,87,51,False,middle,True,True,flag,False,False
wrong_hardware,188,87,109,False,middle,True,True,flag,False,False
wrong_hardware,189,51,92,True,low,True,True,flag,False,False
wrong_hardware,189,51,85,False,low,True,True,flag,False,False
wrong_hardware,189,51,87,False,low,True,True,flag,False,False
wrong_hardware,189,51,109,False,low,True,True,flag,False,False
wrong_hardware,190,85,92,False,low,True,True,flag,False,False
wrong_hardware,190,85,87,False,low,True,True,flag,False,False
wrong_hardware,190,85,51,False,low,True,True,flag,False,False
wrong_hardware,190,85,109,False,low,True,True,flag,False,False
wrong_hardware,191,109,92,False,high,True,True,reject,True,False
wrong_hardware,191,109,85,False,high,True,True,reject,True,False
wrong_hardware,191,109,87,True,high,True,True,accept,False,False
wrong_hardware,191,109,51,False,high,True,True,reject,True,False
wrong_hardware,192,51,92,False,high,True,True,reject,True,False
wrong_hardware,192,51,85,True,high,True,True,accept,False,False
wrong_hardware,192,51,87,False,high,True,True,reject,True,False
wrong_hardware,192,51,109,False,high,True,True,reject,True,False
wrong_hardware,193,87,92,True,low,True,True,flag,False,False
wrong_hardware,193,87,85,False,low,True,True,flag,False,False
wrong_hardware,193,87,51,False,low,True,True,flag,False,False
wrong_hardware,193,87,109,False,low,True,True,flag,False,False
wrong_hardware,194,87,92,False,low,True,True,flag,False,False
wrong_hardware,194,87,85,False,low,True,True,flag,False,False
wrong_hardware,194,87,51,True,low,True,True,flag,False,False
wrong_hardware,194,87,109,False,low,True,True,flag,False,False
wrong_hardware,195,87,92,True,middle,True,True,flag,False,False
wrong_hardware,195,87,85,False,middle,True,True,flag,False,False
wrong_hardware,195,87,51,False,middle,True,True,flag,False,False
wrong_hardware,195,87,109,False,middle,True,True,flag,False,False
wrong_hardware,196,85,92,True,middle,True,True,flag,False,False
wrong_hardware,196,85,87,False,middle,True,True,flag,False,False
wrong_hardware,196,85,51,False,middle,True,True,flag,False,False
wrong_hardware,196,85,109,False,middle,True,True,flag,False,False
wrong_hardware,197,51,92,False,middle,True,True,flag,False,False
wrong_hardware,197,51,85,False,middle,True,True,flag,False,False
wrong_hardware,197,51,87,True,middle,True,True,flag,False,False
wrong_hardware,197,51,109,False,middle,True,True,flag,False,False
wrong_hardware,198,109,92,False,high,True,True,reject,True,False
wrong_hardware,198,109,85,False,high,True,True,reject,True,False
wrong_hardware,198,109,87,False,high,True,True,reject,True,False
wrong_hardware,198,109,51,True,high,True,True,accept,False,False
wrong_hardware,199,87,92,False,middle,True,True,flag,False,False
wrong_hardware,199,87,85,False,middle,True,True,flag,False,False
wrong_hardware,199,87,51,False,middle,True,True,flag,False,False
wrong_hardware,199,87,109,True,middle,True,True,flag,False,False
wrong_hardware,200,92,85,False,high,True,True,reject,True,False
wrong_hardware,200,92,87,True,high,True,True,accept,False,False
wrong_hardware,200,92,51,False,high,True,True,reject,True,False
wrong_hardware,200,92,109,False,high,True,True,reject,True,False
wrong_hardware,201,85,92,False,low,True,True,flag,False,False
wrong_hardware,201,85,87,False,low,True,True,flag,False,False
wrong_hardware,201,85,51,False,low,True,True,flag,False,False
wrong_hardware,201,85,109,False,low,True,True,flag,False,False
wrong_hardware,202,85,92,False,low,True,True,flag,False,False
wrong_hardware,202,85,87,False,low,True,True,flag,False,False
wrong_hardware,202,85,51,False,low,True,True,flag,False,False
wrong_hardware,202,85,109,False,low,True,True,flag,False,False
wrong_hardware,203,51,92,False,low,True,True,flag,False,False
wrong_hardware,203,51,85,False,low,True,True,flag,False,False
wrong_hardware,203,51,87,True,low,True,True,flag,False,False
wrong_hardware,203,51,109,False,low,True,True,flag,False,False
wrong_hardware,204,85,92,False,low,True,True,flag,False,False
wrong_hardware,204,85,87,False,low,True,True,flag,False,False
wrong_hardware,204,85,51,True,low,True,True,flag,False,False
wrong_hardware,204,85,109,False,low,True,True,flag,False,False
wrong_hardware,205,51,92,False,low,True,True,flag,False,False
wrong_hardware,205,51,85,False,low,True,True,flag,False,False
wrong_hardware,205,51,87,True,low,True,True,flag,False,False
wrong_hardware,205,51,109,False,low,True,True,flag,False,False
wrong_hardware,206,87,92,False,middle,True,True,flag,False,False
wrong_hardware,206,87,85,True,middle,True,True,flag,False,False
wrong_hardware,206,87,51,False,middle,True,True,flag,False,False
wrong_hardware,206,87,109,False,middle,True,True,flag,False,False
wrong_hardware,207,51,92,False,middle,True,True,flag,False,False
wrong_hardware,207,51,85,True,middle,True,True,flag,False,False
wrong_hardware,207,51,87,False,middle,True,True,flag,False,False
wrong_hardware,207,51,109,False,middle,True,True,flag,False,False
wrong_hardware,208,87,92,False,middle,True,True,flag,False,False
wrong_hardware,208,87,85,False,middle,True,True,flag,False,False
wrong_hardware,208,87,51,False,middle,True,True,flag,False,False
wrong_hardware,208,87,109,False,middle,True,True,flag,False,False
wrong_hardware,209,109,92,False,low,True,True,flag,False,False
wrong_hardware,209,109,85,False,low,True,True,flag,False,False
wrong_hardware,209,109,87,False,low,True,True,flag,False,False
wrong_hardware,209,109,51,False,low,True,True,flag,False,False
wrong_hardware,210,92,85,True,high,True,True,accept,False,False
wrong_hardware,210,92,87,False,high,True,True,reject,True,False
wrong_hardware,210,92,51,False,high,True,True,reject,True,False
wrong_hardware,210,92,109,False,high,True,True,reject,True,False
wrong_hardware,211,85,92,False,high,True,True,reject,True,False
wrong_hardware,211,85,87,False,high,True,True,reject,True,False
wrong_hardware,211,85,51,True,high,True,True,accept,False,False
wrong_hardware,211,85,109,False,high,True,True,reject,True,False
wrong_hardware,212,92,85,True,high,True,True,accept,False,False
wrong_hardware,212,92,87,False,high,True,True,reject,True,False
wrong_hardware,212,92,51,False,high,True,True,reject,True,False
wrong_hardware,212,92,109,False,high,True,True,reject,True,False
wrong_hardware,213,87,92,False,low,True,True,flag,False,False
wrong_hardware,213,87,85,True,low,True,True,flag,False,False
wrong_hardware,213,87,51,False,low,True,True,flag,False,False
wrong_hardware,213,87,109,False,low,True,True,flag,False,False
wrong_hardware,214,109,92,True,middle,True,True,flag,False,False
wrong_hardware,214,109,85,False,middle,True,True,flag,False,False
wrong_hardware,214,109,87,False,middle,True,True,flag,False,False
wrong_hardware,214,109,51,False,middle,True,True,flag,False,False
wrong_hardware,215,85,92,False,high,True,True,reject,True,False
wrong_hardware,215,85,87,False,high,True,True,reject,True,False
wrong_hardware,215,85,51,True,high,True,True,accept,False,False
wrong_hardware,215,85,109,False,high,True,True,reject,True,False
wrong_hardware,216,85,92,False,high,True,True,reject,True,False
wrong_hardware,216,85,87,False,high,True,True,reject,True,False
wrong_hardware,216,85,51,False,high,True,True,reject,True,False
wrong_hardware,216,85,109,False,high,True,True,reject,True,False
wrong_hardware,217,51,92,True,high,True,True,accept,False,False
wrong_hardware,217,51,85,False,high,True,True,reject,True,False
wrong_hardware,217,51,87,False,high,True,True,reject,True,False
wrong_hardware,217,51,109,False,high,True,True,reject,True,False
wrong_hardware,218,85,92,False,high,True,True,reject,True,False
wrong_hardware,218,85,87,False,high,True,True,reject,True,False
wrong_hardware,218,85,51,False,high,True,True,reject,True,False
wrong_hardware,218,85,109,False,high,True,True,reject,True,False
wrong_hardware,219,109,92,False,high,True,True,reject,True,False
wrong_hardware,219,109,85,False,high,True,True,reject,True,False
wrong_hardware,219,109,87,False,high,True,True,reject,True,False
wrong_hardware,219,109,51,False,high,True,True,reject,True,False
wrong_hardware,220,109,92,False,low,True,True,flag,False,False
wrong_hardware,220,109,85,False,low,True,True,flag,False,False
wrong_hardware,220,109,87,False,low,True,True,flag,False,False
wrong_hardware,220,109,51,False,low,True,True,flag,False,False
wrong_hardware,221,87,92,False,high,True,True,reject,True,False
wrong_hardware,221,87,85,True,high,True,True,accept,False,False
wrong_hardware,221,87,51,False,high,True,True,reject,True,False
wrong_hardware,221,87,109,False,high,True,True,reject,True,False
wrong_hardware,222,87,92,False,middle,True,True,flag,False,False
wrong_hardware,222,87,85,True,middle,True,True,flag,False,False
wrong_hardware,222,87,51,False,middle,True,True,flag,False,False
wrong_hardware,222,87,109,False,middle,True,True,flag,False,False
wrong_hardware,223,87,92,False,low,True,True,flag,False,False
wrong_hardware,223,87,85,False,low,True,True,flag,False,False
wrong_hardware,223,87,51,True,low,True,True,flag,False,False
wrong_hardware,223,87,109,False,low,True,True,flag,False,False
wrong_hardware,224,109,92,False,middle,True,True,flag,False,False
wrong_hardware,224,109,85,False,middle,True,True,flag,False,False
wrong_hardware,224,109,87,False,middle,True,True,flag,False,False
wrong_hardware,224,109,51,True,middle,True,True,flag,False,False
wrong_hardware,225,85,92,True,low,True,True,flag,False,False
wrong_hardware,225,85,87,False,low,True,True,flag,False,False
wrong_hardware,225,85,51,False,low,True,True,flag,False,False
wrong_hardware,225,85,109,False,low,True,True,flag,False,False
wrong_hardware,226,87,92,False,high,True,True,reject,True,False
wrong_hardware,226,87,85,False,high,True,True,reject,True,False
wrong_hardware,226,87,51,False,high,True,True,reject,True,False
wrong_hardware,226,87,109,False,high,True,True,reject,True,False
wrong_hardware,227,109,92,True,low,True,True,flag,False,False
wrong_hardware,227,109,85,False,low,True,True,flag,False,False
wrong_hardware,227,109,87,False,low,True,True,flag,False,False
wrong_hardware,227,109,51,False,low,True,True,flag,False,False
wrong_hardware,228,51,92,True,high,True,True,accept,False,False
wrong_hardware,228,51,85,False,high,True,True,reject,True,False
wrong_hardware,228,51,87,False,high,True,True,reject,True,False
wrong_hardware,228,51,109,False,high,True,True,reject,True,False
wrong_hardware,229,87,92,False,middle,True,True,flag,False,False
wrong_hardware,229,87,85,False,middle,True,True,flag,False,False
wrong_hardware,229,87,51,True,middle,True,True,flag,False,False
wrong_hardware,229,87,109,False,middle,True,True,flag,False,False
wrong_hardware,230,92,85,True,high,True,True,accept,False,False
wrong_hardware,230,92,87,False,high,True,True,reject,True,False
wrong_hardware,230,92,51,False,high,True,True,reject,True,False
wrong_hardware,230,92,109,False,high,True,True,reject,True,False
wrong_hardware,231,51,92,False,low,True,True,flag,False,False
wrong_hardware,231,51,85,False,low,True,True,flag,False,False
wrong_hardware,231,51,87,False,low,True,True,flag,False,False
wrong_hardware,231,51,109,False,low,True,True,flag,False,False
wrong_hardware,232,109,92,True,middle,True,True,flag,False,False
wrong_hardware,232,109,85,False,middle,True,True,flag,False,False
wrong_hardware,232,109,87,False,middle,True,True,flag,False,False
wrong_hardware,232,109,51,False,middle,True,True,flag,False,False
wrong_hardware,233,87,92,False,middle,True,True,flag,False,False
wrong_hardware,233,87,85,False,middle,True,True,flag,False,False
wrong_hardware,233,87,51,True,middle,True,True,flag,False,False
wrong_hardware,233,87,109,False,middle,True,True,flag,False,False
wrong_hardware,234,109,92,False,high,True,True,reject,True,False
wrong_hardware,234,109,85,False,high,True,True,reject,True,False
wrong_hardware,234,109,87,False,high,True,True,reject,True,False
wrong_hardware,234,109,51,False,high,True,True,reject,True,False
wrong_hardware,235,87,92,False,low,True,True,flag,False,False
wrong_hardware,235,87,85,False,low,True,True,flag,False,False
wrong_hardware,235,87,51,False,low,True,True,flag,False,False
wrong_hardware,235,87,109,False,low,True,True,flag,False,False
wrong_hardware,236,85,92,False,low,True,True,flag,False,False
wrong_hardware,236,85,87,False,low,True,True,flag,False,False
wrong_hardware,236,85,51,False,low,True,True,flag,False,False
wrong_hardware,236,85,109,True,low,True,True,flag,False,False
wrong_hardware,237,51,92,False,high,True,True,reject,True,False
wrong_hardware,237,51,85,True,high,True,True,accept,False,False
wrong_hardware,237,51,87,False,high,True,True,reject,True,False
wrong_hardware,237,51,109,False,high,True,True,reject,True,False
wrong_hardware,238,51,92,False,low,True,True,flag,False,False
wrong_hardware,238,51,85,False,low,True,True,flag,False,False
wrong_hardware,238,51,87,True,low,True,True,flag,False,False
wrong_hardware,238,51,109,False,low,True,True,flag,False,False
wrong_hardware,239,51,92,False,low,True,True,flag,False,False
wrong_hardware,239,51,85,False,low,True,True,flag,False,False
wrong_hardware,239,51,87,False,low,True,True,flag,False,False
wrong_hardware,239,51,109,False,low,True,True,flag,False,False
wrong_hardware,240,51,92,False,middle,True,True,flag,False,False
wrong_hardware,240,51,85,True,middle,True,True,flag,False,False
wrong_hardware,240,51,87,False,middle,True,True,flag,False,False
wrong_hardware,240,51,109,False,middle,True,True,flag,False,False
wrong_hardware,241,87,92,False,low,True,True,flag,False,False
wrong_hardware,241,87,85,False,low,True,True,flag,False,False
wrong_hardware,241,87,51,False,low,True,True,flag,False,False
wrong_hardware,241,87,109,False,low,True,True,flag,False,False
wrong_hardware,242,109,92,False,middle,True,True,flag,False,False
wrong_hardware,242,109,85,False,middle,True,True,flag,False,False
wrong_hardware,242,109,87,True,middle,True,True,flag,False,False
wrong_hardware,242,109,51,False,middle,True,True,flag,False,False
wrong_hardware,243,92,85,False,middle,True,True,flag,False,False
wrong_hardware,243,92,87,False,middle,True,True,flag,False,False
wrong_hardware,243,92,51,False,middle,True,True,flag,False,False
wrong_hardware,243,92,109,False,middle,True,True,flag,False,False
wrong_hardware,244,92,85,False,high,True,True,reject,True,False
wrong_hardware,244,92,87,False,high,True,True,reject,True,False
wrong_hardware,244,92,51,True,high,True,True,accept,False,False
wrong_hardware,244,92,109,False,high,True,True,reject,True,False
wrong_hardware,245,109,92,False,middle,True,True,flag,False,False
wrong_hardware,245,109,85,False,middle,True,True,flag,False,False
wrong_hardware,245,109,87,False,middle,True,True,flag,False,False
wrong_hardware,245,109,51,False,middle,True,True,flag,False,False
wrong_hardware,246,87,92,False,high,True,True,reject,True,False
wrong_hardware,246,87,85,False,high,True,True,reject,True,False
wrong_hardware,246,87,51,True,high,True,True,accept,False,False
wrong_hardware,246,87,109,False,high,True,True,reject,True,False
wrong_hardware,247,109,92,False,low,True,True,flag,False,False
wrong_hardware,247,109,85,True,low,True,True,flag,False,False
wrong_hardware,247,109,87,False,low,True,True,flag,False,False
wrong_hardware,247,109,51,False,low,True,True,flag,False,False
wrong_hardware,248,51,92,False,high,True,True,reject,True,False
wrong_hardware,248,51,85,False,high,True,True,reject,True,False
wrong_hardware,248,51,87,True,high,True,True,accept,False,False
wrong_hardware,248,51,109,False,high,True,True,reject,True,False
wrong_hardware,249,87,92,False,middle,True,True,flag,False,False
wrong_hardware,249,87,85,True,middle,True,True,flag,False,False
wrong_hardware,249,87,51,False,middle,True,True,flag,False,False
wrong_hardware,249,87,109,False,middle,True,True,flag,False,False
wrong_hardware,250,109,92,False,middle,True,True,flag,False,False
wrong_hardware,250,109,85,False,middle,True,True,flag,False,False
wrong_hardware,250,109,87,False,middle,True,True,flag,False,False
wrong_hardware,250,109,51,False,middle,True,True,flag,False,False
wrong_hardware,251,85,92,True,low,True,True,flag,False,False
wrong_hardware,251,85,87,False,low,True,True,flag,False,False
wrong_hardware,251,85,51,False,low,True,True,flag,False,False
wrong_hardware,251,85,109,False,low,True,True,flag,False,False
wrong_hardware,252,109,92,True,high,True,True,accept,False,False
wrong_hardware,252,109,85,False,high,True,True,reject,True,False
wrong_hardware,252,109,87,False,high,True,True,reject,True,False
wrong_hardware,252,109,51,False,high,True,True,reject,True,False
wrong_hardware,253,92,85,True,high,True,True,accept,False,False
wrong_hardware,253,92,87,False,high,True,True,reject,True,False
wrong_hardware,253,92,51,False,high,True,True,reject,True,False
wrong_hardware,253,92,109,False,high,True,True,reject,True,False
wrong_hardware,254,92,85,False,middle,True,True,flag,False,False
wrong_hardware,254,92,87,False,middle,True,True,flag,False,False
wrong_hardware,254,92,51,False,middle,True,True,flag,False,False
wrong_hardware,254,92,109,False,middle,True,True,flag,False,False
wrong_hardware,255,109,92,False,low,True,True,flag,False,False
wrong_hardware,255,109,85,False,low,True,True,flag,False,False
wrong_hardware,255,109,87,True,low,True,True,flag,False,False
wrong_hardware,255,109,51,False,low,True,True,flag,False,False
wrong_hardware,256,92,85,False,high,True,True,reject,True,False
wrong_hardware,256,92,87,False,high,True,True,reject,True,False
wrong_hardware,256,92,51,True,high,True,True,accept,False,False
wrong_hardware,256,92,109,False,high,True,True,reject,True,False
wrong_hardware,257,51,92,False,low,True,True,flag,False,False
wrong_hardware,257,51,85,False,low,True,True,flag,False,False
wrong_hardware,257,51,87,True,low,True,True,flag,False,False
wrong_hardware,257,51,109,False,low,True,True,flag,False,False
wrong_hardware,258,85,92,True,high,True,True,accept,False,False
wrong_hardware,258,85,87,False,high,True,True,reject,True,False
wrong_hardware,258,85,51,False,high,True,True,reject,True,False
wrong_hardware,258,85,109,False,high,True,True,reject,True,False
wrong_hardware,259,92,85,False,middle,True,True,flag,False,False
wrong_hardware,259,92,87,False,middle,True,True,flag,False,False
wrong_hardware,259,92,51,False,middle,True,True,flag,False,False
wrong_hardware,259,92,109,False,middle,True,True,flag,False,False
wrong_hardware,260,109,92,True,low,True,True,flag,False,False
wrong_hardware,260,109,85,False,low,True,True,flag,False,False
wrong_hardware,260,109,87,False,low,True,True,flag,False,False
wrong_hardware,260,109,51,False,low,True,True,flag,False,False
wrong_hardware,261,109,92,False,middle,True,True,flag,False,False
wrong_hardware,261,109,85,True,middle,True,True,flag,False,False
wrong_hardware,261,109,87,False,middle,True,True,flag,False,False
wrong_hardware,261,109,51,False,middle,True,True,flag,False,False
wrong_hardware,262,51,92,False,high,True,True,reject,True,False
wrong_hardware,262,51,85,False,high,True,True,reject,True,False
wrong_hardware,262,51,87,False,high,True,True,reject,True,False
wrong_hardware,262,51,109,True,high,True,True,accept,False,False
wrong_hardware,263,85,92,False,high,True,True,reject,True,False
wrong_hardware,263,85,87,False,high,True,True,reject,True,False
wrong_hardware,263,85,51,False,high,True,True,reject,True,False
wrong_hardware,263,85,109,False,high,True,True,reject,True,False
wrong_hardware,264,92,85,False,middle,True,True,flag,False,False
wrong_hardware,264,92,87,False,middle,True,True,flag,False,False
wrong_hardware,264,92,51,False,middle,True,True,flag,False,False
wrong_hardware,264,92,109,False,middle,True,True,flag,False,False
wrong_hardware,265,85,92,True,high,True,True,accept,False,False
wrong_hardware,265,85,87,False,high,True,True,reject,True,False
wrong_hardware,265,85,51,False,high,True,True,reject,True,False
wrong_hardware,265,85,109,False,high,True,True,reject,True,False
wrong_hardware,266,51,92,False,middle,True,True,flag,False,False
wrong_hardware,266,51,85,True,middle,True,True,flag,False,False
wrong_hardware,266,51,87,False,middle,True,True,flag,False,False
wrong_hardware,266,51,109,False,middle,True,True,flag,False,False
wrong_hardware,267,85,92,False,high,True,True,reject,True,False
wrong_hardware,267,85,87,True,high,True,True,accept,False,False
wrong_hardware,267,85,51,False,high,True,True,reject,True,False
wrong_hardware,267,85,109,False,high,True,True,reject,True,False
wrong_hardware,268,109,92,False,low,True,True,flag,False,False
wrong_hardware,268,109,85,False,low,True,True,flag,False,False
wrong_hardware,268,109,87,False,low,True,True,flag,False,False
wrong_hardware,268,109,51,False,low,True,True,flag,False,False
wrong_hardware,269,87,92,False,middle,True,True,flag,False,False
wrong_hardware,269,87,85,False,middle,True,True,flag,False,False
wrong_hardware,269,87,51,False,middle,True,True,flag,False,False
wrong_hardware,269,87,109,True,middle,True,True,flag,False,False
wrong_hardware,270,51,92,False,high,True,True,reject,True,False
wrong_hardware,270,51,85,True,high,True,True,accept,False,False
wrong_hardware,270,51,87,False,high,True,True,reject,True,False
wrong_hardware,270,51,109,False,high,True,True,reject,True,False
wrong_hardware,271,87,92,False,middle,True,True,flag,False,False
wrong_hardware,271,87,85,False,middle,True,True,flag,False,False
wrong_hardware,271,87,51,False,middle,True,True,flag,False,False
wrong_hardware,271,87,109,False,middle,True,True,flag,False,False
wrong_hardware,272,92,85,False,high,True,True,reject,True,False
wrong_hardware,272,92,87,False,high,True,True,reject,True,False
wrong_hardware,272,92,51,False,high,True,True,reject,True,False
wrong_hardware,272,92,109,True,high,True,True,accept,False,False
wrong_hardware,273,87,92,False,middle,True,True,flag,False,False
wrong_hardware,273,87,85,False,middle,True,True,flag,False,False
wrong_hardware,273,87,51,False,middle,True,True,flag,False,False
wrong_hardware,273,87,109,True,middle,True,True,flag,False,False
wrong_hardware,274,87,92,False,middle,True,True,flag,False,False
wrong_hardware,274,87,85,False,middle,True,True,flag,False,False
wrong_hardware,274,87,51,False,middle,True,True,flag,False,False
wrong_hardware,274,87,109,True,middle,True,True,flag,False,False
wrong_hardware,275,85,92,False,high,True,True,reject,True,False
wrong_hardware,275,85,87,False,high,True,True,reject,True,False
wrong_hardware,275,85,51,False,high,True,True,reject,True,False
wrong_hardware,275,85,109,False,high,True,True,reject,True,False
wrong_hardware,276,87,92,False,middle,True,True,flag,False,False
wrong_hardware,276,87,85,False,middle,True,True,flag,False,False
wrong_hardware,276,87,51,False,middle,True,True,flag,False,False
wrong_hardware,276,87,109,False,middle,True,True,flag,False,False
wrong_hardware,277,51,92,False,middle,True,True,flag,False,False
wrong_hardware,277,51,85,False,middle,True,True,flag,False,False
wrong_hardware,277,51,87,True,middle,True,True,flag,False,False
wrong_hardware,277,51,109,False,middle,True,True,flag,False,False
wrong_hardware,278,51,92,False,high,True,True,reject,True,False
wrong_hardware,278,51,85,False,high,True,True,reject,True,False
wrong_hardware,278,51,87,False,high,True,True,reject,True,False
wrong_hardware,278,51,109,False,high,True,True,reject,True,False
wrong_hardware,279,85,92,False,low,True,True,flag,False,False
wrong_hardware,279,85,87,False,low,True,True,flag,False,False
wrong_hardware,279,85,51,False,low,True,True,flag,False,False
wrong_hardware,279,85,109,False,low,True,True,flag,False,False
wrong_hardware,280,109,92,False,middle,True,True,flag,False,False
wrong_hardware,280,109,85,False,middle,True,True,flag,False,False
wrong_hardware,280,109,87,False,middle,True,True,flag,False,False
wrong_hardware,280,109,51,False,middle,True,True,flag,False,False
wrong_hardware,281,51,92,False,middle,True,True,flag,False,False
wrong_hardware,281,51,85,True,middle,True,True,flag,False,False
wrong_hardware,281,51,87,False,middle,True,True,flag,False,False
wrong_hardware,281,51,109,False,middle,True,True,flag,False,False
wrong_hardware,282,109,92,True,low,True,True,flag,False,False
wrong_hardware,282,109,85,False,low,True,True,flag,False,False
wrong_hardware,282,109,87,False,low,True,True,flag,False,False
wrong_hardware,282,109,51,False,low,True,True,flag,False,False
wrong_hardware,283,85,92,False,high,True,True,reject,True,False
wrong_hardware,283,85,87,False,high,True,True,reject,True,False
wrong_hardware,283,85,51,False,high,True,True,reject,True,False
wrong_hardware,283,85,109,False,high,True,True,reject,True,False
wrong_hardware,284,85,92,True,low,True,True,flag,False,False
wrong_hardware,284,85,87,False,low,True,True,flag,False,False
wrong_hardware,284,85,51,False,low,True,True,flag,False,False
wrong_hardware,284,85,109,False,low,True,True,flag,False,False
wrong_hardware,285,109,92,False,high,True,True,reject,True,False
wrong_hardware,285,109,85,True,high,True,True,accept,False,False
wrong_hardware,285,109,87,False,high,True,True,reject,True,False
wrong_hardware,285,109,51,False,high,True,True,reject,True,False
wrong_hardware,286,87,92,True,middle,True,True,flag,False,False
wrong_hardware,286,87,85,False,middle,True,True,flag,False,False
wrong_hardware,286,87,51,False,middle,True,True,flag,False,False
wrong_hardware,286,87,109,False,middle,True,True,flag,False,False
wrong_hardware,287,87,92,False,low,True,True,flag,False,False
wrong_hardware,287,87,85,False,low,True,True,flag,False,False
wrong_hardware,287,87,51,False,low,True,True,flag,False,False
wrong_hardware,287,87,109,True,low,True,True,flag,False,False
wrong_hardware,288,85,92,False,high,True,True,reject,True,False
wrong_hardware,288,85,87,False,high,True,True,reject,True,False
wrong_hardware,288,85,51,False,high,True,True,reject,True,False
wrong_hardware,288,85,109,False,high,True,True,reject,True,False
wrong_hardware,289,109,92,False,low,True,True,flag,False,False
wrong_hardware,289,109,85,False,low,True,True,flag,False,False
wrong_hardware,289,109,87,False,low,True,True,flag,False,False
wrong_hardware,289,109,51,False,low,True,True,flag,False,False
wrong_hardware,290,109,92,False,low,True,True,flag,False,False
wrong_hardware,290,109,85,False,low,True,True,flag,False,False
wrong_hardware,290,109,87,True,low,True,True,flag,False,False
wrong_hardware,290,109,51,False,low,True,True,flag,False,False
wrong_hardware,291,85,92,True,high,True,True,accept,False,False
wrong_hardware,291,85,87,False,high,True,True,reject,True,False
wrong_hardware,291,85,51,False,high,True,True,reject,True,False
wrong_hardware,291,85,109,False,high,True,True,reject,True,False
wrong_hardware,292,87,92,True,middle,True,True,flag,False,False
wrong_hardware,292,87,85,False,middle,True,True,flag,False,False
wrong_hardware,292,87,51,False,middle,True,True,flag,False,False
wrong_hardware,292,87,109,False,middle,True,True,flag,False,False
wrong_hardware,293,51,92,False,high,True,True,reject,True,False
wrong_hardware,293,51,85,True,high,True,True,accept,False,False
wrong_hardware,293,51,87,False,high,True,True,reject,True,False
wrong_hardware,293,51,109,False,high,True,True,reject,True,False
wrong_hardware,294,109,92,False,middle,True,True,flag,False,False
wrong_hardware,294,109,85,False,middle,True,True,flag,False,False
wrong_hardware,294,109,87,False,middle,True,True,flag,False,False
wrong_hardware,294,109,51,False,middle,True,True,flag,False,False
wrong_hardware,295,109,92,False,low,True,True,flag,False,False
wrong_hardware,295,109,85,True,low,True,True,flag,False,False
wrong_hardware,295,109,87,False,low,True,True,flag,False,False
wrong_hardware,295,109,51,False,low,True,True,flag,False,False
wrong_hardware,296,92,85,False,high,True,True,reject,True,False
wrong_hardware,296,92,87,False,high,True,True,reject,True,False
wrong_hardware,296,92,51,False,high,True,True,reject,True,False
wrong_hardware,296,92,109,True,high,True,True,accept,False,False
wrong_hardware,297,51,92,False,high,True,True,reject,True,False
wrong_hardware,297,51,85,False,high,True,True,reject,True,False
wrong_hardware,297,51,87,True,high,True,True,accept,False,False
wrong_hardware,297,51,109,False,high,True,True,reject,True,False
wrong_hardware,298,109,92,False,middle,True,True,flag,False,False
wrong_hardware,298,109,85,True,middle,True,True,flag,False,False
wrong_hardware,298,109,87,False,middle,True,True,flag,False,False
wrong_hardware,298,109,51,False,middle,True,True,flag,False,False
wrong_hardware,299,87,92,True,low,True,True,flag,False,False
wrong_hardware,299,87,85,False,low,True,True,flag,False,False
wrong_hardware,299,87,51,False,low,True,True,flag,False,False
wrong_hardware,299,87,109,False,low,True,True,flag,False,False
wrong_hardware,300,109,92,False,high,True,True,reject,True,False
wrong_hardware,300,109,85,False,high,True,True,reject,True,False
wrong_hardware,300,109,87,False,high,True,True,reject,True,False
wrong_hardware,300,109,51,False,high,True,True,reject,True,False
wrong_hardware,301,109,92,False,middle,True,True,flag,False,False
wrong_hardware,301,109,85,True,middle,True,True,flag,False,False
wrong_hardware,301,109,87,False,middle,True,True,flag,False,False
wrong_hardware,301,109,51,False,middle,True,True,flag,False,False
wrong_hardware,302,87,92,False,middle,True,True,flag,False,False
wrong_hardware,302,87,85,False,middle,True,True,flag,False,False
wrong_hardware,302,87,51,False,middle,True,True,flag,False,False
wrong_hardware,302,87,109,True,middle,True,True,flag,False,False
wrong_hardware,303,85,92,False,middle,True,True,flag,False,False
wrong_hardware,303,85,87,False,middle,True,True,flag,False,False
wrong_hardware,303,85,51,False,middle,True,True,flag,False,False
wrong_hardware,303,85,109,False,middle,True,True,flag,False,False
wrong_hardware,304,109,92,False,high,True,True,reject,True,False
wrong_hardware,304,109,85,False,high,True,True,reject,True,False
wrong_hardware,304,109,87,False,high,True,True,reject,True,False
wrong_hardware,304,109,51,True,high,True,True,accept,False,False
wrong_hardware,305,92,85,False,low,True,True,flag,False,False
wrong_hardware,305,92,87,True,low,True,True,flag,False,False
wrong_hardware,305,92,51,False,low,True,True,flag,False,False
wrong_hardware,305,92,109,False,low,True,True,flag,False,False
wrong_hardware,306,109,92,False,low,True,True,flag,False,False
wrong_hardware,306,109,85,False,low,True,True,flag,False,False
wrong_hardware,306,109,87,False,low,True,True,flag,False,False
wrong_hardware,306,109,51,True,low,True,True,flag,False,False
wrong_hardware,307,51,92,False,middle,True,True,flag,False,False
wrong_hardware,307,51,85,False,middle,True,True,flag,False,False
wrong_hardware,307,51,87,True,middle,True,True,flag,False,False
wrong_hardware,307,51,109,False,middle,True,True,flag,False,False
wrong_hardware,308,85,92,False,low,True,True,flag,False,False
wrong_hardware,308,85,87,False,low,True,True,flag,False,False
wrong_hardware,308,85,51,False,low,True,True,flag,False,False
wrong_hardware,308,85,109,False,low,True,True,flag,False,False
wrong_hardware,309,109,92,False,low,True,True,flag,False,False
wrong_hardware,309,109,85,False,low,True,True,flag,False,False
wrong_hardware,309,109,87,False,low,True,True,flag,False,False
wrong_hardware,309,109,51,True,low,True,True,flag,False,False
wrong_hardware,310,92,85,False,low,True,True,flag,False,False
wrong_hardware,310,92,87,False,low,True,True,flag,False,False
wrong_hardware,310,92,51,False,low,True,True,flag,False,False
wrong_hardware,310,92,109,True,low,True,True,flag,False,False
wrong_hardware,311,92,85,True,high,True,True,accept,False,False
wrong_hardware,311,92,87,False,high,True,True,reject,True,False
wrong_hardware,311,92,51,False,high,True,True,reject,True,False
wrong_hardware,311,92,109,False,high,True,True,reject,True,False
wrong_hardware,312,87,92,False,high,True,True,reject,True,False
wrong_hardware,312,87,85,True,high,True,True,accept,False,False
wrong_hardware,312,87,51,False,high,True,True,reject,True,False
wrong_hardware,312,87,109,False,high,True,True,reject,True,False
wrong_hardware,313,51,92,False,high,True,True,reject,True,False
wrong_hardware,313,51,85,False,high,True,True,reject,True,False
wrong_hardware,313,51,87,True,high,True,True,accept,False,False
wrong_hardware,313,51,109,False,high,True,True,reject,True,False
wrong_hardware,314,85,92,False,high,True,True,reject,True,False
wrong_hardware,314,85,87,False,high,True,True,reject,True,False
wrong_hardware,314,85,51,False,high,True,True,reject,True,False
wrong_hardware,314,85,109,False,high,True,True,reject,True,False
wrong_hardware,315,87,92,False,middle,True,True,flag,False,False
wrong_hardware,315,87,85,False,middle,True,True,flag,False,False
wrong_hardware,315,87,51,False,middle,True,True,flag,False,False
wrong_hardware,315,87,109,False,middle,True,True,flag,False,False
wrong_hardware,316,92,85,False,low,True,True,flag,False,False
wrong_hardware,316,92,87,False,low,True,True,flag,False,False
wrong_hardware,316,92,51,False,low,True,True,flag,False,False
wrong_hardware,316,92,109,True,low,True,True,flag,False,False
wrong_hardware,317,85,92,False,low,True,True,flag,False,False
wrong_hardware,317,85,87,False,low,True,True,flag,False,False
wrong_hardware,317,85,51,False,low,True,True,flag,False,False
wrong_hardware,317,85,109,False,low,True,True,flag,False,False
wrong_hardware,318,109,92,False,low,True,True,flag,False,False
wrong_hardware,318,109,85,True,low,True,True,flag,False,False
wrong_hardware,318,109,87,False,low,True,True,flag,False,False
wrong_hardware,318,109,51,False,low,True,True,flag,False,False
wrong_hardware,319,92,85,True,low,True,True,flag,False,False
wrong_hardware,319,92,87,False,low,True,True,flag,False,False
wrong_hardware,319,92,51,False,low,True,True,flag,False,False
wrong_hardware,319,92,109,False,low,True,True,flag,False,False
wrong_hardware,320,87,92,False,low,True,True,flag,False,False
wrong_hardware,320,87,85,True,low,True,True,flag,False,False
wrong_hardware,320,87,51,False,low,True,True,flag,False,False
wrong_hardware,320,87,109,False,low,True,True,flag,False,False
wrong_hardware,321,92,85,False,low,True,True,flag,False,False
wrong_hardware,321,92,87,True,low,True,True,flag,False,False
wrong_hardware,321,92,51,False,low,True,True,flag,False,False
wrong_hardware,321,92,109,False,low,True,True,flag,False,False
wrong_hardware,322,85,92,False,middle,True,True,flag,False,False
wrong_hardware,322,85,87,False,middle,True,True,flag,False,False
wrong_hardware,322,85,51,False,middle,True,True,flag,False,False
wrong_hardware,322,85,109,False,middle,True,True,flag,False,False
wrong_hardware,323,87,92,False,middle,True,True,flag,False,False
wrong_hardware,323,87,85,True,middle,True,True,flag,False,False
wrong_hardware,323,87,51,False,middle,True,True,flag,False,False
wrong_hardware,323,87,109,False,middle,True,True,flag,False,False
wrong_hardware,324,87,92,False,low,True,True,flag,False,False
wrong_hardware,324,87,85,False,low,True,True,flag,False,False
wrong_hardware,324,87,51,False,low,True,True,flag,False,False
wrong_hardware,324,87,109,False,low,True,True,flag,False,False
wrong_hardware,325,109,92,False,high,True,True,reject,True,False
wrong_hardware,325,109,85,True,high,True,True,accept,False,False
wrong_hardware,325,109,87,False,high,True,True,reject,True,False
wrong_hardware,325,109,51,False,high,True,True,reject,True,False
wrong_hardware,326,85,92,True,middle,True,True,flag,False,False
wrong_hardware,326,85,87,False,middle,True,True,flag,False,False
wrong_hardware,326,85,51,False,middle,True,True,flag,False,False
wrong_hardware,326,85,109,False,middle,True,True,flag,False,False
wrong_hardware,327,85,92,False,low,True,True,flag,False,False
wrong_hardware,327,85,87,False,low,True,True,flag,False,False
wrong_hardware,327,85,51,True,low,True,True,flag,False,False
wrong_hardware,327,85,109,False,low,True,True,flag,False,False
wrong_hardware,328,51,92,False,low,True,True,flag,False,False
wrong_hardware,328,51,85,False,low,True,True,flag,False,False
wrong_hardware,328,51,87,False,low,True,True,flag,False,False
wrong_hardware,328,51,109,False,low,True,True,flag,False,False
wrong_hardware,329,87,92,False,high,True,True,reject,True,False
wrong_hardware,329,87,85,False,high,True,True,reject,True,False
wrong_hardware,329,87,51,False,high,True,True,reject,True,False
wrong_hardware,329,87,109,True,high,True,True,accept,False,False
wrong_hardware,330,109,92,False,high,True,True,reject,True,False
wrong_hardware,330,109,85,False,high,True,True,reject,True,False
wrong_hardware,330,109,87,False,high,True,True,reject,True,False
wrong_hardware,330,109,51,False,high,True,True,reject,True,False
wrong_hardware,331,85,92,False,middle,True,True,flag,False,False
wrong_hardware,331,85,87,False,middle,True,True,flag,False,False
wrong_hardware,331,85,51,False,middle,True,True,flag,False,False
wrong_hardware,331,85,109,False,middle,True,True,flag,False,False
wrong_hardware,332,92,85,False,middle,True,True,flag,False,False
wrong_hardware,332,92,87,False,middle,True,True,flag,False,False
wrong_hardware,332,92,51,False,middle,True,True,flag,False,False
wrong_hardware,332,92,109,False,middle,True,True,flag,False,False
wrong_hardware,333,87,92,False,low,True,True,flag,False,False
wrong_hardware,333,87,85,True,low,True,True,flag,False,False
wrong_hardware,333,87,51,False,low,True,True,flag,False,False
wrong_hardware,333,87,109,False,low,True,True,flag,False,False
wrong_hardware,334,85,92,False,high,True,True,reject,True,False
wrong_hardware,334,85,87,True,high,True,True,accept,False,False
wrong_hardware,334,85,51,False,high,True,True,reject,True,False
wrong_hardware,334,85,109,False,high,True,True,reject,True,False
wrong_hardware,335,85,92,True,high,True,True,accept,False,False
wrong_hardware,335,85,87,False,high,True,True,reject,True,False
wrong_hardware,335,85,51,False,high,True,True,reject,True,False
wrong_hardware,335,85,109,False,high,True,True,reject,True,False
wrong_hardware,336,92,85,True,low,True,True,flag,False,False
wrong_hardware,336,92,87,False,low,True,True,flag,False,False
wrong_hardware,336,92,51,False,low,True,True,flag,False,False
wrong_hardware,336,92,109,False,low,True,True,flag,False,False
wrong_hardware,337,51,92,False,low,True,True,flag,False,False
wrong_hardware,337,51,85,False,low,True,True,flag,False,False
wrong_hardware,337,51,87,False,low,True,True,flag,False,False
wrong_hardware,337,51,109,False,low,True,True,flag,False,False
wrong_hardware,338,85,92,False,middle,True,True,flag,False,False
wrong_hardware,338,85,87,False,middle,True,True,flag,False,False
wrong_hardware,338,85,51,False,middle,True,True,flag,False,False
wrong_hardware,338,85,109,True,middle,True,True,flag,False,False
wrong_hardware,339,51,92,True,low,True,True,flag,False,False
wrong_hardware,339,51,85,False,low,True,True,flag,False,False
wrong_hardware,339,51,87,False,low,True,True,flag,False,False
wrong_hardware,339,51,109,False,low,True,True,flag,False,False
wrong_hardware,340,109,92,False,high,True,True,reject,True,False
wrong_hardware,340,109,85,True,high,True,True,accept,False,False
wrong_hardware,340,109,87,False,high,True,True,reject,True,False
wrong_hardware,340,109,51,False,high,True,True,reject,True,False
wrong_hardware,341,109,92,True,high,True,True,accept,False,False
wrong_hardware,341,109,85,False,high,True,True,reject,True,False
wrong_hardware,341,109,87,False,high,True,True,reject,True,False
wrong_hardware,341,109,51,False,high,True,True,reject,True,False
wrong_hardware,342,87,92,False,low,True,True,flag,False,False
wrong_hardware,342,87,85,True,low,True,True,flag,False,False
wrong_hardware,342,87,51,False,low,True,True,flag,False,False
wrong_hardware,342,87,109,False,low,True,True,flag,False,False
wrong_hardware,343,109,92,False,low,True,True,flag,False,False
wrong_hardware,343,109,85,False,low,True,True,flag,False,False
wrong_hardware,343,109,87,False,low,True,True,flag,False,False
wrong_hardware,343,109,51,True,low,True,True,flag,False,False
wrong_hardware,344,87,92,False,low,True,True,flag,False,False
wrong_hardware,344,87,85,False,low,True,True,flag,False,False
wrong_hardware,344,87,51,False,low,True,True,flag,False,False
wrong_hardware,344,87,109,False,low,True,True,flag,False,False
wrong_hardware,345,109,92,True,high,True,True,accept,False,False
wrong_hardware,345,109,85,False,high,True,True,reject,True,False
wrong_hardware,345,109,87,False,high,True,True,reject,True,False
wrong_hardware,345,109,51,False,high,True,True,reject,True,False
wrong_hardware,346,85,92,True,low,True,True,flag,False,False
wrong_hardware,346,85,87,False,low,True,True,flag,False,False
wrong_hardware,346,85,51,False,low,True,True,flag,False,False
wrong_hardware,346,85,109,False,low,True,True,flag,False,False
wrong_hardware,347,51,92,False,low,True,True,flag,False,False
wrong_hardware,347,51,85,False,low,True,True,flag,False,False
wrong_hardware,347,51,87,False,low,True,True,flag,False,False
wrong_hardware,347,51,109,False,low,True,True,flag,False,False
wrong_hardware,348,85,92,False,middle,True,True,flag,False,False
wrong_hardware,348,85,87,False,middle,True,True,flag,False,False
wrong_hardware,348,85,51,True,middle,True,True,flag,False,False
wrong_hardware,348,85,109,False,middle,True,True,flag,False,False
wrong_hardware,349,87,92,False,middle,True,True,flag,False,False
wrong_hardware,349,87,85,False,middle,True,True,flag,False,False
wrong_hardware,349,87,51,False,middle,True,True,flag,False,False
wrong_hardware,349,87,109,False,middle,True,True,flag,False,False
wrong_hardware,350,85,92,False,low,True,True,flag,False,False
wrong_hardware,350,85,87,False,low,True,True,flag,False,False
wrong_hardware,350,85,51,False,low,True,True,flag,False,False
wrong_hardware,350,85,109,False,low,True,True,flag,False,False
wrong_hardware,351,85,92,False,low,True,True,flag,False,False
wrong_hardware,351,85,87,False,low,True,True,flag,False,False
wrong_hardware,351,85,51,True,low,True,True,flag,False,False
wrong_hardware,351,85,109,False,low,True,True,flag,False,False
wrong_hardware,352,85,92,False,low,True,True,flag,False,False
wrong_hardware,352,85,87,False,low,True,True,flag,False,False
wrong_hardware,352,85,51,False,low,True,True,flag,False,False
wrong_hardware,352,85,109,False,low,True,True,flag,False,False
wrong_hardware,353,85,92,False,low,True,True,flag,False,False
wrong_hardware,353,85,87,False,low,True,True,flag,False,False
wrong_hardware,353,85,51,True,low,True,True,flag,False,False
wrong_hardware,353,85,109,False,low,True,True,flag,False,False
wrong_hardware,354,85,92,False,high,True,True,reject,True,False
wrong_hardware,354,85,87,False,high,True,True,reject,True,False
wrong_hardware,354,85,51,False,high,True,True,reject,True,False
wrong_hardware,354,85,109,False,high,True,True,reject,True,False
wrong_hardware,355,51,92,False,low,True,True,flag,False,False
wrong_hardware,355,51,85,False,low,True,True,flag,False,False
wrong_hardware,355,51,87,False,low,True,True,flag,False,False
wrong_hardware,355,51,109,False,low,True,True,flag,False,False
wrong_hardware,356,87,92,False,low,True,True,flag,False,False
wrong_hardware,356,87,85,False,low,True,True,flag,False,False
wrong_hardware,356,87,51,False,low,True,True,flag,False,False
wrong_hardware,356,87,109,True,low,True,True,flag,False,False
wrong_hardware,357,51,92,False,high,True,True,reject,True,False
wrong_hardware,357,51,85,True,high,True,True,accept,False,False
wrong_hardware,357,51,87,False,high,True,True,reject,True,False
wrong_hardware,357,51,109,False,high,True,True,reject,True,False
wrong_hardware,358,51,92,False,low,True,True,flag,False,False
wrong_hardware,358,51,85,True,low,True,True,flag,False,False
wrong_hardware,358,51,87,False,low,True,True,flag,False,False
wrong_hardware,358,51,109,False,low,True,True,flag,False,False
wrong_hardware,359,109,92,False,high,True,True,reject,True,False
wrong_hardware,359,109,85,False,high,True,True,reject,True,False
wrong_hardware,359,109,87,False,high,True,True,reject,True,False
wrong_hardware,359,109,51,False,high,True,True,reject,True,False
wrong_hardware,360,87,92,False,high,True,True,reject,True,False
wrong_hardware,360,87,85,False,high,True,True,reject,True,False
wrong_hardware,360,87,51,True,high,True,True,accept,False,False
wrong_hardware,360,87,109,False,high,True,True,reject,True,False
wrong_hardware,361,85,92,False,low,True,True,flag,False,False
wrong_hardware,361,85,87,False,low,True,True,flag,False,False
wrong_hardware,361,85,51,False,low,True,True,flag,False,False
wrong_hardware,361,85,109,False,low,True,True,flag,False,False
wrong_hardware,362,109,92,False,low,True,True,flag,False,False
wrong_hardware,362,109,85,True,low,True,True,flag,False,False
wrong_hardware,362,109,87,False,low,True,True,flag,False,False
wrong_hardware,362,109,51,False,low,True,True,flag,False,False
wrong_hardware,363,92,85,True,low,True,True,flag,False,False
wrong_hardware,363,92,87,False,low,True,True,flag,False,False
wrong_hardware,363,92,51,False,low,True,True,flag,False,False
wrong_hardware,363,92,109,False,low,True,True,flag,False,False
wrong_hardware,364,51,92,False,high,True,True,reject,True,False
wrong_hardware,364,51,85,False,high,True,True,reject,True,False
wrong_hardware,364,51,87,False,high,True,True,reject,True,False
wrong_hardware,364,51,109,False,high,True,True,reject,True,False
wrong_hardware,365,92,85,True,middle,True,True,flag,False,False
wrong_hardware,365,92,87,False,middle,True,True,flag,False,False
wrong_hardware,365,92,51,False,middle,True,True,flag,False,False
wrong_hardware,365,92,109,False,middle,True,True,flag,False,False
wrong_hardware,366,85,92,False,middle,True,True,flag,False,False
wrong_hardware,366,85,87,True,middle,True,True,flag,False,False
wrong_hardware,366,85,51,False,middle,True,True,flag,False,False
wrong_hardware,366,85,109,False,middle,True,True,flag,False,False
wrong_hardware,367,109,92,False,middle,True,True,flag,False,False
wrong_hardware,367,109,85,True,middle,True,True,flag,False,False
wrong_hardware,367,109,87,False,middle,True,True,flag,False,False
wrong_hardware,367,109,51,False,middle,True,True,flag,False,False
wrong_hardware,368,51,92,False,middle,True,True,flag,False,False
wrong_hardware,368,51,85,False,middle,True,True,flag,False,False
wrong_hardware,368,51,87,False,middle,True,True,flag,False,False
wrong_hardware,368,51,109,True,middle,True,True,flag,False,False
wrong_hardware,369,87,92,False,low,True,True,flag,False,False
wrong_hardware,369,87,85,True,low,True,True,flag,False,False
wrong_hardware,369,87,51,False,low,True,True,flag,False,False
wrong_hardware,369,87,109,False,low,True,True,flag,False,False
wrong_hardware,370,87,92,True,high,True,True,accept,False,False
wrong_hardware,370,87,85,False,high,True,True,reject,True,False
wrong_hardware,370,87,51,False,high,True,True,reject,True,False
wrong_hardware,370,87,109,False,high,True,True,reject,True,False
wrong_hardware,371,51,92,False,middle,True,True,flag,False,False
wrong_hardware,371,51,85,False,middle,True,True,flag,False,False
wrong_hardware,371,51,87,True,middle,True,True,flag,False,False
wrong_hardware,371,51,109,False,middle,True,True,flag,False,False
wrong_hardware,372,51,92,False,middle,True,True,flag,False,False
wrong_hardware,372,51,85,False,middle,True,True,flag,False,False
wrong_hardware,372,51,87,True,middle,True,True,flag,False,False
wrong_hardware,372,51,109,False,middle,True,True,flag,False,False
wrong_hardware,373,109,92,True,middle,True,True,flag,False,False
wrong_hardware,373,109,85,False,middle,True,True,flag,False,False
wrong_hardware,373,109,87,False,middle,True,True,flag,False,False
wrong_hardware,373,109,51,False,middle,True,True,flag,False,False
wrong_hardware,374,92,85,False,middle,True,True,flag,False,False
wrong_hardware,374,92,87,False,middle,True,True,flag,False,False
wrong_hardware,374,92,51,False,middle,True,True,flag,False,False
wrong_hardware,374,92,109,False,middle,True,True,flag,False,False
wrong_hardware,375,51,92,False,low,True,True,flag,False,False
wrong_hardware,375,51,85,False,low,True,True,flag,False,False
wrong_hardware,375,51,87,False,low,True,True,flag,False,False
wrong_hardware,375,51,109,True,low,True,True,flag,False,False
wrong_hardware,376,92,85,False,high,True,True,reject,True,False
wrong_hardware,376,92,87,False,high,True,True,reject,True,False
wrong_hardware,376,92,51,False,high,True,True,reject,True,False
wrong_hardware,376,92,109,False,high,True,True,reject,True,False
wrong_hardware,377,92,85,False,low,True,True,flag,False,False
wrong_hardware,377,92,87,True,low,True,True,flag,False,False
wrong_hardware,377,92,51,False,low,True,True,flag,False,False
wrong_hardware,377,92,109,False,low,True,True,flag,False,False
wrong_hardware,378,109,92,False,low,True,True,flag,False,False
wrong_hardware,378,109,85,False,low,True,True,flag,False,False
wrong_hardware,378,109,87,False,low,True,True,flag,False,False
wrong_hardware,378,109,51,True,low,True,True,flag,False,False
wrong_hardware,379,51,92,True,high,True,True,accept,False,False
wrong_hardware,379,51,85,False,high,True,True,reject,True,False
wrong_hardware,379,51,87,False,high,True,True,reject,True,False
wrong_hardware,379,51,109,False,high,True,True,reject,True,False
wrong_hardware,380,87,92,False,middle,True,True,flag,False,False
wrong_hardware,380,87,85,False,middle,True,True,flag,False,False
wrong_hardware,380,87,51,True,middle,True,True,flag,False,False
wrong_hardware,380,87,109,False,middle,True,True,flag,False,False
wrong_hardware,381,92,85,False,high,True,True,reject,True,False
wrong_hardware,381,92,87,False,high,True,True,reject,True,False
wrong_hardware,381,92,51,False,high,True,True,reject,True,False
wrong_hardware,381,92,109,False,high,True,True,reject,True,False
wrong_hardware,382,109,92,False,high,True,True,reject,True,False
wrong_hardware,382,109,85,False,high,True,True,reject,True,False
wrong_hardware,382,109,87,False,high,True,True,reject,True,False
wrong_hardware,382,109,51,True,high,True,True,accept,False,False
wrong_hardware,383,92,85,False,middle,True,True,flag,False,False
wrong_hardware,383,92,87,False,middle,True,True,flag,False,False
wrong_hardware,383,92,51,False,middle,True,True,flag,False,False
wrong_hardware,383,92,109,False,middle,True,True,flag,False,False
wrong_hardware,384,85,92,True,high,True,True,accept,False,False
wrong_hardware,384,85,87,False,high,True,True,reject,True,False
wrong_hardware,384,85,51,False,high,True,True,reject,True,False
wrong_hardware,384,85,109,False,high,True,True,reject,True,False
wrong_hardware,385,92,85,False,high,True,True,reject,True,False
wrong_hardware,385,92,87,False,high,True,True,reject,True,False
wrong_hardware,385,92,51,False,high,True,True,reject,True,False
wrong_hardware,385,92,109,True,high,True,True,accept,False,False
wrong_hardware,386,51,92,False,high,True,True,reject,True,False
wrong_hardware,386,51,85,True,high,True,True,accept,False,False
wrong_hardware,386,51,87,False,high,True,True,reject,True,False
wrong_hardware,386,51,109,False,high,True,True,reject,True,False
wrong_hardware,387,85,92,False,high,True,True,reject,True,False
wrong_hardware,387,85,87,True,high,True,True,accept,False,False
wrong_hardware,387,85,51,False,high,True,True,reject,True,False
wrong_hardware,387,85,109,False,high,True,True,reject,True,False
wrong_hardware,388,85,92,False,low,True,True,flag,False,False
wrong_hardware,388,85,87,False,low,True,True,flag,False,False
wrong_hardware,388,85,51,False,low,True,True,flag,False,False
wrong_hardware,388,85,109,True,low,True,True,flag,False,False
wrong_hardware,389,87,92,True,middle,True,True,flag,False,False
wrong_hardware,389,87,85,False,middle,True,True,flag,False,False
wrong_hardware,389,87,51,False,middle,True,True,flag,False,False
wrong_hardware,389,87,109,False,middle,True,True,flag,False,False
wrong_hardware,390,87,92,False,high,True,True,reject,True,False
wrong_hardware,390,87,85,False,high,True,True,reject,True,False
wrong_hardware,390,87,51,True,high,True,True,accept,False,False
wrong_hardware,390,87,109,False,high,True,True,reject,True,False
wrong_hardware,391,109,92,False,low,True,True,flag,False,False
wrong_hardware,391,109,85,False,low,True,True,flag,False,False
wrong_hardware,391,109,87,False,low,True,True,flag,False,False
wrong_hardware,391,109,51,True,low,True,True,flag,False,False
wrong_hardware,392,85,92,False,high,True,True,reject,True,False
wrong_hardware,392,85,87,True,high,True,True,accept,False,False
wrong_hardware,392,85,51,False,high,True,True,reject,True,False
wrong_hardware,392,85,109,False,high,True,True,reject,True,False
wrong_hardware,393,87,92,False,high,True,True,reject,True,False
wrong_hardware,393,87,85,False,high,True,True,reject,True,False
wrong_hardware,393,87,51,False,high,True,True,reject,True,False
wrong_hardware,393,87,109,True,high,True,True,accept,False,False
wrong_hardware,394,92,85,True,middle,True,True,flag,False,False
wrong_hardware,394,92,87,False,middle,True,True,flag,False,False
wrong_hardware,394,92,51,False,middle,True,True,flag,False,False
wrong_hardware,394,92,109,False,middle,True,True,flag,False,False
wrong_hardware,395,85,92,True,middle,True,True,flag,False,False
wrong_hardware,395,85,87,False,middle,True,True,flag,False,False
wrong_hardware,395,85,51,False,middle,True,True,flag,False,False
wrong_hardware,395,85,109,False,middle,True,True,flag,False,False
wrong_hardware,396,92,85,True,high,True,True,accept,False,False
wrong_hardware,396,92,87,False,high,True,True,reject,True,False
wrong_hardware,396,92,51,False,high,True,True,reject,True,False
wrong_hardware,396,92,109,False,high,True,True,reject,True,False
wrong_hardware,397,92,85,False,low,True,True,flag,False,False
wrong_hardware,397,92,87,False,low,True,True,flag,False,False
wrong_hardware,397,92,51,False,low,True,True,flag,False,False
wrong_hardware,397,92,109,False,low,True,True,flag,False,False
wrong_hardware,398,92,85,False,middle,True,True,flag,False,False
wrong_hardware,398,92,87,False,middle,True,True,flag,False,False
wrong_hardware,398,92,51,True,middle,True,True,flag,False,False
wrong_hardware,398,92,109,False,middle,True,True,flag,False,False
wrong_hardware,399,85,92,True,high,True,True,accept,False,False
wrong_hardware,399,85,87,False,high,True,True,reject,True,False
wrong_hardware,399,85,51,False,high,True,True,reject,True,False
wrong_hardware,399,85,109,False,high,True,True,reject,True,False
wrong_hardware,400,109,92,True,middle,True,True,flag,False,False
wrong_hardware,400,109,85,False,middle,True,True,flag,False,False
wrong_hardware,400,109,87,False,middle,True,True,flag,False,False
wrong_hardware,400,109,51,False,middle,True,True,flag,False,False
wrong_hardware,401,92,85,False,middle,True,True,flag,False,False
wrong_hardware,401,92,87,False,middle,True,True,flag,False,False
wrong_hardware,401,92,51,True,middle,True,True,flag,False,False
wrong_hardware,401,92,109,False,middle,True,True,flag,False,False
wrong_hardware,402,87,92,False,high,True,True,reject,True,False
wrong_hardware,402,87,85,False,high,True,True,reject,True,False
wrong_hardware,402,87,51,False,high,True,True,reject,True,False
wrong_hardware,402,87,109,False,high,True,True,reject,True,False
wrong_hardware,403,87,92,False,low,True,True,flag,False,False
wrong_hardware,403,87,85,True,low,True,True,flag,False,False
wrong_hardware,403,87,51,False,low,True,True,flag,False,False
wrong_hardware,403,87,109,False,low,True,True,flag,False,False
wrong_hardware,404,85,92,True,high,True,True,accept,False,False
wrong_hardware,404,85,87,False,high,True,True,reject,True,False
wrong_hardware,404,85,51,False,high,True,True,reject,True,False
wrong_hardware,404,85,109,False,high,True,True,reject,True,False
wrong_hardware,405,85,92,False,middle,True,True,flag,False,False
wrong_hardware,405,85,87,False,middle,True,True,flag,False,False
wrong_hardware,405,85,51,False,middle,True,True,flag,False,False
wrong_hardware,405,85,109,False,middle,True,True,flag,False,False
wrong_hardware,406,51,92,False,high,True,True,reject,True,False
wrong_hardware,406,51,85,False,high,True,True,reject,True,False
wrong_hardware,406,51,87,True,high,True,True,accept,False,False
wrong_hardware,406,51,109,False,high,True,True,reject,True,False
wrong_hardware,407,109,92,False,middle,True,True,flag,False,False
wrong_hardware,407,109,85,False,middle,True,True,flag,False,False
wrong_hardware,407,109,87,False,middle,True,True,flag,False,False
wrong_hardware,407,109,51,False,middle,True,True,flag,False,False
wrong_hardware,408,87,92,False,high,True,True,reject,True,False
wrong_hardware,408,87,85,False,high,True,True,reject,True,False
wrong_hardware,408,87,51,False,high,True,True,reject,True,False
wrong_hardware,408,87,109,False,high,True,True,reject,True,False
wrong_hardware,409,87,92,False,low,True,True,flag,False,False
wrong_hardware,409,87,85,False,low,True,True,flag,False,False
wrong_hardware,409,87,51,False,low,True,True,flag,False,False
wrong_hardware,409,87,109,True,low,True,True,flag,False,False
wrong_hardware,410,109,92,False,high,True,True,reject,True,False
wrong_hardware,410,109,85,False,high,True,True,reject,True,False
wrong_hardware,410,109,87,False,high,True,True,reject,True,False
wrong_hardware,410,109,51,False,high,True,True,reject,True,False
wrong_hardware,411,51,92,False,middle,True,True,flag,False,False
wrong_hardware,411,51,85,False,middle,True,True,flag,False,False
wrong_hardware,411,51,87,False,middle,True,True,flag,False,False
wrong_hardware,411,51,109,True,middle,True,True,flag,False,False
wrong_hardware,412,92,85,False,low,True,True,flag,False,False
wrong_hardware,412,92,87,True,low,True,True,flag,False,False
wrong_hardware,412,92,51,False,low,True,True,flag,False,False
wrong_hardware,412,92,109,False,low,True,True,flag,False,False
wrong_hardware,413,51,92,False,low,True,True,flag,False,False
wrong_hardware,413,51,85,False,low,True,True,flag,False,False
wrong_hardware,413,51,87,True,low,True,True,flag,False,False
wrong_hardware,413,51,109,False,low,True,True,flag,False,False
wrong_hardware,414,92,85,False,middle,True,True,flag,False,False
wrong_hardware,414,92,87,True,middle,True,True,flag,False,False
wrong_hardware,414,92,51,False,middle,True,True,flag,False,False
wrong_hardware,414,92,109,False,middle,True,True,flag,False,False
wrong_hardware,415,51,92,False,low,True,True,flag,False,False
wrong_hardware,415,51,85,False,low,True,True,flag,False,False
wrong_hardware,415,51,87,False,low,True,True,flag,False,False
wrong_hardware,415,51,109,False,low,True,True,flag,False,False
wrong_hardware,416,92,85,False,middle,True,True,flag,False,False
wrong_hardware,416,92,87,True,middle,True,True,flag,False,False
wrong_hardware,416,92,51,False,middle,True,True,flag,False,False
wrong_hardware,416,92,109,False,middle,True,True,flag,False,False
wrong_hardware,417,51,92,False,low,True,True,flag,False,False
wrong_hardware,417,51,85,True,low,True,True,flag,False,False
wrong_hardware,417,51,87,False,low,True,True,flag,False,False
wrong_hardware,417,51,109,False,low,True,True,flag,False,False
wrong_hardware,418,85,92,False,high,True,True,reject,True,False
wrong_hardware,418,85,87,False,high,True,True,reject,True,False
wrong_hardware,418,85,51,False,high,True,True,reject,True,False
wrong_hardware,418,85,109,True,high,True,True,accept,False,False
wrong_hardware,419,87,92,False,middle,True,True,flag,False,False
wrong_hardware,419,87,85,False,middle,True,True,flag,False,False
wrong_hardware,419,87,51,False,middle,True,True,flag,False,False
wrong_hardware,419,87,109,False,middle,True,True,flag,False,False
wrong_hardware,420,51,92,False,middle,True,True,flag,False,False
wrong_hardware,420,51,85,False,middle,True,True,flag,False,False
wrong_hardware,420,51,87,False,middle,True,True,flag,False,False
wrong_hardware,420,51,109,True,middle,True,True,flag,False,False
wrong_hardware,421,92,85,False,middle,True,True,flag,False,False
wrong_hardware,421,92,87,False,middle,True,True,flag,False,False
wrong_hardware,421,92,51,False,middle,True,True,flag,False,False
wrong_hardware,421,92,109,True,middle,True,True,flag,False,False
wrong_hardware,422,85,92,False,low,True,True,flag,False,False
wrong_hardware,422,85,87,False,low,True,True,flag,False,False
wrong_hardware,422,85,51,True,low,True,True,flag,False,False
wrong_hardware,422,85,109,False,low,True,True,flag,False,False
wrong_hardware,423,92,85,False,low,True,True,flag,False,False
wrong_hardware,423,92,87,False,low,True,True,flag,False,False
wrong_hardware,423,92,51,False,low,True,True,flag,False,False
wrong_hardware,423,92,109,True,low,True,True,flag,False,False
wrong_hardware,424,51,92,False,low,True,True,flag,False,False
wrong_hardware,424,51,85,False,low,True,True,flag,False,False
wrong_hardware,424,51,87,False,low,True,True,flag,False,False
wrong_hardware,424,51,109,False,low,True,True,flag,False,False
wrong_hardware,425,51,92,False,high,True,True,reject,True,False
wrong_hardware,425,51,85,False,high,True,True,reject,True,False
wrong_hardware,425,51,87,False,high,True,True,reject,True,False
wrong_hardware,425,51,109,False,high,True,True,reject,True,False
wrong_hardware,426,51,92,True,low,True,True,flag,False,False
wrong_hardware,426,51,85,False,low,True,True,flag,False,False
wrong_hardware,426,51,87,False,low,True,True,flag,False,False
wrong_hardware,426,51,109,False,low,True,True,flag,False,False
wrong_hardware,427,51,92,False,high,True,True,reject,True,False
wrong_hardware,427,51,85,False,high,True,True,reject,True,False
wrong_hardware,427,51,87,False,high,True,True,reject,True,False
wrong_hardware,427,51,109,False,high,True,True,reject,True,False
wrong_hardware,428,51,92,False,middle,True,True,flag,False,False
wrong_hardware,428,51,85,False,middle,True,True,flag,False,False
wrong_hardware,428,51,87,True,middle,True,True,flag,False,False
wrong_hardware,428,51,109,False,middle,True,True,flag,False,False
wrong_hardware,429,87,92,False,middle,True,True,flag,False,False
wrong_hardware,429,87,85,True,middle,True,True,flag,False,False
wrong_hardware,429,87,51,False,middle,True,True,flag,False,False
wrong_hardware,429,87,109,False,middle,True,True,flag,False,False
wrong_hardware,430,87,92,False,high,True,True,reject,True,False
wrong_hardware,430,87,85,False,high,True,True,reject,True,False
wrong_hardware,430,87,51,False,high,True,True,reject,True,False
wrong_hardware,430,87,109,False,high,True,True,reject,True,False
wrong_hardware,431,109,92,False,high,True,True,reject,True,False
wrong_hardware,431,109,85,False,high,True,True,reject,True,False
wrong_hardware,431,109,87,True,high,True,True,accept,False,False
wrong_hardware,431,109,51,False,high,True,True,reject,True,False
wrong_hardware,432,109,92,False,middle,True,True,flag,False,False
wrong_hardware,432,109,85,True,middle,True,True,flag,False,False
wrong_hardware,432,109,87,False,middle,True,True,flag,False,False
wrong_hardware,432,109,51,False,middle,True,True,flag,False,False
wrong_hardware,433,85,92,False,low,True,True,flag,False,False
wrong_hardware,433,85,87,False,low,True,True,flag,False,False
wrong_hardware,433,85,51,True,low,True,True,flag,False,False
wrong_hardware,433,85,109,False,low,True,True,flag,False,False
wrong_hardware,434,92,85,False,low,True,True,flag,False,False
wrong_hardware,434,92,87,False,low,True,True,flag,False,False
wrong_hardware,434,92,51,False,low,True,True,flag,False,False
wrong_hardware,434,92,109,False,low,True,True,flag,False,False
wrong_hardware,435,87,92,False,low,True,True,flag,False,False
wrong_hardware,435,87,85,False,low,True,True,flag,False,False
wrong_hardware,435,87,51,False,low,True,True,flag,False,False
wrong_hardware,435,87,109,True,low,True,True,flag,False,False
wrong_hardware,436,87,92,False,high,True,True,reject,True,False
wrong_hardware,436,87,85,True,high,True,True,accept,False,False
wrong_hardware,436,87,51,False,high,True,True,reject,True,False
wrong_hardware,436,87,109,False,high,True,True,reject,True,False
wrong_hardware,437,92,85,False,high,True,True,reject,True,False
wrong_hardware,437,92,87,True,high,True,True,accept,False,False
wrong_hardware,437,92,51,False,high,True,True,reject,True,False
wrong_hardware,437,92,109,False,high,True,True,reject,True,False
wrong_hardware,438,51,92,False,low,True,True,flag,False,False
wrong_hardware,438,51,85,False,low,True,True,flag,False,False
wrong_hardware,438,51,87,True,low,True,True,flag,False,False
wrong_hardware,438,51,109,False,low,True,True,flag,False,False
wrong_hardware,439,51,92,False,low,True,True,flag,False,False
wrong_hardware,439,51,85,False,low,True,True,flag,False,False
wrong_hardware,439,51,87,True,low,True,True,flag,False,False
wrong_hardware,439,51,109,False,low,True,True,flag,False,False
wrong_hardware,440,51,92,False,low,True,True,flag,False,False
wrong_hardware,440,51,85,True,low,True,True,flag,False,False
wrong_hardware,440,51,87,False,low,True,True,flag,False,False
wrong_hardware,440,51,109,False,low,True,True,flag,False,False
wrong_hardware,441,87,92,False,middle,True,True,flag,False,False
wrong_hardware,441,87,85,False,middle,True,True,flag,False,False
wrong_hardware,441,87,51,False,middle,True,True,flag,False,False
wrong_hardware,441,87,109,True,middle,True,True,flag,False,False
wrong_hardware,442,51,92,False,low,True,True,flag,False,False
wrong_hardware,442,51,85,True,low,True,True,flag,False,False
wrong_hardware,442,51,87,False,low,True,True,flag,False,False
wrong_hardware,442,51,109,False,low,True,True,flag,False,False
wrong_hardware,443,109,92,True,middle,True,True,flag,False,False
wrong_hardware,443,109,85,False,middle,True,True,flag,False,False
wrong_hardware,443,109,87,False,middle,True,True,flag,False,False
wrong_hardware,443,109,51,False,middle,True,True,flag,False,False
wrong_hardware,444,87,92,True,low,True,True,flag,False,False
wrong_hardware,444,87,85,False,low,True,True,flag,False,False
wrong_hardware,444,87,51,False,low,True,True,flag,False,False
wrong_hardware,444,87,109,False,low,True,True,flag,False,False
wrong_hardware,445,109,92,True,middle,True,True,flag,False,False
wrong_hardware,445,109,85,False,middle,True,True,flag,False,False
wrong_hardware,445,109,87,False,middle,True,True,flag,False,False
wrong_hardware,445,109,51,False,middle,True,True,flag,False,False
wrong_hardware,446,87,92,False,high,True,True,reject,True,False
wrong_hardware,446,87,85,True,high,True,True,accept,False,False
wrong_hardware,446,87,51,False,high,True,True,reject,True,False
wrong_hardware,446,87,109,False,high,True,True,reject,True,False
wrong_hardware,447,92,85,False,middle,True,True,flag,False,False
wrong_hardware,447,92,87,False,middle,True,True,flag,False,False
wrong_hardware,447,92,51,False,middle,True,True,flag,False,False
wrong_hardware,447,92,109,True,middle,True,True,flag,False,False
wrong_hardware,448,51,92,True,high,True,True,accept,False,False
wrong_hardware,448,51,85,False,high,True,True,reject,True,False
wrong_hardware,448,51,87,False,high,True,True,reject,True,False
wrong_hardware,448,51,109,False,high,True,True,reject,True,False
wrong_hardware,449,51,92,True,middle,True,True,flag,False,False
wrong_hardware,449,51,85,False,middle,True,True,flag,False,False
wrong_hardware,449,51,87,False,middle,True,True,flag,False,False
wrong_hardware,449,51,109,False,middle,True,True,flag,False,False
wrong_hardware,450,51,92,False,low,True,True,flag,False,False
wrong_hardware,450,51,85,True,low,True,True,flag,False,False
wrong_hardware,450,51,87,False,low,True,True,flag,False,False
wrong_hardware,450,51,109,False,low,True,True,flag,False,False
wrong_hardware,451,87,92,False,low,True,True,flag,False,False
wrong_hardware,451,87,85,False,low,True,True,flag,False,False
wrong_hardware,451,87,51,False,low,True,True,flag,False,False
wrong_hardware,451,87,109,False,low,True,True,flag,False,False
wrong_hardware,452,92,85,False,low,True,True,flag,False,False
wrong_hardware,452,92,87,False,low,True,True,flag,False,False
wrong_hardware,452,92,51,False,low,True,True,flag,False,False
wrong_hardware,452,92,109,True,low,True,True,flag,False,False
wrong_hardware,453,92,85,True,high,True,True,accept,False,False
wrong_hardware,453,92,87,False,high,True,True,reject,True,False
wrong_hardware,453,92,51,False,high,True,True,reject,True,False
wrong_hardware,453,92,109,False,high,True,True,reject,True,False
wrong_hardware,454,109,92,False,high,True,True,reject,True,False
wrong_hardware,454,109,85,False,high,True,True,reject,True,False
wrong_hardware,454,109,87,True,high,True,True,accept,False,False
wrong_hardware,454,109,51,False,high,True,True,reject,True,False
wrong_hardware,455,109,92,False,high,True,True,reject,True,False
wrong_hardware,455,109,85,False,high,True,True,reject,True,False
wrong_hardware,455,109,87,False,high,True,True,reject,True,False
wrong_hardware,455,109,51,False,high,True,True,reject,True,False
wrong_hardware,456,87,92,True,middle,True,True,flag,False,False
wrong_hardware,456,87,85,False,middle,True,True,flag,False,False
wrong_hardware,456,87,51,False,middle,True,True,flag,False,False
wrong_hardware,456,87,109,False,middle,True,True,flag,False,False
wrong_hardware,457,92,85,True,high,True,True,accept,False,False
wrong_hardware,457,92,87,False,high,True,True,reject,True,False
wrong_hardware,457,92,51,False,high,True,True,reject,True,False
wrong_hardware,457,92,109,False,high,True,True,reject,True,False
wrong_hardware,458,109,92,False,low,True,True,flag,False,False
wrong_hardware,458,109,85,False,low,True,True,flag,False,False
wrong_hardware,458,109,87,False,low,True,True,flag,False,False
wrong_hardware,458,109,51,True,low,True,True,flag,False,False
wrong_hardware,459,85,92,False,high,True,True,reject,True,False
wrong_hardware,459,85,87,False,high,True,True,reject,True,False
wrong_hardware,459,85,51,False,high,True,True,reject,True,False
wrong_hardware,459,85,109,False,high,True,True,reject,True,False
wrong_hardware,460,87,92,False,middle,True,True,flag,False,False
wrong_hardware,460,87,85,True,middle,True,True,flag,False,False
wrong_hardware,460,87,51,False,middle,True,True,flag,False,False
wrong_hardware,460,87,109,False,middle,True,True,flag,False,False
wrong_hardware,461,51,92,False,high,True,True,reject,True,False
wrong_hardware,461,51,85,False,high,True,True,reject,True,False
wrong_hardware,461,51,87,False,high,True,True,reject,True,False
wrong_hardware,461,51,109,False,high,True,True,reject,True,False
wrong_hardware,462,51,92,False,middle,True,True,flag,False,False
wrong_hardware,462,51,85,False,middle,True,True,flag,False,False
wrong_hardware,462,51,87,False,middle,True,True,flag,False,False
wrong_hardware,462,51,109,False,middle,True,True,flag,False,False
wrong_hardware,463,92,85,False,low,True,True,flag,False,False
wrong_hardware,463,92,87,False,low,True,True,flag,False,False
wrong_hardware,463,92,51,False,low,True,True,flag,False,False
wrong_hardware,463,92,109,True,low,True,True,flag,False,False
wrong_hardware,464,109,92,False,middle,True,True,flag,False,False
wrong_hardware,464,109,85,True,middle,True,True,flag,False,False
wrong_hardware,464,109,87,False,middle,True,True,flag,False,False
wrong_hardware,464,109,51,False,middle,True,True,flag,False,False
wrong_hardware,465,87,92,True,low,True,True,flag,False,False
wrong_hardware,465,87,85,False,low,True,True,flag,False,False
wrong_hardware,465,87,51,False,low,True,True,flag,False,False
wrong_hardware,465,87,109,False,low,True,True,flag,False,False
wrong_hardware,466,51,92,False,middle,True,True,flag,False,False
wrong_hardware,466,51,85,True,middle,True,True,flag,False,False
wrong_hardware,466,51,87,False,middle,True,True,flag,False,False
wrong_hardware,466,51,109,False,middle,True,True,flag,False,False
wrong_hardware,467,92,85,False,high,True,True,reject,True,False
wrong_hardware,467,92,87,False,high,True,True,reject,True,False
wrong_hardware,467,92,51,True,high,True,True,accept,False,False
wrong_hardware,467,92,109,False,high,True,True,reject,True,False
wrong_hardware,468,92,85,False,middle,True,True,flag,False,False
wrong_hardware,468,92,87,False,middle,True,True,flag,False,False
wrong_hardware,468,92,51,True,middle,True,True,flag,False,False
wrong_hardware,468,92,109,False,middle,True,True,flag,False,False
wrong_hardware,469,51,92,False,low,True,True,flag,False,False
wrong_hardware,469,51,85,False,low,True,True,flag,False,False
wrong_hardware,469,51,87,False,low,True,True,flag,False,False
wrong_hardware,469,51,109,True,low,True,True,flag,False,False
wrong_hardware,470,109,92,False,middle,True,True,flag,False,False
wrong_hardware,470,109,85,False,middle,True,True,flag,False,False
wrong_hardware,470,109,87,True,middle,True,True,flag,False,False
wrong_hardware,470,109,51,False,middle,True,True,flag,False,False
wrong_hardware,471,51,92,False,high,True,True,reject,True,False
wrong_hardware,471,51,85,True,high,True,True,accept,False,False
wrong_hardware,471,51,87,False,high,True,True,reject,True,False
wrong_hardware,471,51,109,False,high,True,True,reject,True,False
wrong_hardware,472,51,92,False,middle,True,True,flag,False,False
wrong_hardware,472,51,85,True,middle,True,True,flag,False,False
wrong_hardware,472,51,87,False,middle,True,True,flag,False,False
wrong_hardware,472,51,109,False,middle,True,True,flag,False,False
wrong_hardware,473,85,92,True,middle,True,True,flag,False,False
wrong_hardware,473,85,87,False,middle,True,True,flag,False,False
wrong_hardware,473,85,51,False,middle,True,True,flag,False,False
wrong_hardware,473,85,109,False,middle,True,True,flag,False,False
wrong_hardware,474,92,85,False,low,True,True,flag,False,False
wrong_hardware,474,92,87,False,low,True,True,flag,False,False
wrong_hardware,474,92,51,True,low,True,True,flag,False,False
wrong_hardware,474,92,109,False,low,True,True,flag,False,False
wrong_hardware,475,85,92,False,low,True,True,flag,False,False
wrong_hardware,475,85,87,True,low,True,True,flag,False,False
wrong_hardware,475,85,51,False,low,True,True,flag,False,False
wrong_hardware,475,85,109,False,low,True,True,flag,False,False
wrong_hardware,476,51,92,False,high,True,True,reject,True,False
wrong_hardware,476,51,85,False,high,True,True,reject,True,False
wrong_hardware,476,51,87,False,high,True,True,reject,True,False
wrong_hardware,476,51,109,True,high,True,True,accept,False,False
wrong_hardware,477,109,92,True,high,True,True,accept,False,False
wrong_hardware,477,109,85,False,high,True,True,reject,True,False
wrong_hardware,477,109,87,False,high,True,True,reject,True,False
wrong_hardware,477,109,51,False,high,True,True,reject,True,False
wrong_hardware,478,85,92,True,middle,True,True,flag,False,False
wrong_hardware,478,85,87,False,middle,True,True,flag,False,False
wrong_hardware,478,85,51,False,middle,True,True,flag,False,False
wrong_hardware,478,85,109,False,middle,True,True,flag,False,False
wrong_hardware,479,92,85,False,low,True,True,flag,False,False
wrong_hardware,479,92,87,False,low,True,True,flag,False,False
wrong_hardware,479,92,51,False,low,True,True,flag,False,False
wrong_hardware,479,92,109,True,low,True,True,flag,False,False
wrong_hardware,480,109,92,False,low,True,True,flag,False,False
wrong_hardware,480,109,85,True,low,True,True,flag,False,False
wrong_hardware,480,109,87,False,low,True,True,flag,False,False
wrong_hardware,480,109,51,False,low,True,True,flag,False,False
wrong_hardware,481,85,92,False,low,True,True,flag,False,False
wrong_hardware,481,85,87,False,low,True,True,flag,False,False
wrong_hardware,481,85,51,False,low,True,True,flag,False,False
wrong_hardware,481,85,109,True,low,True,True,flag,False,False
wrong_hardware,482,92,85,False,high,True,True,reject,True,False
wrong_hardware,482,92,87,True,high,True,True,accept,False,False
wrong_hardware,482,92,51,False,high,True,True,reject,True,False
wrong_hardware,482,92,109,False,high,True,True,reject,True,False
wrong_hardware,483,51,92,False,middle,True,True,flag,False,False
wrong_hardware,483,51,85,True,middle,True,True,flag,False,False
wrong_hardware,483,51,87,False,middle,True,True,flag,False,False
wrong_hardware,483,51,109,False,middle,True,True,flag,False,False
wrong_hardware,484,87,92,False,low,True,True,flag,False,False
wrong_hardware,484,87,85,False,low,True,True,flag,False,False
wrong_hardware,484,87,51,False,low,True,True,flag,False,False
wrong_hardware,484,87,109,True,low,True,True,flag,False,False
wrong_hardware,485,87,92,False,high,True,True,reject,True,False
wrong_hardware,485,87,85,False,high,True,True,reject,True,False
wrong_hardware,485,87,51,False,high,True,True,reject,True,False
wrong_hardware,485,87,109,False,high,True,True,reject,True,False
wrong_hardware,486,85,92,False,low,True,True,flag,False,False
wrong_hardware,486,85,87,False,low,True,True,flag,False,False
wrong_hardware,486,85,51,True,low,True,True,flag,False,False
wrong_hardware,486,85,109,False,low,True,True,flag,False,False
wrong_hardware,487,51,92,False,high,True,True,reject,True,False
wrong_hardware,487,51,85,False,high,True,True,reject,True,False
wrong_hardware,487,51,87,False,high,True,True,reject,True,False
wrong_hardware,487,51,109,True,high,True,True,accept,False,False
wrong_hardware,488,109,92,False,middle,True,True,flag,False,False
wrong_hardware,488,109,85,False,middle,True,True,flag,False,False
wrong_hardware,488,109,87,False,middle,True,True,flag,False,False
wrong_hardware,488,109,51,True,middle,True,True,flag,False,False
wrong_hardware,489,92,85,False,low,True,True,flag,False,False
wrong_hardware,489,92,87,False,low,True,True,flag,False,False
wrong_hardware,489,92,51,False,low,True,True,flag,False,False
wrong_hardware,489,92,109,False,low,True,True,flag,False,False
wrong_hardware,490,92,85,False,middle,True,True,flag,False,False
wrong_hardware,490,92,87,False,middle,True,True,flag,False,False
wrong_hardware,490,92,51,False,middle,True,True,flag,False,False
wrong_hardware,490,92,109,False,middle,True,True,flag,False,False
wrong_hardware,491,87,92,True,middle,True,True,flag,False,False
wrong_hardware,491,87,85,False,middle,True,True,flag,False,False
wrong_hardware,491,87,51,False,middle,True,True,flag,False,False
wrong_hardware,491,87,109,False,middle,True,True,flag,False,False
wrong_hardware,492,87,92,False,low,True,True,flag,False,False
wrong_hardware,492,87,85,True,low,True,True,flag,False,False
wrong_hardware,492,87,51,False,low,True,True,flag,False,False
wrong_hardware,492,87,109,False,low,True,True,flag,False,False
wrong_hardware,493,92,85,False,high,True,True,reject,True,False
wrong_hardware,493,92,87,False,high,True,True,reject,True,False
wrong_hardware,493,92,51,False,high,True,True,reject,True,False
wrong_hardware,493,92,109,True,high,True,True,accept,False,False
wrong_hardware,494,51,92,True,middle,True,True,flag,False,False
wrong_hardware,494,51,85,False,middle,True,True,flag,False,False
wrong_hardware,494,51,87,False,middle,True,True,flag,False,False
wrong_hardware,494,51,109,False,middle,True,True,flag,False,False
wrong_hardware,495,87,92,False,high,True,True,reject,True,False
wrong_hardware,495,87,85,False,high,True,True,reject,True,False
wrong_hardware,495,87,51,True,high,True,True,accept,False,False
wrong_hardware,495,87,109,False,high,True,True,reject,True,False
wrong_hardware,496,85,92,False,high,True,True,reject,True,False
wrong_hardware,496,85,87,False,high,True,True,reject,True,False
wrong_hardware,496,85,51,False,high,True,True,reject,True,False
wrong_hardware,496,85,109,False,high,True,True,reject,True,False
wrong_hardware,497,85,92,True,middle,True,True,flag,False,False
wrong_hardware,497,85,87,False,middle,True,True,flag,False,False
wrong_hardware,497,85,51,False,middle,True,True,flag,False,False
wrong_hardware,497,85,109,False,middle,True,True,flag,False,False
wrong_hardware,498,87,92,False,high,True,True,reject,True,False
wrong_hardware,498,87,85,False,high,True,True,reject,True,False
wrong_hardware,498,87,51,False,high,True,True,reject,True,False
wrong_hardware,498,87,109,False,high,True,True,reject,True,False
wrong_hardware,499,87,92,False,high,True,True,reject,True,False
wrong_hardware,499,87,85,True,high,True,True,accept,False,False
wrong_hardware,499,87,51,False,high,True,True,reject,True,False
wrong_hardware,499,87,109,False,high,True,True,reject,True,False
wrong_hardware,500,85,92,False,middle,True,True,flag,False,False
wrong_hardware,500,85,87,False,middle,True,True,flag,False,False
wrong_hardware,500,85,51,False,middle,True,True,flag,False,False
wrong_hardware,500,85,109,False,middle,True,True,flag,False,False
wrong_hardware,501,51,92,False,middle,True,True,flag,False,False
wrong_hardware,501,51,85,False,middle,True,True,flag,False,False
wrong_hardware,501,51,87,True,middle,True,True,flag,False,False
wrong_hardware,501,51,109,False,middle,True,True,flag,False,False
wrong_hardware,502,87,92,False,middle,True,True,flag,False,False
wrong_hardware,502,87,85,True,middle,True,True,flag,False,False
wrong_hardware,502,87,51,False,middle,True,True,flag,False,False
wrong_hardware,502,87,109,False,middle,True,True,flag,False,False
wrong_hardware,503,51,92,False,low,True,True,flag,False,False
wrong_hardware,503,51,85,False,low,True,True,flag,False,False
wrong_hardware,503,51,87,True,low,True,True,flag,False,False
wrong_hardware,503,51,109,False,low,True,True,flag,False,False
wrong_hardware,504,51,92,False,low,True,True,flag,False,False
wrong_hardware,504,51,85,True,low,True,True,flag,False,False
wrong_hardware,504,51,87,False,low,True,True,flag,False,False
wrong_hardware,504,51,109,False,low,True,True,flag,False,False
wrong_hardware,505,87,92,False,middle,True,True,flag,False,False
wrong_hardware,505,87,85,True,middle,True,True,flag,False,False
wrong_hardware,505,87,51,False,middle,True,True,flag,False,False
wrong_hardware,505,87,109,False,middle,True,True,flag,False,False
wrong_hardware,506,109,92,False,low,True,True,flag,False,False
wrong_hardware,506,109,85,False,low,True,True,flag,False,False
wrong_hardware,506,109,87,True,low,True,True,flag,False,False
wrong_hardware,506,109,51,False,low,True,True,flag,False,False
wrong_hardware,507,92,85,False,low,True,True,flag,False,False
wrong_hardware,507,92,87,False,low,True,True,flag,False,False
wrong_hardware,507,92,51,False,low,True,True,flag,False,False
wrong_hardware,507,92,109,True,low,True,True,flag,False,False
wrong_hardware,508,109,92,False,middle,True,True,flag,False,False
wrong_hardware,508,109,85,False,middle,True,True,flag,False,False
wrong_hardware,508,109,87,False,middle,True,True,flag,False,False
wrong_hardware,508,109,51,False,middle,True,True,flag,False,False
wrong_hardware,509,87,92,False,low,True,True,flag,False,False
wrong_hardware,509,87,85,False,low,True,True,flag,False,False
wrong_hardware,509,87,51,False,low,True,True,flag,False,False
wrong_hardware,509,87,109,False,low,True,True,flag,False,False
wrong_hardware,510,85,92,False,low,True,True,flag,False,False
wrong_hardware,510,85,87,True,low,True,True,flag,False,False
wrong_hardware,510,85,51,False,low,True,True,flag,False,False
wrong_hardware,510,85,109,False,low,True,True,flag,False,False
wrong_hardware,511,51,92,False,high,True,True,reject,True,False
wrong_hardware,511,51,85,False,high,True,True,reject,True,False
wrong_hardware,511,51,87,False,high,True,True,reject,True,False
wrong_hardware,511,51,109,False,high,True,True,reject,True,False
wrong_hardware,512,51,92,False,low,True,True,flag,False,False
wrong_hardware,512,51,85,False,low,True,True,flag,False,False
wrong_hardware,512,51,87,False,low,True,True,flag,False,False
wrong_hardware,512,51,109,True,low,True,True,flag,False,False
wrong_hardware,513,51,92,False,high,True,True,reject,True,False
wrong_hardware,513,51,85,True,high,True,True,accept,False,False
wrong_hardware,513,51,87,False,high,True,True,reject,True,False
wrong_hardware,513,51,109,False,high,True,True,reject,True,False
wrong_hardware,514,92,85,False,middle,True,True,flag,False,False
wrong_hardware,514,92,87,False,middle,True,True,flag,False,False
wrong_hardware,514,92,51,False,middle,True,True,flag,False,False
wrong_hardware,514,92,109,False,middle,True,True,flag,False,False
wrong_hardware,515,109,92,False,high,True,True,reject,True,False
wrong_hardware,515,109,85,True,high,True,True,accept,False,False
wrong_hardware,515,109,87,False,high,True,True,reject,True,False
wrong_hardware,515,109,51,False,high,True,True,reject,True,False
wrong_hardware,516,87,92,False,high,True,True,reject,True,False
wrong_hardware,516,87,85,True,high,True,True,accept,False,False
wrong_hardware,516,87,51,False,high,True,True,reject,True,False
wrong_hardware,516,87,109,False,high,True,True,reject,True,False
wrong_hardware,517,87,92,True,low,True,True,flag,False,False
wrong_hardware,517,87,85,False,low,True,True,flag,False,False
wrong_hardware,517,87,51,False,low,True,True,flag,False,False
wrong_hardware,517,87,109,False,low,True,True,flag,False,False
wrong_hardware,518,51,92,False,low,True,True,flag,False,False
wrong_hardware,518,51,85,True,low,True,True,flag,False,False
wrong_hardware,518,51,87,False,low,True,True,flag,False,False
wrong_hardware,518,51,109,False,low,True,True,flag,False,False
wrong_hardware,519,92,85,True,low,True,True,flag,False,False
wrong_hardware,519,92,87,False,low,True,True,flag,False,False
wrong_hardware,519,92,51,False,low,True,True,flag,False,False
wrong_hardware,519,92,109,False,low,True,True,flag,False,False
wrong_hardware,520,85,92,True,high,True,True,accept,False,False
wrong_hardware,520,85,87,False,high,True,True,reject,True,False
wrong_hardware,520,85,51,False,high,True,True,reject,True,False
wrong_hardware,520,85,109,False,high,True,True,reject,True,False
wrong_hardware,521,109,92,False,middle,True,True,flag,False,False
wrong_hardware,521,109,85,False,middle,True,True,flag,False,False
wrong_hardware,521,109,87,False,middle,True,True,flag,False,False
wrong_hardware,521,109,51,False,middle,True,True,flag,False,False
wrong_hardware,522,87,92,True,middle,True,True,flag,False,False
wrong_hardware,522,87,85,False,middle,True,True,flag,False,False
wrong_hardware,522,87,51,False,middle,True,True,flag,False,False
wrong_hardware,522,87,109,False,middle,True,True,flag,False,False
wrong_hardware,523,51,92,False,high,True,True,reject,True,False
wrong_hardware,523,51,85,False,high,True,True,reject,True,False
wrong_hardware,523,51,87,False,high,True,True,reject,True,False
wrong_hardware,523,51,109,True,high,True,True,accept,False,False
wrong_hardware,524,85,92,True,high,True,True,accept,False,False
wrong_hardware,524,85,87,False,high,True,True,reject,True,False
wrong_hardware,524,85,51,False,high,True,True,reject,True,False
wrong_hardware,524,85,109,False,high,True,True,reject,True,False
wrong_hardware,525,51,92,True,high,True,True,accept,False,False
wrong_hardware,525,51,85,False,high,True,True,reject,True,False
wrong_hardware,525,51,87,False,high,True,True,reject,True,False
wrong_hardware,525,51,109,False,high,True,True,reject,True,False
wrong_hardware,526,109,92,False,low,True,True,flag,False,False
wrong_hardware,526,109,85,False,low,True,True,flag,False,False
wrong_hardware,526,109,87,False,low,True,True,flag,False,False
wrong_hardware,526,109,51,False,low,True,True,flag,False,False
wrong_hardware,527,109,92,False,low,True,True,flag,False,False
wrong_hardware,527,109,85,False,low,True,True,flag,False,False
wrong_hardware,527,109,87,False,low,True,True,flag,False,False
wrong_hardware,527,109,51,False,low,True,True,flag,False,False
wrong_hardware,528,109,92,True,high,True,True,accept,False,False
wrong_hardware,528,109,85,False,high,True,True,reject,True,False
wrong_hardware,528,109,87,False,high,True,True,reject,True,False
wrong_hardware,528,109,51,False,high,True,True,reject,True,False
wrong_hardware,529,85,92,True,low,True,True,flag,False,False
wrong_hardware,529,85,87,False,low,True,True,flag,False,False
wrong_hardware,529,85,51,False,low,True,True,flag,False,False
wrong_hardware,529,85,109,False,low,True,True,flag,False,False
wrong_hardware,530,109,92,True,middle,True,True,flag,False,False
wrong_hardware,530,109,85,False,middle,True,True,flag,False,False
wrong_hardware,530,109,87,False,middle,True,True,flag,False,False
wrong_hardware,530,109,51,False,middle,True,True,flag,False,False
wrong_hardware,531,92,85,True,middle,True,True,flag,False,False
wrong_hardware,531,92,87,False,middle,True,True,flag,False,False
wrong_hardware,531,92,51,False,middle,True,True,flag,False,False
wrong_hardware,531,92,109,False,middle,True,True,flag,False,False
wrong_hardware,532,85,92,False,middle,True,True,flag,False,False
wrong_hardware,532,85,87,False,middle,True,True,flag,False,False
wrong_hardware,532,85,51,False,middle,True,True,flag,False,False
wrong_hardware,532,85,109,False,middle,True,True,flag,False,False
wrong_hardware,533,109,92,False,middle,True,True,flag,False,False
wrong_hardware,533,109,85,True,middle,True,True,flag,False,False
wrong_hardware,533,109,87,False,middle,True,True,flag,False,False
wrong_hardware,533,109,51,False,middle,True,True,flag,False,False
wrong_hardware,534,51,92,False,high,True,True,reject,True,False
wrong_hardware,534,51,85,False,high,True,True,reject,True,False
wrong_hardware,534,51,87,False,high,True,True,reject,True,False
wrong_hardware,534,51,109,False,high,True,True,reject,True,False
wrong_hardware,535,92,85,True,high,True,True,accept,False,False
wrong_hardware,535,92,87,False,high,True,True,reject,True,False
wrong_hardware,535,92,51,False,high,True,True,reject,True,False
wrong_hardware,535,92,109,False,high,True,True,reject,True,False
wrong_hardware,536,87,92,False,middle,True,True,flag,False,False
wrong_hardware,536,87,85,False,middle,True,True,flag,False,False
wrong_hardware,536,87,51,False,middle,True,True,flag,False,False
wrong_hardware,536,87,109,False,middle,True,True,flag,False,False
wrong_hardware,537,92,85,False,high,True,True,reject,True,False
wrong_hardware,537,92,87,False,high,True,True,reject,True,False
wrong_hardware,537,92,51,True,high,True,True,accept,False,False
wrong_hardware,537,92,109,False,high,True,True,reject,True,False
wrong_hardware,538,51,92,False,middle,True,True,flag,False,False
wrong_hardware,538,51,85,False,middle,True,True,flag,False,False
wrong_hardware,538,51,87,False,middle,True,True,flag,False,False
wrong_hardware,538,51,109,True,middle,True,True,flag,False,False
wrong_hardware,539,85,92,False,high,True,True,reject,True,False
wrong_hardware,539,85,87,False,high,True,True,reject,True,False
wrong_hardware,539,85,51,False,high,True,True,reject,True,False
wrong_hardware,539,85,109,False,high,True,True,reject,True,False
wrong_hardware,540,109,92,True,low,True,True,flag,False,False
wrong_hardware,540,109,85,False,low,True,True,flag,False,False
wrong_hardware,540,109,87,False,low,True,True,flag,False,False
wrong_hardware,540,109,51,False,low,True,True,flag,False,False
wrong_hardware,541,87,92,False,low,True,True,flag,False,False
wrong_hardware,541,87,85,False,low,True,True,flag,False,False
wrong_hardware,541,87,51,False,low,True,True,flag,False,False
wrong_hardware,541,87,109,False,low,True,True,flag,False,False
wrong_hardware,542,51,92,False,low,True,True,flag,False,False
wrong_hardware,542,51,85,False,low,True,True,flag,False,False
wrong_hardware,542,51,87,False,low,True,True,flag,False,False
wrong_hardware,542,51,109,True,low,True,True,flag,False,False
wrong_hardware,543,51,92,False,middle,True,True,flag,False,False
wrong_hardware,543,51,85,False,middle,True,True,flag,False,False
wrong_hardware,543,51,87,False,middle,True,True,flag,False,False
wrong_hardware,543,51,109,False,middle,True,True,flag,False,False
wrong_hardware,544,85,92,False,low,True,True,flag,False,False
wrong_hardware,544,85,87,False,low,True,True,flag,False,False
wrong_hardware,544,85,51,True,low,True,True,flag,False,False
wrong_hardware,544,85,109,False,low,True,True,flag,False,False
wrong_hardware,545,92,85,True,low,True,True,flag,False,False
wrong_hardware,545,92,87,False,low,True,True,flag,False,False
wrong_hardware,545,92,51,False,low,True,True,flag,False,False
wrong_hardware,545,92,109,False,low,True,True,flag,False,False
wrong_hardware,546,109,92,False,low,True,True,flag,False,False
wrong_hardware,546,109,85,False,low,True,True,flag,False,False
wrong_hardware,546,109,87,False,low,True,True,flag,False,False
wrong_hardware,546,109,51,False,low,True,True,flag,False,False
wrong_hardware,547,92,85,True,middle,True,True,flag,False,False
wrong_hardware,547,92,87,False,middle,True,True,flag,False,False
wrong_hardware,547,92,51,False,middle,True,True,flag,False,False
wrong_hardware,547,92,109,False,middle,True,True,flag,False,False
wrong_hardware,548,85,92,False,low,True,True,flag,False,False
wrong_hardware,548,85,87,False,low,True,True,flag,False,False
wrong_hardware,548,85,51,False,low,True,True,flag,False,False
wrong_hardware,548,85,109,True,low,True,True,flag,False,False
wrong_hardware,549,87,92,False,low,True,True,flag,False,False
wrong_hardware,549,87,85,False,low,True,True,flag,False,False
wrong_hardware,549,87,51,False,low,True,True,flag,False,False
wrong_hardware,549,87,109,False,low,True,True,flag,False,False
wrong_hardware,550,87,92,False,high,True,True,reject,True,False
wrong_hardware,550,87,85,True,high,True,True,accept,False,False
wrong_hardware,550,87,51,False,high,True,True,reject,True,False
wrong_hardware,550,87,109,False,high,True,True,reject,True,False
wrong_hardware,551,109,92,False,middle,True,True,flag,False,False
wrong_hardware,551,109,85,False,middle,True,True,flag,False,False
wrong_hardware,551,109,87,True,middle,True,True,flag,False,False
wrong_hardware,551,109,51,False,middle,True,True,flag,False,False
wrong_hardware,552,85,92,False,middle,True,True,flag,False,False
wrong_hardware,552,85,87,False,middle,True,True,flag,False,False
wrong_hardware,552,85,51,False,middle,True,True,flag,False,False
wrong_hardware,552,85,109,True,middle,True,True,flag,False,False
wrong_hardware,553,87,92,True,middle,True,True,flag,False,False
wrong_hardware,553,87,85,False,middle,True,True,flag,False,False
wrong_hardware,553,87,51,False,middle,True,True,flag,False,False
wrong_hardware,553,87,109,False,middle,True,True,flag,False,False
wrong_hardware,554,51,92,False,high,True,True,reject,True,False
wrong_hardware,554,51,85,True,high,True,True,accept,False,False
wrong_hardware,554,51,87,False,high,True,True,reject,True,False
wrong_hardware,554,51,109,False,high,True,True,reject,True,False
wrong_hardware,555,85,92,False,high,True,True,reject,True,False
wrong_hardware,555,85,87,False,high,True,True,reject,True,False
wrong_hardware,555,85,51,False,high,True,True,reject,True,False
wrong_hardware,555,85,109,True,high,True,True,accept,False,False
wrong_hardware,556,92,85,False,middle,True,True,flag,False,False
wrong_hardware,556,92,87,False,middle,True,True,flag,False,False
wrong_hardware,556,92,51,False,middle,True,True,flag,False,False
wrong_hardware,556,92,109,True,middle,True,True,flag,False,False
wrong_hardware,557,85,92,True,low,True,True,flag,False,False
wrong_hardware,557,85,87,False,low,True,True,flag,False,False
wrong_hardware,557,85,51,False,low,True,True,flag,False,False
wrong_hardware,557,85,109,False,low,True,True,flag,False,False
wrong_hardware,558,92,85,False,middle,True,True,flag,False,False
wrong_hardware,558,92,87,False,middle,True,True,flag,False,False
wrong_hardware,558,92,51,False,middle,True,True,flag,False,False
wrong_hardware,558,92,109,False,middle,True,True,flag,False,False
wrong_hardware,559,87,92,False,low,True,True,flag,False,False
wrong_hardware,559,87,85,False,low,True,True,flag,False,False
wrong_hardware,559,87,51,True,low,True,True,flag,False,False
wrong_hardware,559,87,109,False,low,True,True,flag,False,False
wrong_hardware,560,51,92,False,low,True,True,flag,False,False
wrong_hardware,560,51,85,False,low,True,True,flag,False,False
wrong_hardware,560,51,87,False,low,True,True,flag,False,False
wrong_hardware,560,51,109,False,low,True,True,flag,False,False
wrong_hardware,561,109,92,False,high,True,True,reject,True,False
wrong_hardware,561,109,85,True,high,True,True,accept,False,False
wrong_hardware,561,109,87,False,high,True,True,reject,True,False
wrong_hardware,561,109,51,False,high,True,True,reject,True,False
wrong_hardware,562,85,92,False,high,True,True,reject,True,False
wrong_hardware,562,85,87,False,high,True,True,reject,True,False
wrong_hardware,562,85,51,False,high,True,True,reject,True,False
wrong_hardware,562,85,109,False,high,True,True,reject,True,False
wrong_hardware,563,85,92,True,low,True,True,flag,False,False
wrong_hardware,563,85,87,False,low,True,True,flag,False,False
wrong_hardware,563,85,51,False,low,True,True,flag,False,False
wrong_hardware,563,85,109,False,low,True,True,flag,False,False
wrong_hardware,564,87,92,False,high,True,True,reject,True,False
wrong_hardware,564,87,85,True,high,True,True,accept,False,False
wrong_hardware,564,87,51,False,high,True,True,reject,True,False
wrong_hardware,564,87,109,False,high,True,True,reject,True,False
wrong_hardware,565,109,92,True,low,True,True,flag,False,False
wrong_hardware,565,109,85,False,low,True,True,flag,False,False
wrong_hardware,565,109,87,False,low,True,True,flag,False,False
wrong_hardware,565,109,51,False,low,True,True,flag,False,False
wrong_hardware,566,87,92,False,low,True,True,flag,False,False
wrong_hardware,566,87,85,False,low,True,True,flag,False,False
wrong_hardware,566,87,51,False,low,True,True,flag,False,False
wrong_hardware,566,87,109,False,low,True,True,flag,False,False
wrong_hardware,567,92,85,False,low,True,True,flag,False,False
wrong_hardware,567,92,87,False,low,True,True,flag,False,False
wrong_hardware,567,92,51,False,low,True,True,flag,False,False
wrong_hardware,567,92,109,True,low,True,True,flag,False,False
wrong_hardware,568,87,92,True,low,True,True,flag,False,False
wrong_hardware,568,87,85,False,low,True,True,flag,False,False
wrong_hardware,568,87,51,False,low,True,True,flag,False,False
wrong_hardware,568,87,109,False,low,True,True,flag,False,False
wrong_hardware,569,92,85,False,low,True,True,flag,False,False
wrong_hardware,569,92,87,False,low,True,True,flag,False,False
wrong_hardware,569,92,51,True,low,True,True,flag,False,False
wrong_hardware,569,92,109,False,low,True,True,flag,False,False
wrong_hardware,570,92,85,False,high,True,True,reject,True,False
wrong_hardware,570,92,87,True,high,True,True,accept,False,False
wrong_hardware,570,92,51,False,high,True,True,reject,True,False
wrong_hardware,570,92,109,False,high,True,True,reject,True,False
wrong_hardware,571,109,92,False,middle,True,True,flag,False,False
wrong_hardware,571,109,85,False,middle,True,True,flag,False,False
wrong_hardware,571,109,87,False,middle,True,True,flag,False,False
wrong_hardware,571,109,51,False,middle,True,True,flag,False,False
wrong_hardware,572,51,92,True,low,True,True,flag,False,False
wrong_hardware,572,51,85,False,low,True,True,flag,False,False
wrong_hardware,572,51,87,False,low,True,True,flag,False,False
wrong_hardware,572,51,109,False,low,True,True,flag,False,False
wrong_hardware,573,92,85,False,middle,True,True,flag,False,False
wrong_hardware,573,92,87,True,middle,True,True,flag,False,False
wrong_hardware,573,92,51,False,middle,True,True,flag,False,False
wrong_hardware,573,92,109,False,middle,True,True,flag,False,False
wrong_hardware,574,51,92,False,high,True,True,reject,True,False
wrong_hardware,574,51,85,False,high,True,True,reject,True,False
wrong_hardware,574,51,87,False,high,True,True,reject,True,False
wrong_hardware,574,51,109,True,high,True,True,accept,False,False
wrong_hardware,575,51,92,False,low,True,True,flag,False,False
wrong_hardware,575,51,85,True,low,True,True,flag,False,False
wrong_hardware,575,51,87,False,low,True,True,flag,False,False
wrong_hardware,575,51,109,False,low,True,True,flag,False,False
wrong_hardware,576,87,92,False,middle,True,True,flag,False,False
wrong_hardware,576,87,85,True,middle,True,True,flag,False,False
wrong_hardware,576,87,51,False,middle,True,True,flag,False,False
wrong_hardware,576,87,109,False,middle,True,True,flag,False,False
wrong_hardware,577,92,85,False,middle,True,True,flag,False,False
wrong_hardware,577,92,87,False,middle,True,True,flag,False,False
wrong_hardware,577,92,51,False,middle,True,True,flag,False,False
wrong_hardware,577,92,109,False,middle,True,True,flag,False,False
wrong_hardware,578,109,92,False,high,True,True,reject,True,False
wrong_hardware,578,109,85,False,high,True,True,reject,True,False
wrong_hardware,578,109,87,True,high,True,True,accept,False,False
wrong_hardware,578,109,51,False,high,True,True,reject,True,False
wrong_hardware,579,109,92,False,low,True,True,flag,False,False
wrong_hardware,579,109,85,False,low,True,True,flag,False,False
wrong_hardware,579,109,87,False,low,True,True,flag,False,False
wrong_hardware,579,109,51,False,low,True,True,flag,False,False
wrong_hardware,580,92,85,True,high,True,True,accept,False,False
wrong_hardware,580,92,87,False,high,True,True,reject,True,False
wrong_hardware,580,92,51,False,high,True,True,reject,True,False
wrong_hardware,580,92,109,False,high,True,True,reject,True,False
wrong_hardware,581,109,92,False,high,True,True,reject,True,False
wrong_hardware,581,109,85,False,high,True,True,reject,True,False
wrong_hardware,581,109,87,False,high,True,True,reject,True,False
wrong_hardware,581,109,51,True,high,True,True,accept,False,False
wrong_hardware,582,85,92,True,high,True,True,accept,False,False
wrong_hardware,582,85,87,False,high,True,True,reject,True,False
wrong_hardware,582,85,51,False,high,True,True,reject,True,False
wrong_hardware,582,85,109,False,high,True,True,reject,True,False
wrong_hardware,583,51,92,False,middle,True,True,flag,False,False
wrong_hardware,583,51,85,True,middle,True,True,flag,False,False
wrong_hardware,583,51,87,False,middle,True,True,flag,False,False
wrong_hardware,583,51,109,False,middle,True,True,flag,False,False
wrong_hardware,584,92,85,False,middle,True,True,flag,False,False
wrong_hardware,584,92,87,True,middle,True,True,flag,False,False
wrong_hardware,584,92,51,False,middle,True,True,flag,False,False
wrong_hardware,584,92,109,False,middle,True,True,flag,False,False
wrong_hardware,585,92,85,False,middle,True,True,flag,False,False
wrong_hardware,585,92,87,False,middle,True,True,flag,False,False
wrong_hardware,585,92,51,True,middle,True,True,flag,False,False
wrong_hardware,585,92,109,False,middle,True,True,flag,False,False
wrong_hardware,586,87,92,True,low,True,True,flag,False,False
wrong_hardware,586,87,85,False,low,True,True,flag,False,False
wrong_hardware,586,87,51,False,low,True,True,flag,False,False
wrong_hardware,586,87,109,False,low,True,True,flag,False,False
wrong_hardware,587,87,92,True,middle,True,True,flag,False,False
wrong_hardware,587,87,85,False,middle,True,True,flag,False,False
wrong_hardware,587,87,51,False,middle,True,True,flag,False,False
wrong_hardware,587,87,109,False,middle,True,True,flag,False,False
wrong_hardware,588,109,92,False,high,True,True,reject,True,False
wrong_hardware,588,109,85,False,high,True,True,reject,True,False
wrong_hardware,588,109,87,False,high,True,True,reject,True,False
wrong_hardware,588,109,51,True,high,True,True,accept,False,False
wrong_hardware,589,92,85,False,middle,True,True,flag,False,False
wrong_hardware,589,92,87,False,middle,True,True,flag,False,False
wrong_hardware,589,92,51,False,middle,True,True,flag,False,False
wrong_hardware,589,92,109,False,middle,True,True,flag,False,False
wrong_hardware,590,109,92,False,high,True,True,reject,True,False
wrong_hardware,590,109,85,True,high,True,True,accept,False,False
wrong_hardware,590,109,87,False,high,True,True,reject,True,False
wrong_hardware,590,109,51,False,high,True,True,reject,True,False
wrong_hardware,591,109,92,False,low,True,True,flag,False,False
wrong_hardware,591,109,85,False,low,True,True,flag,False,False
wrong_hardware,591,109,87,False,low,True,True,flag,False,False
wrong_hardware,591,109,51,False,low,True,True,flag,False,False
wrong_hardware,592,87,92,False,high,True,True,reject,True,False
wrong_hardware,592,87,85,False,high,True,True,reject,True,False
wrong_hardware,592,87,51,False,high,True,True,reject,True,False
wrong_hardware,592,87,109,False,high,True,True,reject,True,False
wrong_hardware,593,92,85,False,low,True,True,flag,False,False
wrong_hardware,593,92,87,False,low,True,True,flag,False,False
wrong_hardware,593,92,51,True,low,True,True,flag,False,False
wrong_hardware,593,92,109,False,low,True,True,flag,False,False
wrong_hardware,594,85,92,False,high,True,True,reject,True,False
wrong_hardware,594,85,87,False,high,True,True,reject,True,False
wrong_hardware,594,85,51,False,high,True,True,reject,True,False
wrong_hardware,594,85,109,False,high,True,True,reject,True,False
wrong_hardware,595,51,92,False,middle,True,True,flag,False,False
wrong_hardware,595,51,85,True,middle,True,True,flag,False,False
wrong_hardware,595,51,87,False,middle,True,True,flag,False,False
wrong_hardware,595,51,109,False,middle,True,True,flag,False,False
wrong_hardware,596,85,92,False,high,True,True,reject,True,False
wrong_hardware,596,85,87,False,high,True,True,reject,True,False
wrong_hardware,596,85,51,False,high,True,True,reject,True,False
wrong_hardware,596,85,109,False,high,True,True,reject,True,False
wrong_hardware,597,92,85,False,low,True,True,flag,False,False
wrong_hardware,597,92,87,True,low,True,True,flag,False,False
wrong_hardware,597,92,51,False,low,True,True,flag,False,False
wrong_hardware,597,92,109,False,low,True,True,flag,False,False
wrong_hardware,598,85,92,True,middle,True,True,flag,False,False
wrong_hardware,598,85,87,False,middle,True,True,flag,False,False
wrong_hardware,598,85,51,False,middle,True,True,flag,False,False
wrong_hardware,598,85,109,False,middle,True,True,flag,False,False
wrong_hardware,599,51,92,False,high,True,True,reject,True,False
wrong_hardware,599,51,85,True,high,True,True,accept,False,False
wrong_hardware,599,51,87,False,high,True,True,reject,True,False
wrong_hardware,599,51,109,False,high,True,True,reject,True,False
wrong_hardware,600,92,85,False,high,True,True,reject,True,False
wrong_hardware,600,92,87,False,high,True,True,reject,True,False
wrong_hardware,600,92,51,False,high,True,True,reject,True,False
wrong_hardware,600,92,109,True,high,True,True,accept,False,False
wrong_hardware,601,51,92,True,middle,True,True,flag,False,False
wrong_hardware,601,51,85,False,middle,True,True,flag,False,False
wrong_hardware,601,51,87,False,middle,True,True,flag,False,False
wrong_hardware,601,51,109,False,middle,True,True,flag,False,False
wrong_hardware,602,109,92,True,low,True,True,flag,False,False
wrong_hardware,602,109,85,False,low,True,True,flag,False,False
wrong_hardware,602,109,87,False,low,True,True,flag,False,False
wrong_hardware,602,109,51,False,low,True,True,flag,False,False
wrong_hardware,603,87,92,False,middle,True,True,flag,False,False
wrong_hardware,603,87,85,False,middle,True,True,flag,False,False
wrong_hardware,603,87,51,False,middle,True,True,flag,False,False
wrong_hardware,603,87,109,True,middle,True,True,flag,False,False
wrong_hardware,604,109,92,True,high,True,True,accept,False,False
wrong_hardware,604,109,85,False,high,True,True,reject,True,False
wrong_hardware,604,109,87,False,high,True,True,reject,True,False
wrong_hardware,604,109,51,False,high,True,True,reject,True,False
wrong_hardware,605,51,92,False,high,True,True,reject,True,False
wrong_hardware,605,51,85,False,high,True,True,reject,True,False
wrong_hardware,605,51,87,True,high,True,True,accept,False,False
wrong_hardware,605,51,109,False,high,True,True,reject,True,False
wrong_hardware,606,109,92,False,middle,True,True,flag,False,False
wrong_hardware,606,109,85,False,middle,True,True,flag,False,False
wrong_hardware,606,109,87,True,middle,True,True,flag,False,False
wrong_hardware,606,109,51,False,middle,True,True,flag,False,False
wrong_hardware,607,87,92,False,low,True,True,flag,False,False
wrong_hardware,607,87,85,False,low,True,True,flag,False,False
wrong_hardware,607,87,51,True,low,True,True,flag,False,False
wrong_hardware,607,87,109,False,low,True,True,flag,False,False
wrong_hardware,608,109,92,False,low,True,True,flag,False,False
wrong_hardware,608,109,85,False,low,True,True,flag,False,False
wrong_hardware,608,109,87,False,low,True,True,flag,False,False
wrong_hardware,608,109,51,True,low,True,True,flag,False,False
wrong_hardware,609,109,92,False,low,True,True,flag,False,False
wrong_hardware,609,109,85,False,low,True,True,flag,False,False
wrong_hardware,609,109,87,False,low,True,True,flag,False,False
wrong_hardware,609,109,51,False,low,True,True,flag,False,False
wrong_hardware,610,92,85,False,high,True,True,reject,True,False
wrong_hardware,610,92,87,False,high,True,True,reject,True,False
wrong_hardware,610,92,51,True,high,True,True,accept,False,False
wrong_hardware,610,92,109,False,high,True,True,reject,True,False
wrong_hardware,611,85,92,False,high,True,True,reject,True,False
wrong_hardware,611,85,87,False,high,True,True,reject,True,False
wrong_hardware,611,85,51,False,high,True,True,reject,True,False
wrong_hardware,611,85,109,False,high,True,True,reject,True,False
wrong_hardware,612,92,85,False,high,True,True,reject,True,False
wrong_hardware,612,92,87,False,high,True,True,reject,True,False
wrong_hardware,612,92,51,False,high,True,True,reject,True,False
wrong_hardware,612,92,109,True,high,True,True,accept,False,False
wrong_hardware,613,85,92,False,low,True,True,flag,False,False
wrong_hardware,613,85,87,False,low,True,True,flag,False,False
wrong_hardware,613,85,51,False,low,True,True,flag,False,False
wrong_hardware,613,85,109,False,low,True,True,flag,False,False
wrong_hardware,614,92,85,False,low,True,True,flag,False,False
wrong_hardware,614,92,87,True,low,True,True,flag,False,False
wrong_hardware,614,92,51,False,low,True,True,flag,False,False
wrong_hardware,614,92,109,False,low,True,True,flag,False,False
wrong_hardware,615,51,92,True,middle,True,True,flag,False,False
wrong_hardware,615,51,85,False,middle,True,True,flag,False,False
wrong_hardware,615,51,87,False,middle,True,True,flag,False,False
wrong_hardware,615,51,109,False,middle,True,True,flag,False,False
wrong_hardware,616,109,92,False,low,True,True,flag,False,False
wrong_hardware,616,109,85,False,low,True,True,flag,False,False
wrong_hardware,616,109,87,False,low,True,True,flag,False,False
wrong_hardware,616,109,51,False,low,True,True,flag,False,False
wrong_hardware,617,85,92,False,middle,True,True,flag,False,False
wrong_hardware,617,85,87,False,middle,True,True,flag,False,False
wrong_hardware,617,85,51,False,middle,True,True,flag,False,False
wrong_hardware,617,85,109,False,middle,True,True,flag,False,False
wrong_hardware,618,87,92,False,high,True,True,reject,True,False
wrong_hardware,618,87,85,False,high,True,True,reject,True,False
wrong_hardware,618,87,51,True,high,True,True,accept,False,False
wrong_hardware,618,87,109,False,high,True,True,reject,True,False
wrong_hardware,619,51,92,False,low,True,True,flag,False,False
wrong_hardware,619,51,85,False,low,True,True,flag,False,False
wrong_hardware,619,51,87,False,low,True,True,flag,False,False
wrong_hardware,619,51,109,False,low,True,True,flag,False,False
wrong_hardware,620,85,92,False,low,True,True,flag,False,False
wrong_hardware,620,85,87,False,low,True,True,flag,False,False
wrong_hardware,620,85,51,False,low,True,True,flag,False,False
wrong_hardware,620,85,109,False,low,True,True,flag,False,False
wrong_hardware,621,109,92,False,middle,True,True,flag,False,False
wrong_hardware,621,109,85,True,middle,True,True,flag,False,False
wrong_hardware,621,109,87,False,middle,True,True,flag,False,False
wrong_hardware,621,109,51,False,middle,True,True,flag,False,False
wrong_hardware,622,87,92,False,low,True,True,flag,False,False
wrong_hardware,622,87,85,False,low,True,True,flag,False,False
wrong_hardware,622,87,51,True,low,True,True,flag,False,False
wrong_hardware,622,87,109,False,low,True,True,flag,False,False
wrong_hardware,623,87,92,False,middle,True,True,flag,False,False
wrong_hardware,623,87,85,True,middle,True,True,flag,False,False
wrong_hardware,623,87,51,False,middle,True,True,flag,False,False
wrong_hardware,623,87,109,False,middle,True,True,flag,False,False
wrong_hardware,624,92,85,False,low,True,True,flag,False,False
wrong_hardware,624,92,87,True,low,True,True,flag,False,False
wrong_hardware,624,92,51,False,low,True,True,flag,False,False
wrong_hardware,624,92,109,False,low,True,True,flag,False,False
wrong_hardware,625,85,92,False,middle,True,True,flag,False,False
wrong_hardware,625,85,87,False,middle,True,True,flag,False,False
wrong_hardware,625,85,51,False,middle,True,True,flag,False,False
wrong_hardware,625,85,109,True,middle,True,True,flag,False,False
wrong_hardware,626,92,85,True,low,True,True,flag,False,False
wrong_hardware,626,92,87,False,low,True,True,flag,False,False
wrong_hardware,626,92,51,False,low,True,True,flag,False,False
wrong_hardware,626,92,109,False,low,True,True,flag,False,False
wrong_hardware,627,109,92,False,middle,True,True,flag,False,False
wrong_hardware,627,109,85,False,middle,True,True,flag,False,False
wrong_hardware,627,109,87,True,middle,True,True,flag,False,False
wrong_hardware,627,109,51,False,middle,True,True,flag,False,False
wrong_hardware,628,92,85,False,high,True,True,reject,True,False
wrong_hardware,628,92,87,False,high,True,True,reject,True,False
wrong_hardware,628,92,51,False,high,True,True,reject,True,False
wrong_hardware,628,92,109,True,high,True,True,accept,False,False
wrong_hardware,629,85,92,False,high,True,True,reject,True,False
wrong_hardware,629,85,87,False,high,True,True,reject,True,False
wrong_hardware,629,85,51,False,high,True,True,reject,True,False
wrong_hardware,629,85,109,False,high,True,True,reject,True,False
wrong_hardware,630,51,92,False,high,True,True,reject,True,False
wrong_hardware,630,51,85,False,high,True,True,reject,True,False
wrong_hardware,630,51,87,False,high,True,True,reject,True,False
wrong_hardware,630,51,109,True,high,True,True,accept,False,False
wrong_hardware,631,92,85,True,high,True,True,accept,False,False
wrong_hardware,631,92,87,False,high,True,True,reject,True,False
wrong_hardware,631,92,51,False,high,True,True,reject,True,False
wrong_hardware,631,92,109,False,high,True,True,reject,True,False
wrong_hardware,632,92,85,False,middle,True,True,flag,False,False
wrong_hardware,632,92,87,False,middle,True,True,flag,False,False
wrong_hardware,632,92,51,False,middle,True,True,flag,False,False
wrong_hardware,632,92,109,True,middle,True,True,flag,False,False
wrong_hardware,633,85,92,False,low,True,True,flag,False,False
wrong_hardware,633,85,87,False,low,True,True,flag,False,False
wrong_hardware,633,85,51,True,low,True,True,flag,False,False
wrong_hardware,633,85,109,False,low,True,True,flag,False,False
wrong_hardware,634,92,85,True,high,True,True,accept,False,False
wrong_hardware,634,92,87,False,high,True,True,reject,True,False
wrong_hardware,634,92,51,False,high,True,True,reject,True,False
wrong_hardware,634,92,109,False,high,True,True,reject,True,False
wrong_hardware,635,92,85,False,high,True,True,reject,True,False
wrong_hardware,635,92,87,True,high,True,True,accept,False,False
wrong_hardware,635,92,51,False,high,True,True,reject,True,False
wrong_hardware,635,92,109,False,high,True,True,reject,True,False
wrong_hardware,636,92,85,False,middle,True,True,flag,False,False
wrong_hardware,636,92,87,False,middle,True,True,flag,False,False
wrong_hardware,636,92,51,False,middle,True,True,flag,False,False
wrong_hardware,636,92,109,True,middle,True,True,flag,False,False
wrong_hardware,637,92,85,False,low,True,True,flag,False,False
wrong_hardware,637,92,87,False,low,True,True,flag,False,False
wrong_hardware,637,92,51,False,low,True,True,flag,False,False
wrong_hardware,637,92,109,False,low,True,True,flag,False,False
wrong_hardware,638,92,85,False,high,True,True,reject,True,False
wrong_hardware,638,92,87,True,high,True,True,accept,False,False
wrong_hardware,638,92,51,False,high,True,True,reject,True,False
wrong_hardware,638,92,109,False,high,True,True,reject,True,False
wrong_hardware,639,92,85,False,middle,True,True,flag,False,False
wrong_hardware,639,92,87,True,middle,True,True,flag,False,False
wrong_hardware,639,92,51,False,middle,True,True,flag,False,False
wrong_hardware,639,92,109,False,middle,True,True,flag,False,False
wrong_hardware,640,87,92,False,low,True,True,flag,False,False
wrong_hardware,640,87,85,False,low,True,True,flag,False,False
wrong_hardware,640,87,51,False,low,True,True,flag,False,False
wrong_hardware,640,87,109,True,low,True,True,flag,False,False
wrong_hardware,641,51,92,False,high,True,True,reject,True,False
wrong_hardware,641,51,85,False,high,True,True,reject,True,False
wrong_hardware,641,51,87,False,high,True,True,reject,True,False
wrong_hardware,641,51,109,True,high,True,True,accept,False,False
wrong_hardware,642,109,92,False,low,True,True,flag,False,False
wrong_hardware,642,109,85,False,low,True,True,flag,False,False
wrong_hardware,642,109,87,False,low,True,True,flag,False,False
wrong_hardware,642,109,51,False,low,True,True,flag,False,False
wrong_hardware,643,51,92,False,low,True,True,flag,False,False
wrong_hardware,643,51,85,True,low,True,True,flag,False,False
wrong_hardware,643,51,87,False,low,True,True,flag,False,False
wrong_hardware,643,51,109,False,low,True,True,flag,False,False
wrong_hardware,644,92,85,False,low,True,True,flag,False,False
wrong_hardware,644,92,87,True,low,True,True,flag,False,False
wrong_hardware,644,92,51,False,low,True,True,flag,False,False
wrong_hardware,644,92,109,False,low,True,True,flag,False,False
wrong_hardware,645,109,92,False,middle,True,True,flag,False,False
wrong_hardware,645,109,85,False,middle,True,True,flag,False,False
wrong_hardware,645,109,87,False,middle,True,True,flag,False,False
wrong_hardware,645,109,51,False,middle,True,True,flag,False,False
wrong_hardware,646,109,92,False,middle,True,True,flag,False,False
wrong_hardware,646,109,85,False,middle,True,True,flag,False,False
wrong_hardware,646,109,87,False,middle,True,True,flag,False,False
wrong_hardware,646,109,51,True,middle,True,True,flag,False,False
wrong_hardware,647,92,85,False,low,True,True,flag,False,False
wrong_hardware,647,92,87,False,low,True,True,flag,False,False
wrong_hardware,647,92,51,False,low,True,True,flag,False,False
wrong_hardware,647,92,109,False,low,True,True,flag,False,False
wrong_hardware,648,85,92,False,low,True,True,flag,False,False
wrong_hardware,648,85,87,False,low,True,True,flag,False,False
wrong_hardware,648,85,51,False,low,True,True,flag,False,False
wrong_hardware,648,85,109,False,low,True,True,flag,False,False
wrong_hardware,649,51,92,False,high,True,True,reject,True,False
wrong_hardware,649,51,85,True,high,True,True,accept,False,False
wrong_hardware,649,51,87,False,high,True,True,reject,True,False
wrong_hardware,649,51,109,False,high,True,True,reject,True,False
wrong_hardware,650,85,92,False,low,True,True,flag,False,False
wrong_hardware,650,85,87,False,low,True,True,flag,False,False
wrong_hardware,650,85,51,False,low,True,True,flag,False,False
wrong_hardware,650,85,109,False,low,True,True,flag,False,False
wrong_hardware,651,85,92,False,middle,True,True,flag,False,False
wrong_hardware,651,85,87,False,middle,True,True,flag,False,False
wrong_hardware,651,85,51,True,middle,True,True,flag,False,False
wrong_hardware,651,85,109,False,middle,True,True,flag,False,False
wrong_hardware,652,87,92,True,middle,True,True,flag,False,False
wrong_hardware,652,87,85,False,middle,True,True,flag,False,False
wrong_hardware,652,87,51,False,middle,True,True,flag,False,False
wrong_hardware,652,87,109,False,middle,True,True,flag,False,False
wrong_hardware,653,92,85,False,high,True,True,reject,True,False
wrong_hardware,653,92,87,False,high,True,True,reject,True,False
wrong_hardware,653,92,51,False,high,True,True,reject,True,False
wrong_hardware,653,92,109,False,high,True,True,reject,True,False
wrong_hardware,654,109,92,True,low,True,True,flag,False,False
wrong_hardware,654,109,85,False,low,True,True,flag,False,False
wrong_hardware,654,109,87,False,low,True,True,flag,False,False
wrong_hardware,654,109,51,False,low,True,True,flag,False,False
wrong_hardware,655,92,85,False,low,True,True,flag,False,False
wrong_hardware,655,92,87,False,low,True,True,flag,False,False
wrong_hardware,655,92,51,False,low,True,True,flag,False,False
wrong_hardware,655,92,109,False,low,True,True,flag,False,False
wrong_hardware,656,85,92,True,high,True,True,accept,False,False
wrong_hardware,656,85,87,False,high,True,True,reject,True,False
wrong_hardware,656,85,51,False,high,True,True,reject,True,False
wrong_hardware,656,85,109,False,high,True,True,reject,True,False
wrong_hardware,657,109,92,False,middle,True,True,flag,False,False
wrong_hardware,657,109,85,False,middle,True,True,flag,False,False
wrong_hardware,657,109,87,True,middle,True,True,flag,False,False
wrong_hardware,657,109,51,False,middle,True,True,flag,False,False
wrong_hardware,658,109,92,True,high,True,True,accept,False,False
wrong_hardware,658,109,85,False,high,True,True,reject,True,False
wrong_hardware,658,109,87,False,high,True,True,reject,True,False
wrong_hardware,658,109,51,False,high,True,True,reject,True,False
wrong_hardware,659,109,92,False,middle,True,True,flag,False,False
wrong_hardware,659,109,85,False,middle,True,True,flag,False,False
wrong_hardware,659,109,87,False,middle,True,True,flag,False,False
wrong_hardware,659,109,51,True,middle,True,True,flag,False,False
wrong_hardware,660,85,92,False,high,True,True,reject,True,False
wrong_hardware,660,85,87,False,high,True,True,reject,True,False
wrong_hardware,660,85,51,True,high,True,True,accept,False,False
wrong_hardware,660,85,109,False,high,True,True,reject,True,False
wrong_hardware,661,92,85,True,low,True,True,flag,False,False
wrong_hardware,661,92,87,False,low,True,True,flag,False,False
wrong_hardware,661,92,51,False,low,True,True,flag,False,False
wrong_hardware,661,92,109,False,low,True,True,flag,False,False
wrong_hardware,662,92,85,False,high,True,True,reject,True,False
wrong_hardware,662,92,87,False,high,True,True,reject,True,False
wrong_hardware,662,92,51,True,high,True,True,accept,False,False
wrong_hardware,662,92,109,False,high,True,True,reject,True,False
wrong_hardware,663,85,92,False,high,True,True,reject,True,False
wrong_hardware,663,85,87,False,high,True,True,reject,True,False
wrong_hardware,663,85,51,True,high,True,True,accept,False,False
wrong_hardware,663,85,109,False,high,True,True,reject,True,False
wrong_hardware,664,85,92,False,low,True,True,flag,False,False
wrong_hardware,664,85,87,False,low,True,True,flag,False,False
wrong_hardware,664,85,51,True,low,True,True,flag,False,False
wrong_hardware,664,85,109,False,low,True,True,flag,False,False
wrong_hardware,665,51,92,False,high,True,True,reject,True,False
wrong_hardware,665,51,85,False,high,True,True,reject,True,False
wrong_hardware,665,51,87,False,high,True,True,reject,True,False
wrong_hardware,665,51,109,False,high,True,True,reject,True,False
wrong_hardware,666,92,85,False,middle,True,True,flag,False,False
wrong_hardware,666,92,87,False,middle,True,True,flag,False,False
wrong_hardware,666,92,51,False,middle,True,True,flag,False,False
wrong_hardware,666,92,109,False,middle,True,True,flag,False,False
wrong_hardware,667,109,92,True,high,True,True,accept,False,False
wrong_hardware,667,109,85,False,high,True,True,reject,True,False
wrong_hardware,667,109,87,False,high,True,True,reject,True,False
wrong_hardware,667,109,51,False,high,True,True,reject,True,False
wrong_hardware,668,92,85,False,middle,True,True,flag,False,False
wrong_hardware,668,92,87,False,middle,True,True,flag,False,False
wrong_hardware,668,92,51,False,middle,True,True,flag,False,False
wrong_hardware,668,92,109,True,middle,True,True,flag,False,False
wrong_hardware,669,109,92,False,low,True,True,flag,False,False
wrong_hardware,669,109,85,False,low,True,True,flag,False,False
wrong_hardware,669,109,87,False,low,True,True,flag,False,False
wrong_hardware,669,109,51,False,low,True,True,flag,False,False
wrong_hardware,670,85,92,False,low,True,True,flag,False,False
wrong_hardware,670,85,87,False,low,True,True,flag,False,False
wrong_hardware,670,85,51,True,low,True,True,flag,False,False
wrong_hardware,670,85,109,False,low,True,True,flag,False,False
wrong_hardware,671,109,92,False,middle,True,True,flag,False,False
wrong_hardware,671,109,85,False,middle,True,True,flag,False,False
wrong_hardware,671,109,87,True,middle,True,True,flag,False,False
wrong_hardware,671,109,51,False,middle,True,True,flag,False,False
wrong_hardware,672,85,92,False,middle,True,True,flag,False,False
wrong_hardware,672,85,87,False,middle,True,True,flag,False,False
wrong_hardware,672,85,51,False,middle,True,True,flag,False,False
wrong_hardware,672,85,109,True,middle,True,True,flag,False,False
wrong_hardware,673,51,92,False,middle,True,True,flag,False,False
wrong_hardware,673,51,85,True,middle,True,True,flag,False,False
wrong_hardware,673,51,87,False,middle,True,True,flag,False,False
wrong_hardware,673,51,109,False,middle,True,True,flag,False,False
wrong_hardware,674,87,92,True,middle,True,True,flag,False,False
wrong_hardware,674,87,85,False,middle,True,True,flag,False,False
wrong_hardware,674,87,51,False,middle,True,True,flag,False,False
wrong_hardware,674,87,109,False,middle,True,True,flag,False,False
wrong_hardware,675,85,92,False,low,True,True,flag,False,False
wrong_hardware,675,85,87,True,low,True,True,flag,False,False
wrong_hardware,675,85,51,False,low,True,True,flag,False,False
wrong_hardware,675,85,109,False,low,True,True,flag,False,False
wrong_hardware,676,85,92,False,middle,True,True,flag,False,False
wrong_hardware,676,85,87,False,middle,True,True,flag,False,False
wrong_hardware,676,85,51,False,middle,True,True,flag,False,False
wrong_hardware,676,85,109,False,middle,True,True,flag,False,False
wrong_hardware,677,85,92,False,middle,True,True,flag,False,False
wrong_hardware,677,85,87,True,middle,True,True,flag,False,False
wrong_hardware,677,85,51,False,middle,True,True,flag,False,False
wrong_hardware,677,85,109,False,middle,True,True,flag,False,False
wrong_hardware,678,109,92,True,middle,True,True,flag,False,False
wrong_hardware,678,109,85,False,middle,True,True,flag,False,False
wrong_hardware,678,109,87,False,middle,True,True,flag,False,False
wrong_hardware,678,109,51,False,middle,True,True,flag,False,False
wrong_hardware,679,85,92,False,middle,True,True,flag,False,False
wrong_hardware,679,85,87,False,middle,True,True,flag,False,False
wrong_hardware,679,85,51,True,middle,True,True,flag,False,False
wrong_hardware,679,85,109,False,middle,True,True,flag,False,False
wrong_hardware,680,109,92,False,high,True,True,reject,True,False
wrong_hardware,680,109,85,False,high,True,True,reject,True,False
wrong_hardware,680,109,87,True,high,True,True,accept,False,False
wrong_hardware,680,109,51,False,high,True,True,reject,True,False
wrong_hardware,681,92,85,False,middle,True,True,flag,False,False
wrong_hardware,681,92,87,False,middle,True,True,flag,False,False
wrong_hardware,681,92,51,True,middle,True,True,flag,False,False
wrong_hardware,681,92,109,False,middle,True,True,flag,False,False
wrong_hardware,682,109,92,True,middle,True,True,flag,False,False
wrong_hardware,682,109,85,False,middle,True,True,flag,False,False
wrong_hardware,682,109,87,False,middle,True,True,flag,False,False
wrong_hardware,682,109,51,False,middle,True,True,flag,False,False
wrong_hardware,683,109,92,False,high,True,True,reject,True,False
wrong_hardware,683,109,85,True,high,True,True,accept,False,False
wrong_hardware,683,109,87,False,high,True,True,reject,True,False
wrong_hardware,683,109,51,False,high,True,True,reject,True,False
wrong_hardware,684,51,92,True,middle,True,True,flag,False,False
wrong_hardware,684,51,85,False,middle,True,True,flag,False,False
wrong_hardware,684,51,87,False,middle,True,True,flag,False,False
wrong_hardware,684,51,109,False,middle,True,True,flag,False,False
wrong_hardware,685,92,85,False,low,True,True,flag,False,False
wrong_hardware,685,92,87,False,low,True,True,flag,False,False
wrong_hardware,685,92,51,False,low,True,True,flag,False,False
wrong_hardware,685,92,109,False,low,True,True,flag,False,False
wrong_hardware,686,92,85,False,low,True,True,flag,False,False
wrong_hardware,686,92,87,False,low,True,True,flag,False,False
wrong_hardware,686,92,51,True,low,True,True,flag,False,False
wrong_hardware,686,92,109,False,low,True,True,flag,False,False
wrong_hardware,687,109,92,False,middle,True,True,flag,False,False
wrong_hardware,687,109,85,False,middle,True,True,flag,False,False
wrong_hardware,687,109,87,True,middle,True,True,flag,False,False
wrong_hardware,687,109,51,False,middle,True,True,flag,False,False
wrong_hardware,688,85,92,True,low,True,True,flag,False,False
wrong_hardware,688,85,87,False,low,True,True,flag,False,False
wrong_hardware,688,85,51,False,low,True,True,flag,False,False
wrong_hardware,688,85,109,False,low,True,True,flag,False,False
wrong_hardware,689,87,92,True,middle,True,True,flag,False,False
wrong_hardware,689,87,85,False,middle,True,True,flag,False,False
wrong_hardware,689,87,51,False,middle,True,True,flag,False,False
wrong_hardware,689,87,109,False,middle,True,True,flag,False,False
wrong_hardware,690,85,92,False,middle,True,True,flag,False,False
wrong_hardware,690,85,87,True,middle,True,True,flag,False,False
wrong_hardware,690,85,51,False,middle,True,True,flag,False,False
wrong_hardware,690,85,109,False,middle,True,True,flag,False,False
wrong_hardware,691,109,92,False,middle,True,True,flag,False,False
wrong_hardware,691,109,85,False,middle,True,True,flag,False,False
wrong_hardware,691,109,87,True,middle,True,True,flag,False,False
wrong_hardware,691,109,51,False,middle,True,True,flag,False,False
wrong_hardware,692,109,92,True,low,True,True,flag,False,False
wrong_hardware,692,109,85,False,low,True,True,flag,False,False
wrong_hardware,692,109,87,False,low,True,True,flag,False,False
wrong_hardware,692,109,51,False,low,True,True,flag,False,False
wrong_hardware,693,109,92,False,low,True,True,flag,False,False
wrong_hardware,693,109,85,False,low,True,True,flag,False,False
wrong_hardware,693,109,87,False,low,True,True,flag,False,False
wrong_hardware,693,109,51,True,low,True,True,flag,False,False
wrong_hardware,694,51,92,False,high,True,True,reject,True,False
wrong_hardware,694,51,85,False,high,True,True,reject,True,False
wrong_hardware,694,51,87,False,high,True,True,reject,True,False
wrong_hardware,694,51,109,False,high,True,True,reject,True,False
wrong_hardware,695,85,92,False,high,True,True,reject,True,False
wrong_hardware,695,85,87,True,high,True,True,accept,False,False
wrong_hardware,695,85,51,False,high,True,True,reject,True,False
wrong_hardware,695,85,109,False,high,True,True,reject,True,False
wrong_hardware,696,51,92,False,low,True,True,flag,False,False
wrong_hardware,696,51,85,False,low,True,True,flag,False,False
wrong_hardware,696,51,87,False,low,True,True,flag,False,False
wrong_hardware,696,51,109,True,low,True,True,flag,False,False
wrong_hardware,697,109,92,True,high,True,True,accept,False,False
wrong_hardware,697,109,85,False,high,True,True,reject,True,False
wrong_hardware,697,109,87,False,high,True,True,reject,True,False
wrong_hardware,697,109,51,False,high,True,True,reject,True,False
wrong_hardware,698,92,85,False,low,True,True,flag,False,False
wrong_hardware,698,92,87,False,low,True,True,flag,False,False
wrong_hardware,698,92,51,False,low,True,True,flag,False,False
wrong_hardware,698,92,109,False,low,True,True,flag,False,False
wrong_hardware,699,92,85,False,high,True,True,reject,True,False
wrong_hardware,699,92,87,False,high,True,True,reject,True,False
wrong_hardware,699,92,51,False,high,True,True,reject,True,False
wrong_hardware,699,92,109,False,high,True,True,reject,True,False
wrong_hardware,700,109,92,False,high,True,True,reject,True,False
wrong_hardware,700,109,85,True,high,True,True,accept,False,False
wrong_hardware,700,109,87,False,high,True,True,reject,True,False
wrong_hardware,700,109,51,False,high,True,True,reject,True,False
wrong_hardware,701,51,92,True,middle,True,True,flag,False,False
wrong_hardware,701,51,85,False,middle,True,True,flag,False,False
wrong_hardware,701,51,87,False,middle,True,True,flag,False,False
wrong_hardware,701,51,109,False,middle,True,True,flag,False,False
wrong_hardware,702,109,92,False,middle,True,True,flag,False,False
wrong_hardware,702,109,85,False,middle,True,True,flag,False,False
wrong_hardware,702,109,87,False,middle,True,True,flag,False,False
wrong_hardware,702,109,51,False,middle,True,True,flag,False,False
wrong_hardware,703,51,92,False,low,True,True,flag,False,False
wrong_hardware,703,51,85,True,low,True,True,flag,False,False
wrong_hardware,703,51,87,False,low,True,True,flag,False,False
wrong_hardware,703,51,109,False,low,True,True,flag,False,False
wrong_hardware,704,92,85,False,middle,True,True,flag,False,False
wrong_hardware,704,92,87,False,middle,True,True,flag,False,False
wrong_hardware,704,92,51,False,middle,True,True,flag,False,False
wrong_hardware,704,92,109,False,middle,True,True,flag,False,False
wrong_hardware,705,51,92,True,high,True,True,accept,False,False
wrong_hardware,705,51,85,False,high,True,True,reject,True,False
wrong_hardware,705,51,87,False,high,True,True,reject,True,False
wrong_hardware,705,51,109,False,high,True,True,reject,True,False
wrong_hardware,706,85,92,False,high,True,True,reject,True,False
wrong_hardware,706,85,87,True,high,True,True,accept,False,False
wrong_hardware,706,85,51,False,high,True,True,reject,True,False
wrong_hardware,706,85,109,False,high,True,True,reject,True,False
wrong_hardware,707,85,92,False,middle,True,True,flag,False,False
wrong_hardware,707,85,87,False,middle,True,True,flag,False,False
wrong_hardware,707,85,51,False,middle,True,True,flag,False,False
wrong_hardware,707,85,109,True,middle,True,True,flag,False,False
wrong_hardware,708,85,92,False,low,True,True,flag,False,False
wrong_hardware,708,85,87,True,low,True,True,flag,False,False
wrong_hardware,708,85,51,False,low,True,True,flag,False,False
wrong_hardware,708,85,109,False,low,True,True,flag,False,False
wrong_hardware,709,92,85,False,low,True,True,flag,False,False
wrong_hardware,709,92,87,False,low,True,True,flag,False,False
wrong_hardware,709,92,51,False,low,True,True,flag,False,False
wrong_hardware,709,92,109,True,low,True,True,flag,False,False
wrong_hardware,710,87,92,False,low,True,True,flag,False,False
wrong_hardware,710,87,85,True,low,True,True,flag,False,False
wrong_hardware,710,87,51,False,low,True,True,flag,False,False
wrong_hardware,710,87,109,False,low,True,True,flag,False,False
wrong_hardware,711,87,92,False,middle,True,True,flag,False,False
wrong_hardware,711,87,85,False,middle,True,True,flag,False,False
wrong_hardware,711,87,51,False,middle,True,True,flag,False,False
wrong_hardware,711,87,109,False,middle,True,True,flag,False,False
wrong_hardware,712,87,92,False,high,True,True,reject,True,False
wrong_hardware,712,87,85,True,high,True,True,accept,False,False
wrong_hardware,712,87,51,False,high,True,True,reject,True,False
wrong_hardware,712,87,109,False,high,True,True,reject,True,False
wrong_hardware,713,87,92,False,low,True,True,flag,False,False
wrong_hardware,713,87,85,False,low,True,True,flag,False,False
wrong_hardware,713,87,51,False,low,True,True,flag,False,False
wrong_hardware,713,87,109,False,low,True,True,flag,False,False
wrong_hardware,714,109,92,False,middle,True,True,flag,False,False
wrong_hardware,714,109,85,True,middle,True,True,flag,False,False
wrong_hardware,714,109,87,False,middle,True,True,flag,False,False
wrong_hardware,714,109,51,False,middle,True,True,flag,False,False
wrong_hardware,715,51,92,False,high,True,True,reject,True,False
wrong_hardware,715,51,85,False,high,True,True,reject,True,False
wrong_hardware,715,51,87,False,high,True,True,reject,True,False
wrong_hardware,715,51,109,False,high,True,True,reject,True,False
wrong_hardware,716,85,92,True,high,True,True,accept,False,False
wrong_hardware,716,85,87,False,high,True,True,reject,True,False
wrong_hardware,716,85,51,False,high,True,True,reject,True,False
wrong_hardware,716,85,109,False,high,True,True,reject,True,False
wrong_hardware,717,92,85,False,high,True,True,reject,True,False
wrong_hardware,717,92,87,False,high,True,True,reject,True,False
wrong_hardware,717,92,51,False,high,True,True,reject,True,False
wrong_hardware,717,92,109,False,high,True,True,reject,True,False
wrong_hardware,718,87,92,False,middle,True,True,flag,False,False
wrong_hardware,718,87,85,True,middle,True,True,flag,False,False
wrong_hardware,718,87,51,False,middle,True,True,flag,False,False
wrong_hardware,718,87,109,False,middle,True,True,flag,False,False
wrong_hardware,719,87,92,False,middle,True,True,flag,False,False
wrong_hardware,719,87,85,False,middle,True,True,flag,False,False
wrong_hardware,719,87,51,True,middle,True,True,flag,False,False
wrong_hardware,719,87,109,False,middle,True,True,flag,False,False
wrong_hardware,720,51,92,True,middle,True,True,flag,False,False
wrong_hardware,720,51,85,False,middle,True,True,flag,False,False
wrong_hardware,720,51,87,False,middle,True,True,flag,False,False
wrong_hardware,720,51,109,False,middle,True,True,flag,False,False
wrong_hardware,721,85,92,False,low,True,True,flag,False,False
wrong_hardware,721,85,87,True,low,True,True,flag,False,False
wrong_hardware,721,85,51,False,low,True,True,flag,False,False
wrong_hardware,721,85,109,False,low,True,True,flag,False,False
wrong_hardware,722,92,85,True,low,True,True,flag,False,False
wrong_hardware,722,92,87,False,low,True,True,flag,False,False
wrong_hardware,722,92,51,False,low,True,True,flag,False,False
wrong_hardware,722,92,109,False,low,True,True,flag,False,False
wrong_hardware,723,87,92,False,low,True,True,flag,False,False
wrong_hardware,723,87,85,False,low,True,True,flag,False,False
wrong_hardware,723,87,51,True,low,True,True,flag,False,False
wrong_hardware,723,87,109,False,low,True,True,flag,False,False
wrong_hardware,724,51,92,False,high,True,True,reject,True,False
wrong_hardware,724,51,85,True,high,True,True,accept,False,False
wrong_hardware,724,51,87,False,high,True,True,reject,True,False
wrong_hardware,724,51,109,False,high,True,True,reject,True,False
wrong_hardware,725,85,92,True,high,True,True,accept,False,False
wrong_hardware,725,85,87,False,high,True,True,reject,True,False
wrong_hardware,725,85,51,False,high,True,True,reject,True,False
wrong_hardware,725,85,109,False,high,True,True,reject,True,False
wrong_hardware,726,85,92,False,low,True,True,flag,False,False
wrong_hardware,726,85,87,False,low,True,True,flag,False,False
wrong_hardware,726,85,51,False,low,True,True,flag,False,False
wrong_hardware,726,85,109,True,low,True,True,flag,False,False
wrong_hardware,727,51,92,False,low,True,True,flag,False,False
wrong_hardware,727,51,85,True,low,True,True,flag,False,False
wrong_hardware,727,51,87,False,low,True,True,flag,False,False
wrong_hardware,727,51,109,False,low,True,True,flag,False,False
wrong_hardware,728,87,92,False,middle,True,True,flag,False,False
wrong_hardware,728,87,85,False,middle,True,True,flag,False,False
wrong_hardware,728,87,51,False,middle,True,True,flag,False,False
wrong_hardware,728,87,109,True,middle,True,True,flag,False,False
wrong_hardware,729,92,85,False,middle,True,True,flag,False,False
wrong_hardware,729,92,87,False,middle,True,True,flag,False,False
wrong_hardware,729,92,51,False,middle,True,True,flag,False,False
wrong_hardware,729,92,109,True,middle,True,True,flag,False,False
wrong_hardware,730,85,92,False,low,True,True,flag,False,False
wrong_hardware,730,85,87,True,low,True,True,flag,False,False
wrong_hardware,730,85,51,False,low,True,True,flag,False,False
wrong_hardware,730,85,109,False,low,True,True,flag,False,False
wrong_hardware,731,51,92,False,high,True,True,reject,True,False
wrong_hardware,731,51,85,False,high,True,True,reject,True,False
wrong_hardware,731,51,87,True,high,True,True,accept,False,False
wrong_hardware,731,51,109,False,high,True,True,reject,True,False
wrong_hardware,732,92,85,False,low,True,True,flag,False,False
wrong_hardware,732,92,87,False,low,True,True,flag,False,False
wrong_hardware,732,92,51,False,low,True,True,flag,False,False
wrong_hardware,732,92,109,False,low,True,True,flag,False,False
wrong_hardware,733,92,85,False,middle,True,True,flag,False,False
wrong_hardware,733,92,87,True,middle,True,True,flag,False,False
wrong_hardware,733,92,51,False,middle,True,True,flag,False,False
wrong_hardware,733,92,109,False,middle,True,True,flag,False,False
wrong_hardware,734,51,92,False,high,True,True,reject,True,False
wrong_hardware,734,51,85,False,high,True,True,reject,True,False
wrong_hardware,734,51,87,True,high,True,True,accept,False,False
wrong_hardware,734,51,109,False,high,True,True,reject,True,False
wrong_hardware,735,92,85,False,low,True,True,flag,False,False
wrong_hardware,735,92,87,False,low,True,True,flag,False,False
wrong_hardware,735,92,51,False,low,True,True,flag,False,False
wrong_hardware,735,92,109,False,low,True,True,flag,False,False
wrong_hardware,736,85,92,False,high,True,True,reject,True,False
wrong_hardware,736,85,87,True,high,True,True,accept,False,False
wrong_hardware,736,85,51,False,high,True,True,reject,True,False
wrong_hardware,736,85,109,False,high,True,True,reject,True,False
wrong_hardware,737,92,85,True,high,True,True,accept,False,False
wrong_hardware,737,92,87,False,high,True,True,reject,True,False
wrong_hardware,737,92,51,False,high,True,True,reject,True,False
wrong_hardware,737,92,109,False,high,True,True,reject,True,False
wrong_hardware,738,109,92,False,high,True,True,reject,True,False
wrong_hardware,738,109,85,False,high,True,True,reject,True,False
wrong_hardware,738,109,87,False,high,True,True,reject,True,False
wrong_hardware,738,109,51,False,high,True,True,reject,True,False
wrong_hardware,739,87,92,False,low,True,True,flag,False,False
wrong_hardware,739,87,85,False,low,True,True,flag,False,False
wrong_hardware,739,87,51,False,low,True,True,flag,False,False
wrong_hardware,739,87,109,True,low,True,True,flag,False,False
wrong_hardware,740,51,92,True,high,True,True,accept,False,False
wrong_hardware,740,51,85,False,high,True,True,reject,True,False
wrong_hardware,740,51,87,False,high,True,True,reject,True,False
wrong_hardware,740,51,109,False,high,True,True,reject,True,False
wrong_hardware,741,87,92,False,low,True,True,flag,False,False
wrong_hardware,741,87,85,False,low,True,True,flag,False,False
wrong_hardware,741,87,51,False,low,True,True,flag,False,False
wrong_hardware,741,87,109,False,low,True,True,flag,False,False
wrong_hardware,742,51,92,False,low,True,True,flag,False,False
wrong_hardware,742,51,85,True,low,True,True,flag,False,False
wrong_hardware,742,51,87,False,low,True,True,flag,False,False
wrong_hardware,742,51,109,False,low,True,True,flag,False,False
wrong_hardware,743,92,85,True,middle,True,True,flag,False,False
wrong_hardware,743,92,87,False,middle,True,True,flag,False,False
wrong_hardware,743,92,51,False,middle,True,True,flag,False,False
wrong_hardware,743,92,109,False,middle,True,True,flag,False,False
wrong_hardware,744,51,92,False,high,True,True,reject,True,False
wrong_hardware,744,51,85,True,high,True,True,accept,False,False
wrong_hardware,744,51,87,False,high,True,True,reject,True,False
wrong_hardware,744,51,109,False,high,True,True,reject,True,False
wrong_hardware,745,92,85,False,low,True,True,flag,False,False
wrong_hardware,745,92,87,False,low,True,True,flag,False,False
wrong_hardware,745,92,51,False,low,True,True,flag,False,False
wrong_hardware,745,92,109,True,low,True,True,flag,False,False
wrong_hardware,746,87,92,False,low,True,True,flag,False,False
wrong_hardware,746,87,85,False,low,True,True,flag,False,False
wrong_hardware,746,87,51,False,low,True,True,flag,False,False
wrong_hardware,746,87,109,False,low,True,True,flag,False,False
wrong_hardware,747,109,92,False,low,True,True,flag,False,False
wrong_hardware,747,109,85,True,low,True,True,flag,False,False
wrong_hardware,747,109,87,False,low,True,True,flag,False,False
wrong_hardware,747,109,51,False,low,True,True,flag,False,False
wrong_hardware,748,109,92,False,low,True,True,flag,False,False
wrong_hardware,748,109,85,False,low,True,True,flag,False,False
wrong_hardware,748,109,87,True,low,True,True,flag,False,False
wrong_hardware,748,109,51,False,low,True,True,flag,False,False
wrong_hardware,749,51,92,False,low,True,True,flag,False,False
wrong_hardware,749,51,85,False,low,True,True,flag,False,False
wrong_hardware,749,51,87,True,low,True,True,flag,False,False
wrong_hardware,749,51,109,False,low,True,True,flag,False,False
wrong_hardware,750,109,92,False,low,True,True,flag,False,False
wrong_hardware,750,109,85,False,low,True,True,flag,False,False
wrong_hardware,750,109,87,False,low,True,True,flag,False,False
wrong_hardware,750,109,51,True,low,True,True,flag,False,False
wrong_hardware,751,109,92,False,high,True,True,reject,True,False
wrong_hardware,751,109,85,False,high,True,True,reject,True,False
wrong_hardware,751,109,87,False,high,True,True,reject,True,False
wrong_hardware,751,109,51,False,high,True,True,reject,True,False
wrong_hardware,752,92,85,False,middle,True,True,flag,False,False
wrong_hardware,752,92,87,False,middle,True,True,flag,False,False
wrong_hardware,752,92,51,False,middle,True,True,flag,False,False
wrong_hardware,752,92,109,True,middle,True,True,flag,False,False
wrong_hardware,753,109,92,False,high,True,True,reject,True,False
wrong_hardware,753,109,85,False,high,True,True,reject,True,False
wrong_hardware,753,109,87,True,high,True,True,accept,False,False
wrong_hardware,753,109,51,False,high,True,True,reject,True,False
wrong_hardware,754,109,92,False,low,True,True,flag,False,False
wrong_hardware,754,109,85,False,low,True,True,flag,False,False
wrong_hardware,754,109,87,False,low,True,True,flag,False,False
wrong_hardware,754,109,51,False,low,True,True,flag,False,False
wrong_hardware,755,85,92,False,middle,True,True,flag,False,False
wrong_hardware,755,85,87,False,middle,True,True,flag,False,False
wrong_hardware,755,85,51,True,middle,True,True,flag,False,False
wrong_hardware,755,85,109,False,middle,True,True,flag,False,False
wrong_hardware,756,87,92,False,high,True,True,reject,True,False
wrong_hardware,756,87,85,True,high,True,True,accept,False,False
wrong_hardware,756,87,51,False,high,True,True,reject,True,False
wrong_hardware,756,87,109,False,high,True,True,reject,True,False
wrong_hardware,757,87,92,True,middle,True,True,flag,False,False
wrong_hardware,757,87,85,False,middle,True,True,flag,False,False
wrong_hardware,757,87,51,False,middle,True,True,flag,False,False
wrong_hardware,757,87,109,False,middle,True,True,flag,False,False
wrong_hardware,758,51,92,True,middle,True,True,flag,False,False
wrong_hardware,758,51,85,False,middle,True,True,flag,False,False
wrong_hardware,758,51,87,False,middle,True,True,flag,False,False
wrong_hardware,758,51,109,False,middle,True,True,flag,False,False
wrong_hardware,759,109,92,False,high,True,True,reject,True,False
wrong_hardware,759,109,85,False,high,True,True,reject,True,False
wrong_hardware,759,109,87,False,high,True,True,reject,True,False
wrong_hardware,759,109,51,False,high,True,True,reject,True,False
wrong_hardware,760,109,92,False,middle,True,True,flag,False,False
wrong_hardware,760,109,85,False,middle,True,True,flag,False,False
wrong_hardware,760,109,87,False,middle,True,True,flag,False,False
wrong_hardware,760,109,51,False,middle,True,True,flag,False,False
wrong_hardware,761,51,92,False,low,True,True,flag,False,False
wrong_hardware,761,51,85,False,low,True,True,flag,False,False
wrong_hardware,761,51,87,True,low,True,True,flag,False,False
wrong_hardware,761,51,109,False,low,True,True,flag,False,False
wrong_hardware,762,51,92,False,middle,True,True,flag,False,False
wrong_hardware,762,51,85,False,middle,True,True,flag,False,False
wrong_hardware,762,51,87,False,middle,True,True,flag,False,False
wrong_hardware,762,51,109,True,middle,True,True,flag,False,False
wrong_hardware,763,92,85,False,low,True,True,flag,False,False
wrong_hardware,763,92,87,False,low,True,True,flag,False,False
wrong_hardware,763,92,51,True,low,True,True,flag,False,False
wrong_hardware,763,92,109,False,low,True,True,flag,False,False
wrong_hardware,764,92,85,False,low,True,True,flag,False,False
wrong_hardware,764,92,87,False,low,True,True,flag,False,False
wrong_hardware,764,92,51,False,low,True,True,flag,False,False
wrong_hardware,764,92,109,False,low,True,True,flag,False,False
wrong_hardware,765,51,92,False,low,True,True,flag,False,False
wrong_hardware,765,51,85,False,low,True,True,flag,False,False
wrong_hardware,765,51,87,False,low,True,True,flag,False,False
wrong_hardware,765,51,109,True,low,True,True,flag,False,False
wrong_hardware,766,92,85,False,low,True,True,flag,False,False
wrong_hardware,766,92,87,False,low,True,True,flag,False,False
wrong_hardware,766,92,51,False,low,True,True,flag,False,False
wrong_hardware,766,92,109,True,low,True,True,flag,False,False
wrong_hardware,767,92,85,False,middle,True,True,flag,False,False
wrong_hardware,767,92,87,False,middle,True,True,flag,False,False
wrong_hardware,767,92,51,False,middle,True,True,flag,False,False
wrong_hardware,767,92,109,True,middle,True,True,flag,False,False
wrong_hardware,768,51,92,True,low,True,True,flag,False,False
wrong_hardware,768,51,85,False,low,True,True,flag,False,False
wrong_hardware,768,51,87,False,low,True,True,flag,False,False
wrong_hardware,768,51,109,False,low,True,True,flag,False,False
wrong_hardware,769,109,92,False,low,True,True,flag,False,False
wrong_hardware,769,109,85,True,low,True,True,flag,False,False
wrong_hardware,769,109,87,False,low,True,True,flag,False,False
wrong_hardware,769,109,51,False,low,True,True,flag,False,False
wrong_hardware,770,85,92,False,low,True,True,flag,False,False
wrong_hardware,770,85,87,False,low,True,True,flag,False,False
wrong_hardware,770,85,51,False,low,True,True,flag,False,False
wrong_hardware,770,85,109,False,low,True,True,flag,False,False
wrong_hardware,771,51,92,False,middle,True,True,flag,False,False
wrong_hardware,771,51,85,False,middle,True,True,flag,False,False
wrong_hardware,771,51,87,True,middle,True,True,flag,False,False
wrong_hardware,771,51,109,False,middle,True,True,flag,False,False
wrong_hardware,772,109,92,False,low,True,True,flag,False,False
wrong_hardware,772,109,85,False,low,True,True,flag,False,False
wrong_hardware,772,109,87,False,low,True,True,flag,False,False
wrong_hardware,772,109,51,False,low,True,True,flag,False,False
wrong_hardware,773,92,85,False,low,True,True,flag,False,False
wrong_hardware,773,92,87,False,low,True,True,flag,False,False
wrong_hardware,773,92,51,True,low,True,True,flag,False,False
wrong_hardware,773,92,109,False,low,True,True,flag,False,False
wrong_hardware,774,87,92,False,low,True,True,flag,False,False
wrong_hardware,774,87,85,True,low,True,True,flag,False,False
wrong_hardware,774,87,51,False,low,True,True,flag,False,False
wrong_hardware,774,87,109,False,low,True,True,flag,False,False
wrong_hardware,775,51,92,False,high,True,True,reject,True,False
wrong_hardware,775,51,85,True,high,True,True,accept,False,False
wrong_hardware,775,51,87,False,high,True,True,reject,True,False
wrong_hardware,775,51,109,False,high,True,True,reject,True,False
wrong_hardware,776,87,92,False,middle,True,True,flag,False,False
wrong_hardware,776,87,85,False,middle,True,True,flag,False,False
wrong_hardware,776,87,51,False,middle,True,True,flag,False,False
wrong_hardware,776,87,109,True,middle,True,True,flag,False,False
wrong_hardware,777,109,92,False,high,True,True,reject,True,False
wrong_hardware,777,109,85,False,high,True,True,reject,True,False
wrong_hardware,777,109,87,True,high,True,True,accept,False,False
wrong_hardware,777,109,51,False,high,True,True,reject,True,False
wrong_hardware,778,87,92,True,high,True,True,accept,False,False
wrong_hardware,778,87,85,False,high,True,True,reject,True,False
wrong_hardware,778,87,51,False,high,True,True,reject,True,False
wrong_hardware,778,87,109,False,high,True,True,reject,True,False
wrong_hardware,779,87,92,False,low,True,True,flag,False,False
wrong_hardware,779,87,85,True,low,True,True,flag,False,False
wrong_hardware,779,87,51,False,low,True,True,flag,False,False
wrong_hardware,779,87,109,False,low,True,True,flag,False,False
wrong_hardware,780,87,92,False,low,True,True,flag,False,False
wrong_hardware,780,87,85,True,low,True,True,flag,False,False
wrong_hardware,780,87,51,False,low,True,True,flag,False,False
wrong_hardware,780,87,109,False,low,True,True,flag,False,False
wrong_hardware,781,51,92,False,middle,True,True,flag,False,False
wrong_hardware,781,51,85,False,middle,True,True,flag,False,False
wrong_hardware,781,51,87,True,middle,True,True,flag,False,False
wrong_hardware,781,51,109,False,middle,True,True,flag,False,False
wrong_hardware,782,51,92,False,middle,True,True,flag,False,False
wrong_hardware,782,51,85,False,middle,True,True,flag,False,False
wrong_hardware,782,51,87,False,middle,True,True,flag,False,False
wrong_hardware,782,51,109,False,middle,True,True,flag,False,False
wrong_hardware,783,92,85,True,high,True,True,accept,False,False
wrong_hardware,783,92,87,False,high,True,True,reject,True,False
wrong_hardware,783,92,51,False,high,True,True,reject,True,False
wrong_hardware,783,92,109,False,high,True,True,reject,True,False
wrong_hardware,784,51,92,False,middle,True,True,flag,False,False
wrong_hardware,784,51,85,False,middle,True,True,flag,False,False
wrong_hardware,784,51,87,False,middle,True,True,flag,False,False
wrong_hardware,784,51,109,False,middle,True,True,flag,False,False
wrong_hardware,785,92,85,True,high,True,True,accept,False,False
wrong_hardware,785,92,87,False,high,True,True,reject,True,False
wrong_hardware,785,92,51,False,high,True,True,reject,True,False
wrong_hardware,785,92,109,False,high,True,True,reject,True,False
wrong_hardware,786,92,85,False,high,True,True,reject,True,False
wrong_hardware,786,92,87,False,high,True,True,reject,True,False
wrong_hardware,786,92,51,False,high,True,True,reject,True,False
wrong_hardware,786,92,109,False,high,True,True,reject,True,False
wrong_hardware,787,87,92,False,low,True,True,flag,False,False
wrong_hardware,787,87,85,False,low,True,True,flag,False,False
wrong_hardware,787,87,51,False,low,True,True,flag,False,False
wrong_hardware,787,87,109,False,low,True,True,flag,False,False
wrong_hardware,788,109,92,False,middle,True,True,flag,False,False
wrong_hardware,788,109,85,True,middle,True,True,flag,False,False
wrong_hardware,788,109,87,False,middle,True,True,flag,False,False
wrong_hardware,788,109,51,False,middle,True,True,flag,False,False
wrong_hardware,789,87,92,True,middle,True,True,flag,False,False
wrong_hardware,789,87,85,False,middle,True,True,flag,False,False
wrong_hardware,789,87,51,False,middle,True,True,flag,False,False
wrong_hardware,789,87,109,False,middle,True,True,flag,False,False
wrong_hardware,790,109,92,False,low,True,True,flag,False,False
wrong_hardware,790,109,85,False,low,True,True,flag,False,False
wrong_hardware,790,109,87,False,low,True,True,flag,False,False
wrong_hardware,790,109,51,True,low,True,True,flag,False,False
wrong_hardware,791,85,92,False,high,True,True,reject,True,False
wrong_hardware,791,85,87,True,high,True,True,accept,False,False
wrong_hardware,791,85,51,False,high,True,True,reject,True,False
wrong_hardware,791,85,109,False,high,True,True,reject,True,False
wrong_hardware,792,92,85,True,high,True,True,accept,False,False
wrong_hardware,792,92,87,False,high,True,True,reject,True,False
wrong_hardware,792,92,51,False,high,True,True,reject,True,False
wrong_hardware,792,92,109,False,high,True,True,reject,True,False
wrong_hardware,793,51,92,False,low,True,True,flag,False,False
wrong_hardware,793,51,85,False,low,True,True,flag,False,False
wrong_hardware,793,51,87,True,low,True,True,flag,False,False
wrong_hardware,793,51,109,False,low,True,True,flag,False,False
wrong_hardware,794,85,92,False,high,True,True,reject,True,False
wrong_hardware,794,85,87,True,high,True,True,accept,False,False
wrong_hardware,794,85,51,False,high,True,True,reject,True,False
wrong_hardware,794,85,109,False,high,True,True,reject,True,False
wrong_hardware,795,87,92,False,high,True,True,reject,True,False
wrong_hardware,795,87,85,True,high,True,True,accept,False,False
wrong_hardware,795,87,51,False,high,True,True,reject,True,False
wrong_hardware,795,87,109,False,high,True,True,reject,True,False
wrong_hardware,796,87,92,False,high,True,True,reject,True,False
wrong_hardware,796,87,85,True,high,True,True,accept,False,False
wrong_hardware,796,87,51,False,high,True,True,reject,True,False
wrong_hardware,796,87,109,False,high,True,True,reject,True,False
wrong_hardware,797,92,85,False,low,True,True,flag,False,False
wrong_hardware,797,92,87,False,low,True,True,flag,False,False
wrong_hardware,797,92,51,False,low,True,True,flag,False,False
wrong_hardware,797,92,109,False,low,True,True,flag,False,False
wrong_hardware,798,92,85,False,high,True,True,reject,True,False
wrong_hardware,798,92,87,False,high,True,True,reject,True,False
wrong_hardware,798,92,51,True,high,True,True,accept,False,False
wrong_hardware,798,92,109,False,high,True,True,reject,True,False
wrong_hardware,799,87,92,False,middle,True,True,flag,False,False
wrong_hardware,799,87,85,False,middle,True,True,flag,False,False
wrong_hardware,799,87,51,False,middle,True,True,flag,False,False
wrong_hardware,799,87,109,True,middle,True,True,flag,False,False
wrong_hardware,800,87,92,False,high,True,True,reject,True,False
wrong_hardware,800,87,85,True,high,True,True,accept,False,False
wrong_hardware,800,87,51,False,high,True,True,reject,True,False
wrong_hardware,800,87,109,False,high,True,True,reject,True,False
wrong_hardware,801,85,92,False,high,True,True,reject,True,False
wrong_hardware,801,85,87,False,high,True,True,reject,True,False
wrong_hardware,801,85,51,False,high,True,True,reject,True,False
wrong_hardware,801,85,109,True,high,True,True,accept,False,False
wrong_hardware,802,92,85,True,high,True,True,accept,False,False
wrong_hardware,802,92,87,False,high,True,True,reject,True,False
wrong_hardware,802,92,51,False,high,True,True,reject,True,False
wrong_hardware,802,92,109,False,high,True,True,reject,True,False
wrong_hardware,803,87,92,False,low,True,True,flag,False,False
wrong_hardware,803,87,85,False,low,True,True,flag,False,False
wrong_hardware,803,87,51,False,low,True,True,flag,False,False
wrong_hardware,803,87,109,True,low,True,True,flag,False,False
wrong_hardware,804,87,92,False,middle,True,True,flag,False,False
wrong_hardware,804,87,85,False,middle,True,True,flag,False,False
wrong_hardware,804,87,51,True,middle,True,True,flag,False,False
wrong_hardware,804,87,109,False,middle,True,True,flag,False,False
wrong_hardware,805,92,85,False,high,True,True,reject,True,False
wrong_hardware,805,92,87,False,high,True,True,reject,True,False
wrong_hardware,805,92,51,True,high,True,True,accept,False,False
wrong_hardware,805,92,109,False,high,True,True,reject,True,False
wrong_hardware,806,51,92,False,high,True,True,reject,True,False
wrong_hardware,806,51,85,True,high,True,True,accept,False,False
wrong_hardware,806,51,87,False,high,True,True,reject,True,False
wrong_hardware,806,51,109,False,high,True,True,reject,True,False
wrong_hardware,807,85,92,False,high,True,True,reject,True,False
wrong_hardware,807,85,87,False,high,True,True,reject,True,False
wrong_hardware,807,85,51,True,high,True,True,accept,False,False
wrong_hardware,807,85,109,False,high,True,True,reject,True,False
wrong_hardware,808,87,92,False,low,True,True,flag,False,False
wrong_hardware,808,87,85,True,low,True,True,flag,False,False
wrong_hardware,808,87,51,False,low,True,True,flag,False,False
wrong_hardware,808,87,109,False,low,True,True,flag,False,False
wrong_hardware,809,85,92,False,high,True,True,reject,True,False
wrong_hardware,809,85,87,False,high,True,True,reject,True,False
wrong_hardware,809,85,51,False,high,True,True,reject,True,False
wrong_hardware,809,85,109,True,high,True,True,accept,False,False
wrong_hardware,810,92,85,True,high,True,True,accept,False,False
wrong_hardware,810,92,87,False,high,True,True,reject,True,False
wrong_hardware,810,92,51,False,high,True,True,reject,True,False
wrong_hardware,810,92,109,False,high,True,True,reject,True,False
wrong_hardware,811,85,92,False,high,True,True,reject,True,False
wrong_hardware,811,85,87,False,high,True,True,reject,True,False
wrong_hardware,811,85,51,False,high,True,True,reject,True,False
wrong_hardware,811,85,109,False,high,True,True,reject,True,False
wrong_hardware,812,92,85,False,high,True,True,reject,True,False
wrong_hardware,812,92,87,False,high,True,True,reject,True,False
wrong_hardware,812,92,51,False,high,True,True,reject,True,False
wrong_hardware,812,92,109,False,high,True,True,reject,True,False
wrong_hardware,813,85,92,False,middle,True,True,flag,False,False
wrong_hardware,813,85,87,False,middle,True,True,flag,False,False
wrong_hardware,813,85,51,False,middle,True,True,flag,False,False
wrong_hardware,813,85,109,False,middle,True,True,flag,False,False
wrong_hardware,814,87,92,False,high,True,True,reject,True,False
wrong_hardware,814,87,85,False,high,True,True,reject,True,False
wrong_hardware,814,87,51,False,high,True,True,reject,True,False
wrong_hardware,814,87,109,True,high,True,True,accept,False,False
wrong_hardware,815,85,92,False,high,True,True,reject,True,False
wrong_hardware,815,85,87,False,high,True,True,reject,True,False
wrong_hardware,815,85,51,True,high,True,True,accept,False,False
wrong_hardware,815,85,109,False,high,True,True,reject,True,False
wrong_hardware,816,109,92,False,high,True,True,reject,True,False
wrong_hardware,816,109,85,False,high,True,True,reject,True,False
wrong_hardware,816,109,87,True,high,True,True,accept,False,False
wrong_hardware,816,109,51,False,high,True,True,reject,True,False
wrong_hardware,817,109,92,False,middle,True,True,flag,False,False
wrong_hardware,817,109,85,True,middle,True,True,flag,False,False
wrong_hardware,817,109,87,False,middle,True,True,flag,False,False
wrong_hardware,817,109,51,False,middle,True,True,flag,False,False
wrong_hardware,818,109,92,False,middle,True,True,flag,False,False
wrong_hardware,818,109,85,False,middle,True,True,flag,False,False
wrong_hardware,818,109,87,False,middle,True,True,flag,False,False
wrong_hardware,818,109,51,False,middle,True,True,flag,False,False
wrong_hardware,819,109,92,False,high,True,True,reject,True,False
wrong_hardware,819,109,85,False,high,True,True,reject,True,False
wrong_hardware,819,109,87,False,high,True,True,reject,True,False
wrong_hardware,819,109,51,True,high,True,True,accept,False,False
wrong_hardware,820,109,92,False,high,True,True,reject,True,False
wrong_hardware,820,109,85,False,high,True,True,reject,True,False
wrong_hardware,820,109,87,False,high,True,True,reject,True,False
wrong_hardware,820,109,51,False,high,True,True,reject,True,False
wrong_hardware,821,92,85,False,high,True,True,reject,True,False
wrong_hardware,821,92,87,True,high,True,True,accept,False,False
wrong_hardware,821,92,51,False,high,True,True,reject,True,False
wrong_hardware,821,92,109,False,high,True,True,reject,True,False
wrong_hardware,822,92,85,False,low,True,True,flag,False,False
wrong_hardware,822,92,87,False,low,True,True,flag,False,False
wrong_hardware,822,92,51,True,low,True,True,flag,False,False
wrong_hardware,822,92,109,False,low,True,True,flag,False,False
wrong_hardware,823,92,85,False,low,True,True,flag,False,False
wrong_hardware,823,92,87,False,low,True,True,flag,False,False
wrong_hardware,823,92,51,False,low,True,True,flag,False,False
wrong_hardware,823,92,109,True,low,True,True,flag,False,False
wrong_hardware,824,87,92,False,middle,True,True,flag,False,False
wrong_hardware,824,87,85,False,middle,True,True,flag,False,False
wrong_hardware,824,87,51,True,middle,True,True,flag,False,False
wrong_hardware,824,87,109,False,middle,True,True,flag,False,False
wrong_hardware,825,109,92,False,high,True,True,reject,True,False
wrong_hardware,825,109,85,False,high,True,True,reject,True,False
wrong_hardware,825,109,87,False,high,True,True,reject,True,False
wrong_hardware,825,109,51,True,high,True,True,accept,False,False
wrong_hardware,826,109,92,False,middle,True,True,flag,False,False
wrong_hardware,826,109,85,False,middle,True,True,flag,False,False
wrong_hardware,826,109,87,False,middle,True,True,flag,False,False
wrong_hardware,826,109,51,False,middle,True,True,flag,False,False
wrong_hardware,827,51,92,False,middle,True,True,flag,False,False
wrong_hardware,827,51,85,False,middle,True,True,flag,False,False
wrong_hardware,827,51,87,False,middle,True,True,flag,False,False
wrong_hardware,827,51,109,True,middle,True,True,flag,False,False
wrong_hardware,828,51,92,False,low,True,True,flag,False,False
wrong_hardware,828,51,85,False,low,True,True,flag,False,False
wrong_hardware,828,51,87,False,low,True,True,flag,False,False
wrong_hardware,828,51,109,False,low,True,True,flag,False,False
wrong_hardware,829,51,92,False,middle,True,True,flag,False,False
wrong_hardware,829,51,85,True,middle,True,True,flag,False,False
wrong_hardware,829,51,87,False,middle,True,True,flag,False,False
wrong_hardware,829,51,109,False,middle,True,True,flag,False,False
wrong_hardware,830,85,92,False,low,True,True,flag,False,False
wrong_hardware,830,85,87,False,low,True,True,flag,False,False
wrong_hardware,830,85,51,True,low,True,True,flag,False,False
wrong_hardware,830,85,109,False,low,True,True,flag,False,False
wrong_hardware,831,85,92,False,high,True,True,reject,True,False
wrong_hardware,831,85,87,False,high,True,True,reject,True,False
wrong_hardware,831,85,51,False,high,True,True,reject,True,False
wrong_hardware,831,85,109,False,high,True,True,reject,True,False
wrong_hardware,832,51,92,False,high,True,True,reject,True,False
wrong_hardware,832,51,85,False,high,True,True,reject,True,False
wrong_hardware,832,51,87,False,high,True,True,reject,True,False
wrong_hardware,832,51,109,False,high,True,True,reject,True,False
wrong_hardware,833,51,92,False,low,True,True,flag,False,False
wrong_hardware,833,51,85,False,low,True,True,flag,False,False
wrong_hardware,833,51,87,True,low,True,True,flag,False,False
wrong_hardware,833,51,109,False,low,True,True,flag,False,False
wrong_hardware,834,87,92,False,high,True,True,reject,True,False
wrong_hardware,834,87,85,True,high,True,True,accept,False,False
wrong_hardware,834,87,51,False,high,True,True,reject,True,False
wrong_hardware,834,87,109,False,high,True,True,reject,True,False
wrong_hardware,835,51,92,False,high,True,True,reject,True,False
wrong_hardware,835,51,85,True,high,True,True,accept,False,False
wrong_hardware,835,51,87,False,high,True,True,reject,True,False
wrong_hardware,835,51,109,False,high,True,True,reject,True,False
wrong_hardware,836,51,92,True,low,True,True,flag,False,False
wrong_hardware,836,51,85,False,low,True,True,flag,False,False
wrong_hardware,836,51,87,False,low,True,True,flag,False,False
wrong_hardware,836,51,109,False,low,True,True,flag,False,False
wrong_hardware,837,109,92,True,middle,True,True,flag,False,False
wrong_hardware,837,109,85,False,middle,True,True,flag,False,False
wrong_hardware,837,109,87,False,middle,True,True,flag,False,False
wrong_hardware,837,109,51,False,middle,True,True,flag,False,False
wrong_hardware,838,87,92,True,middle,True,True,flag,False,False
wrong_hardware,838,87,85,False,middle,True,True,flag,False,False
wrong_hardware,838,87,51,False,middle,True,True,flag,False,False
wrong_hardware,838,87,109,False,middle,True,True,flag,False,False
wrong_hardware,839,87,92,False,high,True,True,reject,True,False
wrong_hardware,839,87,85,False,high,True,True,reject,True,False
wrong_hardware,839,87,51,True,high,True,True,accept,False,False
wrong_hardware,839,87,109,False,high,True,True,reject,True,False
wrong_hardware,840,109,92,False,high,True,True,reject,True,False
wrong_hardware,840,109,85,False,high,True,True,reject,True,False
wrong_hardware,840,109,87,True,high,True,True,accept,False,False
wrong_hardware,840,109,51,False,high,True,True,reject,True,False
wrong_hardware,841,85,92,False,middle,True,True,flag,False,False
wrong_hardware,841,85,87,True,middle,True,True,flag,False,False
wrong_hardware,841,85,51,False,middle,True,True,flag,False,False
wrong_hardware,841,85,109,False,middle,True,True,flag,False,False
wrong_hardware,842,109,92,True,high,True,True,accept,False,False
wrong_hardware,842,109,85,False,high,True,True,reject,True,False
wrong_hardware,842,109,87,False,high,True,True,reject,True,False
wrong_hardware,842,109,51,False,high,True,True,reject,True,False
wrong_hardware,843,51,92,False,low,True,True,flag,False,False
wrong_hardware,843,51,85,False,low,True,True,flag,False,False
wrong_hardware,843,51,87,False,low,True,True,flag,False,False
wrong_hardware,843,51,109,False,low,True,True,flag,False,False
wrong_hardware,844,87,92,False,low,True,True,flag,False,False
wrong_hardware,844,87,85,False,low,True,True,flag,False,False
wrong_hardware,844,87,51,False,low,True,True,flag,False,False
wrong_hardware,844,87,109,True,low,True,True,flag,False,False
wrong_hardware,845,87,92,False,low,True,True,flag,False,False
wrong_hardware,845,87,85,False,low,True,True,flag,False,False
wrong_hardware,845,87,51,False,low,True,True,flag,False,False
wrong_hardware,845,87,109,True,low,True,True,flag,False,False
wrong_hardware,846,92,85,False,high,True,True,reject,True,False
wrong_hardware,846,92,87,False,high,True,True,reject,True,False
wrong_hardware,846,92,51,False,high,True,True,reject,True,False
wrong_hardware,846,92,109,True,high,True,True,accept,False,False
wrong_hardware,847,92,85,False,low,True,True,flag,False,False
wrong_hardware,847,92,87,False,low,True,True,flag,False,False
wrong_hardware,847,92,51,True,low,True,True,flag,False,False
wrong_hardware,847,92,109,False,low,True,True,flag,False,False
wrong_hardware,848,85,92,True,low,True,True,flag,False,False
wrong_hardware,848,85,87,False,low,True,True,flag,False,False
wrong_hardware,848,85,51,False,low,True,True,flag,False,False
wrong_hardware,848,85,109,False,low,True,True,flag,False,False
wrong_hardware,849,51,92,True,low,True,True,flag,False,False
wrong_hardware,849,51,85,False,low,True,True,flag,False,False
wrong_hardware,849,51,87,False,low,True,True,flag,False,False
wrong_hardware,849,51,109,False,low,True,True,flag,False,False
wrong_hardware,850,92,85,False,low,True,True,flag,False,False
wrong_hardware,850,92,87,False,low,True,True,flag,False,False
wrong_hardware,850,92,51,True,low,True,True,flag,False,False
wrong_hardware,850,92,109,False,low,True,True,flag,False,False
wrong_hardware,851,109,92,False,high,True,True,reject,True,False
wrong_hardware,851,109,85,False,high,True,True,reject,True,False
wrong_hardware,851,109,87,False,high,True,True,reject,True,False
wrong_hardware,851,109,51,False,high,True,True,reject,True,False
wrong_hardware,852,87,92,False,high,True,True,reject,True,False
wrong_hardware,852,87,85,True,high,True,True,accept,False,False
wrong_hardware,852,87,51,False,high,True,True,reject,True,False
wrong_hardware,852,87,109,False,high,True,True,reject,True,False
wrong_hardware,853,87,92,False,middle,True,True,flag,False,False
wrong_hardware,853,87,85,False,middle,True,True,flag,False,False
wrong_hardware,853,87,51,False,middle,True,True,flag,False,False
wrong_hardware,853,87,109,False,middle,True,True,flag,False,False
wrong_hardware,854,51,92,False,low,True,True,flag,False,False
wrong_hardware,854,51,85,False,low,True,True,flag,False,False
wrong_hardware,854,51,87,True,low,True,True,flag,False,False
wrong_hardware,854,51,109,False,low,True,True,flag,False,False
wrong_hardware,855,85,92,False,low,True,True,flag,False,False
wrong_hardware,855,85,87,False,low,True,True,flag,False,False
wrong_hardware,855,85,51,False,low,True,True,flag,False,False
wrong_hardware,855,85,109,False,low,True,True,flag,False,False
wrong_hardware,856,51,92,True,middle,True,True,flag,False,False
wrong_hardware,856,51,85,False,middle,True,True,flag,False,False
wrong_hardware,856,51,87,False,middle,True,True,flag,False,False
wrong_hardware,856,51,109,False,middle,True,True,flag,False,False
wrong_hardware,857,85,92,False,low,True,True,flag,False,False
wrong_hardware,857,85,87,False,low,True,True,flag,False,False
wrong_hardware,857,85,51,True,low,True,True,flag,False,False
wrong_hardware,857,85,109,False,low,True,True,flag,False,False
wrong_hardware,858,109,92,False,high,True,True,reject,True,False
wrong_hardware,858,109,85,False,high,True,True,reject,True,False
wrong_hardware,858,109,87,False,high,True,True,reject,True,False
wrong_hardware,858,109,51,False,high,True,True,reject,True,False
wrong_hardware,859,87,92,True,low,True,True,flag,False,False
wrong_hardware,859,87,85,False,low,True,True,flag,False,False
wrong_hardware,859,87,51,False,low,True,True,flag,False,False
wrong_hardware,859,87,109,False,low,True,True,flag,False,False
wrong_hardware,860,92,85,False,low,True,True,flag,False,False
wrong_hardware,860,92,87,True,low,True,True,flag,False,False
wrong_hardware,860,92,51,False,low,True,True,flag,False,False
wrong_hardware,860,92,109,False,low,True,True,flag,False,False
wrong_hardware,861,85,92,False,middle,True,True,flag,False,False
wrong_hardware,861,85,87,False,middle,True,True,flag,False,False
wrong_hardware,861,85,51,True,middle,True,True,flag,False,False
wrong_hardware,861,85,109,False,middle,True,True,flag,False,False
wrong_hardware,862,51,92,False,low,True,True,flag,False,False
wrong_hardware,862,51,85,False,low,True,True,flag,False,False
wrong_hardware,862,51,87,True,low,True,True,flag,False,False
wrong_hardware,862,51,109,False,low,True,True,flag,False,False
wrong_hardware,863,87,92,False,middle,True,True,flag,False,False
wrong_hardware,863,87,85,False,middle,True,True,flag,False,False
wrong_hardware,863,87,51,False,middle,True,True,flag,False,False
wrong_hardware,863,87,109,False,middle,True,True,flag,False,False
wrong_hardware,864,85,92,True,high,True,True,accept,False,False
wrong_hardware,864,85,87,False,high,True,True,reject,True,False
wrong_hardware,864,85,51,False,high,True,True,reject,True,False
wrong_hardware,864,85,109,False,high,True,True,reject,True,False
wrong_hardware,865,87,92,False,high,True,True,reject,True,False
wrong_hardware,865,87,85,True,high,True,True,accept,False,False
wrong_hardware,865,87,51,False,high,True,True,reject,True,False
wrong_hardware,865,87,109,False,high,True,True,reject,True,False
wrong_hardware,866,109,92,False,middle,True,True,flag,False,False
wrong_hardware,866,109,85,True,middle,True,True,flag,False,False
wrong_hardware,866,109,87,False,middle,True,True,flag,False,False
wrong_hardware,866,109,51,False,middle,True,True,flag,False,False
wrong_hardware,867,92,85,False,middle,True,True,flag,False,False
wrong_hardware,867,92,87,False,middle,True,True,flag,False,False
wrong_hardware,867,92,51,False,middle,True,True,flag,False,False
wrong_hardware,867,92,109,True,middle,True,True,flag,False,False
wrong_hardware,868,92,85,True,high,True,True,accept,False,False
wrong_hardware,868,92,87,False,high,True,True,reject,True,False
wrong_hardware,868,92,51,False,high,True,True,reject,True,False
wrong_hardware,868,92,109,False,high,True,True,reject,True,False
wrong_hardware,869,109,92,False,low,True,True,flag,False,False
wrong_hardware,869,109,85,False,low,True,True,flag,False,False
wrong_hardware,869,109,87,True,low,True,True,flag,False,False
wrong_hardware,869,109,51,False,low,True,True,flag,False,False
wrong_hardware,870,51,92,False,low,True,True,flag,False,False
wrong_hardware,870,51,85,False,low,True,True,flag,False,False
wrong_hardware,870,51,87,False,low,True,True,flag,False,False
wrong_hardware,870,51,109,True,low,True,True,flag,False,False
wrong_hardware,871,85,92,False,high,True,True,reject,True,False
wrong_hardware,871,85,87,False,high,True,True,reject,True,False
wrong_hardware,871,85,51,False,high,True,True,reject,True,False
wrong_hardware,871,85,109,False,high,True,True,reject,True,False
wrong_hardware,872,85,92,False,high,True,True,reject,True,False
wrong_hardware,872,85,87,False,high,True,True,reject,True,False
wrong_hardware,872,85,51,False,high,True,True,reject,True,False
wrong_hardware,872,85,109,False,high,True,True,reject,True,False
wrong_hardware,873,51,92,True,high,True,True,accept,False,False
wrong_hardware,873,51,85,False,high,True,True,reject,True,False
wrong_hardware,873,51,87,False,high,True,True,reject,True,False
wrong_hardware,873,51,109,False,high,True,True,reject,True,False
wrong_hardware,874,85,92,False,middle,True,True,flag,False,False
wrong_hardware,874,85,87,True,middle,True,True,flag,False,False
wrong_hardware,874,85,51,False,middle,True,True,flag,False,False
wrong_hardware,874,85,109,False,middle,True,True,flag,False,False
wrong_hardware,875,51,92,False,middle,True,True,flag,False,False
wrong_hardware,875,51,85,False,middle,True,True,flag,False,False
wrong_hardware,875,51,87,False,middle,True,True,flag,False,False
wrong_hardware,875,51,109,True,middle,True,True,flag,False,False
wrong_hardware,876,87,92,False,middle,True,True,flag,False,False
wrong_hardware,876,87,85,False,middle,True,True,flag,False,False
wrong_hardware,876,87,51,True,middle,True,True,flag,False,False
wrong_hardware,876,87,109,False,middle,True,True,flag,False,False
wrong_hardware,877,85,92,False,middle,True,True,flag,False,False
wrong_hardware,877,85,87,False,middle,True,True,flag,False,False
wrong_hardware,877,85,51,False,middle,True,True,flag,False,False
wrong_hardware,877,85,109,False,middle,True,True,flag,False,False
wrong_hardware,878,92,85,True,low,True,True,flag,False,False
wrong_hardware,878,92,87,False,low,True,True,flag,False,False
wrong_hardware,878,92,51,False,low,True,True,flag,False,False
wrong_hardware,878,92,109,False,low,True,True,flag,False,False
wrong_hardware,879,51,92,False,low,True,True,flag,False,False
wrong_hardware,879,51,85,False,low,True,True,flag,False,False
wrong_hardware,879,51,87,False,low,True,True,flag,False,False
wrong_hardware,879,51,109,False,low,True,True,flag,False,False
wrong_hardware,880,87,92,False,high,True,True,reject,True,False
wrong_hardware,880,87,85,False,high,True,True,reject,True,False
wrong_hardware,880,87,51,True,high,True,True,accept,False,False
wrong_hardware,880,87,109,False,high,True,True,reject,True,False
wrong_hardware,881,92,85,False,high,True,True,reject,True,False
wrong_hardware,881,92,87,True,high,True,True,accept,False,False
wrong_hardware,881,92,51,False,high,True,True,reject,True,False
wrong_hardware,881,92,109,False,high,True,True,reject,True,False
wrong_hardware,882,92,85,True,middle,True,True,flag,False,False
wrong_hardware,882,92,87,False,middle,True,True,flag,False,False
wrong_hardware,882,92,51,False,middle,True,True,flag,False,False
wrong_hardware,882,92,109,False,middle,True,True,flag,False,False
wrong_hardware,883,87,92,True,low,True,True,flag,False,False
wrong_hardware,883,87,85,False,low,True,True,flag,False,False
wrong_hardware,883,87,51,False,low,True,True,flag,False,False
wrong_hardware,883,87,109,False,low,True,True,flag,False,False
wrong_hardware,884,109,92,False,low,True,True,flag,False,False
wrong_hardware,884,109,85,False,low,True,True,flag,False,False
wrong_hardware,884,109,87,False,low,True,True,flag,False,False
wrong_hardware,884,109,51,False,low,True,True,flag,False,False
wrong_hardware,885,51,92,False,low,True,True,flag,False,False
wrong_hardware,885,51,85,False,low,True,True,flag,False,False
wrong_hardware,885,51,87,False,low,True,True,flag,False,False
wrong_hardware,885,51,109,False,low,True,True,flag,False,False
wrong_hardware,886,109,92,False,high,True,True,reject,True,False
wrong_hardware,886,109,85,True,high,True,True,accept,False,False
wrong_hardware,886,109,87,False,high,True,True,reject,True,False
wrong_hardware,886,109,51,False,high,True,True,reject,True,False
wrong_hardware,887,87,92,False,high,True,True,reject,True,False
wrong_hardware,887,87,85,False,high,True,True,reject,True,False
wrong_hardware,887,87,51,True,high,True,True,accept,False,False
wrong_hardware,887,87,109,False,high,True,True,reject,True,False
wrong_hardware,888,109,92,False,middle,True,True,flag,False,False
wrong_hardware,888,109,85,False,middle,True,True,flag,False,False
wrong_hardware,888,109,87,True,middle,True,True,flag,False,False
wrong_hardware,888,109,51,False,middle,True,True,flag,False,False
wrong_hardware,889,109,92,False,high,True,True,reject,True,False
wrong_hardware,889,109,85,False,high,True,True,reject,True,False
wrong_hardware,889,109,87,True,high,True,True,accept,False,False
wrong_hardware,889,109,51,False,high,True,True,reject,True,False
wrong_hardware,890,51,92,True,middle,True,True,flag,False,False
wrong_hardware,890,51,85,False,middle,True,True,flag,False,False
wrong_hardware,890,51,87,False,middle,True,True,flag,False,False
wrong_hardware,890,51,109,False,middle,True,True,flag,False,False
wrong_hardware,891,92,85,False,middle,True,True,flag,False,False
wrong_hardware,891,92,87,False,middle,True,True,flag,False,False
wrong_hardware,891,92,51,False,middle,True,True,flag,False,False
wrong_hardware,891,92,109,True,middle,True,True,flag,False,False
wrong_hardware,892,51,92,False,low,True,True,flag,False,False
wrong_hardware,892,51,85,False,low,True,True,flag,False,False
wrong_hardware,892,51,87,False,low,True,True,flag,False,False
wrong_hardware,892,51,109,False,low,True,True,flag,False,False
wrong_hardware,893,109,92,False,high,True,True,reject,True,False
wrong_hardware,893,109,85,True,high,True,True,accept,False,False
wrong_hardware,893,109,87,False,high,True,True,reject,True,False
wrong_hardware,893,109,51,False,high,True,True,reject,True,False
wrong_hardware,894,109,92,False,high,True,True,reject,True,False
wrong_hardware,894,109,85,True,high,True,True,accept,False,False
wrong_hardware,894,109,87,False,high,True,True,reject,True,False
wrong_hardware,894,109,51,False,high,True,True,reject,True,False
wrong_hardware,895,109,92,False,low,True,True,flag,False,False
wrong_hardware,895,109,85,False,low,True,True,flag,False,False
wrong_hardware,895,109,87,True,low,True,True,flag,False,False
wrong_hardware,895,109,51,False,low,True,True,flag,False,False
wrong_hardware,896,51,92,False,middle,True,True,flag,False,False
wrong_hardware,896,51,85,False,middle,True,True,flag,False,False
wrong_hardware,896,51,87,True,middle,True,True,flag,False,False
wrong_hardware,896,51,109,False,middle,True,True,flag,False,False
wrong_hardware,897,87,92,False,low,True,True,flag,False,False
wrong_hardware,897,87,85,True,low,True,True,flag,False,False
wrong_hardware,897,87,51,False,low,True,True,flag,False,False
wrong_hardware,897,87,109,False,low,True,True,flag,False,False
wrong_hardware,898,85,92,True,low,True,True,flag,False,False
wrong_hardware,898,85,87,False,low,True,True,flag,False,False
wrong_hardware,898,85,51,False,low,True,True,flag,False,False
wrong_hardware,898,85,109,False,low,True,True,flag,False,False
wrong_hardware,899,92,85,True,low,True,True,flag,False,False
wrong_hardware,899,92,87,False,low,True,True,flag,False,False
wrong_hardware,899,92,51,False,low,True,True,flag,False,False
wrong_hardware,899,92,109,False,low,True,True,flag,False,False
wrong_hardware,900,92,85,False,high,True,True,reject,True,False
wrong_hardware,900,92,87,False,high,True,True,reject,True,False
wrong_hardware,900,92,51,False,high,True,True,reject,True,False
wrong_hardware,900,92,109,True,high,True,True,accept,False,False
wrong_hardware,901,109,92,False,low,True,True,flag,False,False
wrong_hardware,901,109,85,False,low,True,True,flag,False,False
wrong_hardware,901,109,87,False,low,True,True,flag,False,False
wrong_hardware,901,109,51,False,low,True,True,flag,False,False
wrong_hardware,902,85,92,False,low,True,True,flag,False,False
wrong_hardware,902,85,87,False,low,True,True,flag,False,False
wrong_hardware,902,85,51,False,low,True,True,flag,False,False
wrong_hardware,902,85,109,False,low,True,True,flag,False,False
wrong_hardware,903,92,85,True,low,True,True,flag,False,False
wrong_hardware,903,92,87,False,low,True,True,flag,False,False
wrong_hardware,903,92,51,False,low,True,True,flag,False,False
wrong_hardware,903,92,109,False,low,True,True,flag,False,False
wrong_hardware,904,92,85,False,middle,True,True,flag,False,False
wrong_hardware,904,92,87,False,middle,True,True,flag,False,False
wrong_hardware,904,92,51,False,middle,True,True,flag,False,False
wrong_hardware,904,92,109,False,middle,True,True,flag,False,False
wrong_hardware,905,51,92,True,low,True,True,flag,False,False
wrong_hardware,905,51,85,False,low,True,True,flag,False,False
wrong_hardware,905,51,87,False,low,True,True,flag,False,False
wrong_hardware,905,51,109,False,low,True,True,flag,False,False
wrong_hardware,906,109,92,True,low,True,True,flag,False,False
wrong_hardware,906,109,85,False,low,True,True,flag,False,False
wrong_hardware,906,109,87,False,low,True,True,flag,False,False
wrong_hardware,906,109,51,False,low,True,True,flag,False,False
wrong_hardware,907,92,85,False,high,True,True,reject,True,False
wrong_hardware,907,92,87,False,high,True,True,reject,True,False
wrong_hardware,907,92,51,False,high,True,True,reject,True,False
wrong_hardware,907,92,109,False,high,True,True,reject,True,False
wrong_hardware,908,85,92,True,low,True,True,flag,False,False
wrong_hardware,908,85,87,False,low,True,True,flag,False,False
wrong_hardware,908,85,51,False,low,True,True,flag,False,False
wrong_hardware,908,85,109,False,low,True,True,flag,False,False
wrong_hardware,909,51,92,True,high,True,True,accept,False,False
wrong_hardware,909,51,85,False,high,True,True,reject,True,False
wrong_hardware,909,51,87,False,high,True,True,reject,True,False
wrong_hardware,909,51,109,False,high,True,True,reject,True,False
wrong_hardware,910,85,92,False,middle,True,True,flag,False,False
wrong_hardware,910,85,87,False,middle,True,True,flag,False,False
wrong_hardware,910,85,51,False,middle,True,True,flag,False,False
wrong_hardware,910,85,109,False,middle,True,True,flag,False,False
wrong_hardware,911,92,85,False,high,True,True,reject,True,False
wrong_hardware,911,92,87,False,high,True,True,reject,True,False
wrong_hardware,911,92,51,True,high,True,True,accept,False,False
wrong_hardware,911,92,109,False,high,True,True,reject,True,False
wrong_hardware,912,109,92,False,high,True,True,reject,True,False
wrong_hardware,912,109,85,True,high,True,True,accept,False,False
wrong_hardware,912,109,87,False,high,True,True,reject,True,False
wrong_hardware,912,109,51,False,high,True,True,reject,True,False
wrong_hardware,913,85,92,False,high,True,True,reject,True,False
wrong_hardware,913,85,87,False,high,True,True,reject,True,False
wrong_hardware,913,85,51,False,high,True,True,reject,True,False
wrong_hardware,913,85,109,False,high,True,True,reject,True,False
wrong_hardware,914,109,92,False,low,True,True,flag,False,False
wrong_hardware,914,109,85,False,low,True,True,flag,False,False
wrong_hardware,914,109,87,False,low,True,True,flag,False,False
wrong_hardware,914,109,51,False,low,True,True,flag,False,False
wrong_hardware,915,87,92,False,low,True,True,flag,False,False
wrong_hardware,915,87,85,True,low,True,True,flag,False,False
wrong_hardware,915,87,51,False,low,True,True,flag,False,False
wrong_hardware,915,87,109,False,low,True,True,flag,False,False
wrong_hardware,916,87,92,False,middle,True,True,flag,False,False
wrong_hardware,916,87,85,False,middle,True,True,flag,False,False
wrong_hardware,916,87,51,True,middle,True,True,flag,False,False
wrong_hardware,916,87,109,False,middle,True,True,flag,False,False
wrong_hardware,917,109,92,False,middle,True,True,flag,False,False
wrong_hardware,917,109,85,False,middle,True,True,flag,False,False
wrong_hardware,917,109,87,False,middle,True,True,flag,False,False
wrong_hardware,917,109,51,False,middle,True,True,flag,False,False
wrong_hardware,918,87,92,False,low,True,True,flag,False,False
wrong_hardware,918,87,85,False,low,True,True,flag,False,False
wrong_hardware,918,87,51,True,low,True,True,flag,False,False
wrong_hardware,918,87,109,False,low,True,True,flag,False,False
wrong_hardware,919,51,92,False,middle,True,True,flag,False,False
wrong_hardware,919,51,85,True,middle,True,True,flag,False,False
wrong_hardware,919,51,87,False,middle,True,True,flag,False,False
wrong_hardware,919,51,109,False,middle,True,True,flag,False,False
wrong_hardware,920,51,92,True,high,True,True,accept,False,False
wrong_hardware,920,51,85,False,high,True,True,reject,True,False
wrong_hardware,920,51,87,False,high,True,True,reject,True,False
wrong_hardware,920,51,109,False,high,True,True,reject,True,False
wrong_hardware,921,109,92,False,middle,True,True,flag,False,False
wrong_hardware,921,109,85,False,middle,True,True,flag,False,False
wrong_hardware,921,109,87,False,middle,True,True,flag,False,False
wrong_hardware,921,109,51,False,middle,True,True,flag,False,False
wrong_hardware,922,92,85,False,low,True,True,flag,False,False
wrong_hardware,922,92,87,False,low,True,True,flag,False,False
wrong_hardware,922,92,51,True,low,True,True,flag,False,False
wrong_hardware,922,92,109,False,low,True,True,flag,False,False
wrong_hardware,923,109,92,False,middle,True,True,flag,False,False
wrong_hardware,923,109,85,False,middle,True,True,flag,False,False
wrong_hardware,923,109,87,False,middle,True,True,flag,False,False
wrong_hardware,923,109,51,True,middle,True,True,flag,False,False
wrong_hardware,924,85,92,False,low,True,True,flag,False,False
wrong_hardware,924,85,87,True,low,True,True,flag,False,False
wrong_hardware,924,85,51,False,low,True,True,flag,False,False
wrong_hardware,924,85,109,False,low,True,True,flag,False,False
wrong_hardware,925,87,92,False,low,True,True,flag,False,False
wrong_hardware,925,87,85,False,low,True,True,flag,False,False
wrong_hardware,925,87,51,False,low,True,True,flag,False,False
wrong_hardware,925,87,109,True,low,True,True,flag,False,False
wrong_hardware,926,85,92,False,low,True,True,flag,False,False
wrong_hardware,926,85,87,False,low,True,True,flag,False,False
wrong_hardware,926,85,51,False,low,True,True,flag,False,False
wrong_hardware,926,85,109,True,low,True,True,flag,False,False
wrong_hardware,927,87,92,True,middle,True,True,flag,False,False
wrong_hardware,927,87,85,False,middle,True,True,flag,False,False
wrong_hardware,927,87,51,False,middle,True,True,flag,False,False
wrong_hardware,927,87,109,False,middle,True,True,flag,False,False
wrong_hardware,928,87,92,False,low,True,True,flag,False,False
wrong_hardware,928,87,85,True,low,True,True,flag,False,False
wrong_hardware,928,87,51,False,low,True,True,flag,False,False
wrong_hardware,928,87,109,False,low,True,True,flag,False,False
wrong_hardware,929,87,92,False,high,True,True,reject,True,False
wrong_hardware,929,87,85,True,high,True,True,accept,False,False
wrong_hardware,929,87,51,False,high,True,True,reject,True,False
wrong_hardware,929,87,109,False,high,True,True,reject,True,False
wrong_hardware,930,51,92,False,high,True,True,reject,True,False
wrong_hardware,930,51,85,False,high,True,True,reject,True,False
wrong_hardware,930,51,87,False,high,True,True,reject,True,False
wrong_hardware,930,51,109,True,high,True,True,accept,False,False
wrong_hardware,931,92,85,True,high,True,True,accept,False,False
wrong_hardware,931,92,87,False,high,True,True,reject,True,False
wrong_hardware,931,92,51,False,high,True,True,reject,True,False
wrong_hardware,931,92,109,False,high,True,True,reject,True,False
wrong_hardware,932,92,85,True,high,True,True,accept,False,False
wrong_hardware,932,92,87,False,high,True,True,reject,True,False
wrong_hardware,932,92,51,False,high,True,True,reject,True,False
wrong_hardware,932,92,109,False,high,True,True,reject,True,False
wrong_hardware,933,85,92,False,high,True,True,reject,True,False
wrong_hardware,933,85,87,False,high,True,True,reject,True,False
wrong_hardware,933,85,51,False,high,True,True,reject,True,False
wrong_hardware,933,85,109,False,high,True,True,reject,True,False
wrong_hardware,934,87,92,False,high,True,True,reject,True,False
wrong_hardware,934,87,85,False,high,True,True,reject,True,False
wrong_hardware,934,87,51,False,high,True,True,reject,True,False
wrong_hardware,934,87,109,True,high,True,True,accept,False,False
wrong_hardware,935,85,92,False,high,True,True,reject,True,False
wrong_hardware,935,85,87,True,high,True,True,accept,False,False
wrong_hardware,935,85,51,False,high,True,True,reject,True,False
wrong_hardware,935,85,109,False,high,True,True,reject,True,False
wrong_hardware,936,87,92,False,middle,True,True,flag,False,False
wrong_hardware,936,87,85,False,middle,True,True,flag,False,False
wrong_hardware,936,87,51,False,middle,True,True,flag,False,False
wrong_hardware,936,87,109,False,middle,True,True,flag,False,False
wrong_hardware,937,85,92,False,high,True,True,reject,True,False
wrong_hardware,937,85,87,True,high,True,True,accept,False,False
wrong_hardware,937,85,51,False,high,True,True,reject,True,False
wrong_hardware,937,85,109,False,high,True,True,reject,True,False
wrong_hardware,938,51,92,False,middle,True,True,flag,False,False
wrong_hardware,938,51,85,False,middle,True,True,flag,False,False
wrong_hardware,938,51,87,True,middle,True,True,flag,False,False
wrong_hardware,938,51,109,False,middle,True,True,flag,False,False
wrong_hardware,939,109,92,True,high,True,True,accept,False,False
wrong_hardware,939,109,85,False,high,True,True,reject,True,False
wrong_hardware,939,109,87,False,high,True,True,reject,True,False
wrong_hardware,939,109,51,False,high,True,True,reject,True,False
wrong_hardware,940,92,85,False,low,True,True,flag,False,False
wrong_hardware,940,92,87,False,low,True,True,flag,False,False
wrong_hardware,940,92,51,False,low,True,True,flag,False,False
wrong_hardware,940,92,109,True,low,True,True,flag,False,False
wrong_hardware,941,109,92,False,high,True,True,reject,True,False
wrong_hardware,941,109,85,False,high,True,True,reject,True,False
wrong_hardware,941,109,87,True,high,True,True,accept,False,False
wrong_hardware,941,109,51,False,high,True,True,reject,True,False
wrong_hardware,942,87,92,False,low,True,True,flag,False,False
wrong_hardware,942,87,85,False,low,True,True,flag,False,False
wrong_hardware,942,87,51,False,low,True,True,flag,False,False
wrong_hardware,942,87,109,True,low,True,True,flag,False,False
wrong_hardware,943,85,92,False,high,True,True,reject,True,False
wrong_hardware,943,85,87,False,high,True,True,reject,True,False
wrong_hardware,943,85,51,False,high,True,True,reject,True,False
wrong_hardware,943,85,109,True,high,True,True,accept,False,False
wrong_hardware,944,85,92,False,high,True,True,reject,True,False
wrong_hardware,944,85,87,True,high,True,True,accept,False,False
wrong_hardware,944,85,51,False,high,True,True,reject,True,False
wrong_hardware,944,85,109,False,high,True,True,reject,True,False
wrong_hardware,945,85,92,False,low,True,True,flag,False,False
wrong_hardware,945,85,87,False,low,True,True,flag,False,False
wrong_hardware,945,85,51,False,low,True,True,flag,False,False
wrong_hardware,945,85,109,False,low,True,True,flag,False,False
wrong_hardware,946,85,92,False,high,True,True,reject,True,False
wrong_hardware,946,85,87,False,high,True,True,reject,True,False
wrong_hardware,946,85,51,False,high,True,True,reject,True,False
wrong_hardware,946,85,109,False,high,True,True,reject,True,False
wrong_hardware,947,51,92,False,low,True,True,flag,False,False
wrong_hardware,947,51,85,False,low,True,True,flag,False,False
wrong_hardware,947,51,87,False,low,True,True,flag,False,False
wrong_hardware,947,51,109,False,low,True,True,flag,False,False
wrong_hardware,948,92,85,False,high,True,True,reject,True,False
wrong_hardware,948,92,87,True,high,True,True,accept,False,False
wrong_hardware,948,92,51,False,high,True,True,reject,True,False
wrong_hardware,948,92,109,False,high,True,True,reject,True,False
wrong_hardware,949,85,92,False,low,True,True,flag,False,False
wrong_hardware,949,85,87,True,low,True,True,flag,False,False
wrong_hardware,949,85,51,False,low,True,True,flag,False,False
wrong_hardware,949,85,109,False,low,True,True,flag,False,False
wrong_hardware,950,87,92,False,high,True,True,reject,True,False
wrong_hardware,950,87,85,False,high,True,True,reject,True,False
wrong_hardware,950,87,51,False,high,True,True,reject,True,False
wrong_hardware,950,87,109,True,high,True,True,accept,False,False
wrong_hardware,951,51,92,False,low,True,True,flag,False,False
wrong_hardware,951,51,85,False,low,True,True,flag,False,False
wrong_hardware,951,51,87,True,low,True,True,flag,False,False
wrong_hardware,951,51,109,False,low,True,True,flag,False,False
wrong_hardware,952,85,92,True,low,True,True,flag,False,False
wrong_hardware,952,85,87,False,low,True,True,flag,False,False
wrong_hardware,952,85,51,False,low,True,True,flag,False,False
wrong_hardware,952,85,109,False,low,True,True,flag,False,False
wrong_hardware,953,85,92,False,low,True,True,flag,False,False
wrong_hardware,953,85,87,False,low,True,True,flag,False,False
wrong_hardware,953,85,51,False,low,True,True,flag,False,False
wrong_hardware,953,85,109,False,low,True,True,flag,False,False
wrong_hardware,954,85,92,False,middle,True,True,flag,False,False
wrong_hardware,954,85,87,False,middle,True,True,flag,False,False
wrong_hardware,954,85,51,False,middle,True,True,flag,False,False
wrong_hardware,954,85,109,False,middle,True,True,flag,False,False
wrong_hardware,955,85,92,False,middle,True,True,flag,False,False
wrong_hardware,955,85,87,False,middle,True,True,flag,False,False
wrong_hardware,955,85,51,False,middle,True,True,flag,False,False
wrong_hardware,955,85,109,False,middle,True,True,flag,False,False
wrong_hardware,956,109,92,False,middle,True,True,flag,False,False
wrong_hardware,956,109,85,False,middle,True,True,flag,False,False
wrong_hardware,956,109,87,False,middle,True,True,flag,False,False
wrong_hardware,956,109,51,True,middle,True,True,flag,False,False
wrong_hardware,957,85,92,False,high,True,True,reject,True,False
wrong_hardware,957,85,87,False,high,True,True,reject,True,False
wrong_hardware,957,85,51,False,high,True,True,reject,True,False
wrong_hardware,957,85,109,False,high,True,True,reject,True,False
wrong_hardware,958,87,92,False,low,True,True,flag,False,False
wrong_hardware,958,87,85,True,low,True,True,flag,False,False
wrong_hardware,958,87,51,False,low,True,True,flag,False,False
wrong_hardware,958,87,109,False,low,True,True,flag,False,False
wrong_hardware,959,85,92,False,low,True,True,flag,False,False
wrong_hardware,959,85,87,True,low,True,True,flag,False,False
wrong_hardware,959,85,51,False,low,True,True,flag,False,False
wrong_hardware,959,85,109,False,low,True,True,flag,False,False
wrong_hardware,960,109,92,False,middle,True,True,flag,False,False
wrong_hardware,960,109,85,True,middle,True,True,flag,False,False
wrong_hardware,960,109,87,False,middle,True,True,flag,False,False
wrong_hardware,960,109,51,False,middle,True,True,flag,False,False
wrong_hardware,961,85,92,False,middle,True,True,flag,False,False
wrong_hardware,961,85,87,False,middle,True,True,flag,False,False
wrong_hardware,961,85,51,False,middle,True,True,flag,False,False
wrong_hardware,961,85,109,False,middle,True,True,flag,False,False
wrong_hardware,962,87,92,False,low,True,True,flag,False,False
wrong_hardware,962,87,85,False,low,True,True,flag,False,False
wrong_hardware,962,87,51,False,low,True,True,flag,False,False
wrong_hardware,962,87,109,True,low,True,True,flag,False,False
wrong_hardware,963,85,92,True,middle,True,True,flag,False,False
wrong_hardware,963,85,87,False,middle,True,True,flag,False,False
wrong_hardware,963,85,51,False,middle,True,True,flag,False,False
wrong_hardware,963,85,109,False,middle,True,True,flag,False,False
wrong_hardware,964,109,92,False,low,True,True,flag,False,False
wrong_hardware,964,109,85,True,low,True,True,flag,False,False
wrong_hardware,964,109,87,False,low,True,True,flag,False,False
wrong_hardware,964,109,51,False,low,True,True,flag,False,False
wrong_hardware,965,92,85,True,low,True,True,flag,False,False
wrong_hardware,965,92,87,False,low,True,True,flag,False,False
wrong_hardware,965,92,51,False,low,True,True,flag,False,False
wrong_hardware,965,92,109,False,low,True,True,flag,False,False
wrong_hardware,966,85,92,False,low,True,True,flag,False,False
wrong_hardware,966,85,87,False,low,True,True,flag,False,False
wrong_hardware,966,85,51,True,low,True,True,flag,False,False
wrong_hardware,966,85,109,False,low,True,True,flag,False,False
wrong_hardware,967,109,92,False,low,True,True,flag,False,False
wrong_hardware,967,109,85,False,low,True,True,flag,False,False
wrong_hardware,967,109,87,True,low,True,True,flag,False,False
wrong_hardware,967,109,51,False,low,True,True,flag,False,False
wrong_hardware,968,85,92,False,middle,True,True,flag,False,False
wrong_hardware,968,85,87,False,middle,True,True,flag,False,False
wrong_hardware,968,85,51,True,middle,True,True,flag,False,False
wrong_hardware,968,85,109,False,middle,True,True,flag,False,False
wrong_hardware,969,51,92,False,middle,True,True,flag,False,False
wrong_hardware,969,51,85,False,middle,True,True,flag,False,False
wrong_hardware,969,51,87,True,middle,True,True,flag,False,False
wrong_hardware,969,51,109,False,middle,True,True,flag,False,False
wrong_hardware,970,92,85,False,low,True,True,flag,False,False
wrong_hardware,970,92,87,False,low,True,True,flag,False,False
wrong_hardware,970,92,51,False,low,True,True,flag,False,False
wrong_hardware,970,92,109,False,low,True,True,flag,False,False
wrong_hardware,971,87,92,False,high,True,True,reject,True,False
wrong_hardware,971,87,85,False,high,True,True,reject,True,False
wrong_hardware,971,87,51,False,high,True,True,reject,True,False
wrong_hardware,971,87,109,True,high,True,True,accept,False,False
wrong_hardware,972,87,92,False,low,True,True,flag,False,False
wrong_hardware,972,87,85,True,low,True,True,flag,False,False
wrong_hardware,972,87,51,False,low,True,True,flag,False,False
wrong_hardware,972,87,109,False,low,True,True,flag,False,False
wrong_hardware,973,87,92,False,low,True,True,flag,False,False
wrong_hardware,973,87,85,False,low,True,True,flag,False,False
wrong_hardware,973,87,51,True,low,True,True,flag,False,False
wrong_hardware,973,87,109,False,low,True,True,flag,False,False
wrong_hardware,974,85,92,False,middle,True,True,flag,False,False
wrong_hardware,974,85,87,False,middle,True,True,flag,False,False
wrong_hardware,974,85,51,False,middle,True,True,flag,False,False
wrong_hardware,974,85,109,True,middle,True,True,flag,False,False
wrong_hardware,975,87,92,False,middle,True,True,flag,False,False
wrong_hardware,975,87,85,False,middle,True,True,flag,False,False
wrong_hardware,975,87,51,True,middle,True,True,flag,False,False
wrong_hardware,975,87,109,False,middle,True,True,flag,False,False
wrong_hardware,976,85,92,False,low,True,True,flag,False,False
wrong_hardware,976,85,87,False,low,True,True,flag,False,False
wrong_hardware,976,85,51,False,low,True,True,flag,False,False
wrong_hardware,976,85,109,True,low,True,True,flag,False,False
wrong_hardware,977,87,92,False,high,True,True,reject,True,False
wrong_hardware,977,87,85,False,high,True,True,reject,True,False
wrong_hardware,977,87,51,False,high,True,True,reject,True,False
wrong_hardware,977,87,109,False,high,True,True,reject,True,False
wrong_hardware,978,87,92,False,high,True,True,reject,True,False
wrong_hardware,978,87,85,False,high,True,True,reject,True,False
wrong_hardware,978,87,51,True,high,True,True,accept,False,False
wrong_hardware,978,87,109,False,high,True,True,reject,True,False
wrong_hardware,979,85,92,False,middle,True,True,flag,False,False
wrong_hardware,979,85,87,False,middle,True,True,flag,False,False
wrong_hardware,979,85,51,False,middle,True,True,flag,False,False
wrong_hardware,979,85,109,False,middle,True,True,flag,False,False
wrong_hardware,980,87,92,False,middle,True,True,flag,False,False
wrong_hardware,980,87,85,False,middle,True,True,flag,False,False
wrong_hardware,980,87,51,False,middle,True,True,flag,False,False
wrong_hardware,980,87,109,True,middle,True,True,flag,False,False
wrong_hardware,981,92,85,True,low,True,True,flag,False,False
wrong_hardware,981,92,87,False,low,True,True,flag,False,False
wrong_hardware,981,92,51,False,low,True,True,flag,False,False
wrong_hardware,981,92,109,False,low,True,True,flag,False,False
wrong_hardware,982,85,92,False,middle,True,True,flag,False,False
wrong_hardware,982,85,87,False,middle,True,True,flag,False,False
wrong_hardware,982,85,51,False,middle,True,True,flag,False,False
wrong_hardware,982,85,109,True,middle,True,True,flag,False,False
wrong_hardware,983,92,85,True,middle,True,True,flag,False,False
wrong_hardware,983,92,87,False,middle,True,True,flag,False,False
wrong_hardware,983,92,51,False,middle,True,True,flag,False,False
wrong_hardware,983,92,109,False,middle,True,True,flag,False,False
wrong_hardware,984,87,92,False,low,True,True,flag,False,False
wrong_hardware,984,87,85,False,low,True,True,flag,False,False
wrong_hardware,984,87,51,False,low,True,True,flag,False,False
wrong_hardware,984,87,109,False,low,True,True,flag,False,False
wrong_hardware,985,92,85,True,high,True,True,accept,False,False
wrong_hardware,985,92,87,False,high,True,True,reject,True,False
wrong_hardware,985,92,51,False,high,True,True,reject,True,False
wrong_hardware,985,92,109,False,high,True,True,reject,True,False
wrong_hardware,986,85,92,True,low,True,True,flag,False,False
wrong_hardware,986,85,87,False,low,True,True,flag,False,False
wrong_hardware,986,85,51,False,low,True,True,flag,False,False
wrong_hardware,986,85,109,False,low,True,True,flag,False,False
wrong_hardware,987,92,85,False,high,True,True,reject,True,False
wrong_hardware,987,92,87,False,high,True,True,reject,True,False
wrong_hardware,987,92,51,True,high,True,True,accept,False,False
wrong_hardware,987,92,109,False,high,True,True,reject,True,False
wrong_hardware,988,51,92,False,low,True,True,flag,False,False
wrong_hardware,988,51,85,True,low,True,True,flag,False,False
wrong_hardware,988,51,87,False,low,True,True,flag,False,False
wrong_hardware,988,51,109,False,low,True,True,flag,False,False
wrong_hardware,989,87,92,True,middle,True,True,flag,False,False
wrong_hardware,989,87,85,False,middle,True,True,flag,False,False
wrong_hardware,989,87,51,False,middle,True,True,flag,False,False
wrong_hardware,989,87,109,False,middle,True,True,flag,False,False
wrong_hardware,990,109,92,False,middle,True,True,flag,False,False
wrong_hardware,990,109,85,False,middle,True,True,flag,False,False
wrong_hardware,990,109,87,False,middle,True,True,flag,False,False
wrong_hardware,990,109,51,False,middle,True,True,flag,False,False
wrong_hardware,991,87,92,False,low,True,True,flag,False,False
wrong_hardware,991,87,85,True,low,True,True,flag,False,False
wrong_hardware,991,87,51,False,low,True,True,flag,False,False
wrong_hardware,991,87,109,False,low,True,True,flag,False,False
wrong_hardware,992,51,92,True,high,True,True,accept,False,False
wrong_hardware,992,51,85,False,high,True,True,reject,True,False
wrong_hardware,992,51,87,False,high,True,True,reject,True,False
wrong_hardware,992,51,109,False,high,True,True,reject,True,False
wrong_hardware,993,51,92,False,low,True,True,flag,False,False
wrong_hardware,993,51,85,False,low,True,True,flag,False,False
wrong_hardware,993,51,87,True,low,True,True,flag,False,False
wrong_hardware,993,51,109,False,low,True,True,flag,False,False
wrong_hardware,994,87,92,True,low,True,True,flag,False,False
wrong_hardware,994,87,85,False,low,True,True,flag,False,False
wrong_hardware,994,87,51,False,low,True,True,flag,False,False
wrong_hardware,994,87,109,False,low,True,True,flag,False,False
wrong_hardware,995,92,85,False,high,True,True,reject,True,False
wrong_hardware,995,92,87,False,high,True,True,reject,True,False
wrong_hardware,995,92,51,False,high,True,True,reject,True,False
wrong_hardware,995,92,109,True,high,True,True,accept,False,False
wrong_hardware,996,92,85,False,middle,True,True,flag,False,False
wrong_hardware,996,92,87,False,middle,True,True,flag,False,False
wrong_hardware,996,92,51,False,middle,True,True,flag,False,False
wrong_hardware,996,92,109,False,middle,True,True,flag,False,False
wrong_hardware,997,92,85,True,middle,True,True,flag,False,False
wrong_hardware,997,92,87,False,middle,True,True,flag,False,False
wrong_hardware,997,92,51,False,middle,True,True,flag,False,False
wrong_hardware,997,92,109,False,middle,True,True,flag,False,False
wrong_hardware,998,51,92,False,high,True,True,reject,True,False
wrong_hardware,998,51,85,True,high,True,True,accept,False,False
wrong_hardware,998,51,87,False,high,True,True,reject,True,False
wrong_hardware,998,51,109,False,high,True,True,reject,True,False
wrong_hardware,999,92,85,True,low,True,True,flag,False,False
wrong_hardware,999,92,87,False,low,True,True,flag,False,False
wrong_hardware,999,92,51,False,low,True,True,flag,False,False
wrong_hardware,999,92,109,False,low,True,True,flag,False,False
wrong_hardware,1000,109,92,False,low,True,True,flag,False,False
wrong_hardware,1000,109,85,False,low,True,True,flag,False,False
wrong_hardware,1000,109,87,True,low,True,True,flag,False,False
wrong_hardware,1000,109,51,False,low,True,True,flag,False,False
wrong_hardware,1001,87,92,False,high,True,True,reject,True,False
wrong_hardware,1001,87,85,False,high,True,True,reject,True,False
wrong_hardware,1001,87,51,False,high,True,True,reject,True,False
wrong_hardware,1001,87,109,False,high,True,True,reject,True,False
wrong_hardware,1002,92,85,False,low,True,True,flag,False,False
wrong_hardware,1002,92,87,False,low,True,True,flag,False,False
wrong_hardware,1002,92,51,True,low,True,True,flag,False,False
wrong_hardware,1002,92,109,False,low,True,True,flag,False,False
wrong_hardware,1003,92,85,False,middle,True,True,flag,False,False
wrong_hardware,1003,92,87,True,middle,True,True,flag,False,False
wrong_hardware,1003,92,51,False,middle,True,True,flag,False,False
wrong_hardware,1003,92,109,False,middle,True,True,flag,False,False
wrong_hardware,1004,51,92,False,middle,True,True,flag,False,False
wrong_hardware,1004,51,85,True,middle,True,True,flag,False,False
wrong_hardware,1004,51,87,False,middle,True,True,flag,False,False
wrong_hardware,1004,51,109,False,middle,True,True,flag,False,False
wrong_hardware,1005,92,85,False,middle,True,True,flag,False,False
wrong_hardware,1005,92,87,False,middle,True,True,flag,False,False
wrong_hardware,1005,92,51,False,middle,True,True,flag,False,False
wrong_hardware,1005,92,109,False,middle,True,True,flag,False,False
wrong_hardware,1006,109,92,False,low,True,True,flag,False,False
wrong_hardware,1006,109,85,False,low,True,True,flag,False,False
wrong_hardware,1006,109,87,True,low,True,True,flag,False,False
wrong_hardware,1006,109,51,False,low,True,True,flag,False,False
wrong_hardware,1007,51,92,False,high,True,True,reject,True,False
wrong_hardware,1007,51,85,True,high,True,True,accept,False,False
wrong_hardware,1007,51,87,False,high,True,True,reject,True,False
wrong_hardware,1007,51,109,False,high,True,True,reject,True,False
wrong_hardware,1008,51,92,False,low,True,True,flag,False,False
wrong_hardware,1008,51,85,False,low,True,True,flag,False,False
wrong_hardware,1008,51,87,False,low,True,True,flag,False,False
wrong_hardware,1008,51,109,False,low,True,True,flag,False,False
wrong_hardware,1009,87,92,False,low,True,True,flag,False,False
wrong_hardware,1009,87,85,False,low,True,True,flag,False,False
wrong_hardware,1009,87,51,False,low,True,True,flag,False,False
wrong_hardware,1009,87,109,False,low,True,True,flag,False,False
wrong_hardware,1010,51,92,False,high,True,True,reject,True,False
wrong_hardware,1010,51,85,False,high,True,True,reject,True,False
wrong_hardware,1010,51,87,False,high,True,True,reject,True,False
wrong_hardware,1010,51,109,True,high,True,True,accept,False,False
wrong_hardware,1011,87,92,False,high,True,True,reject,True,False
wrong_hardware,1011,87,85,True,high,True,True,accept,False,False
wrong_hardware,1011,87,51,False,high,True,True,reject,True,False
wrong_hardware,1011,87,109,False,high,True,True,reject,True,False
wrong_hardware,1012,87,92,False,high,True,True,reject,True,False
wrong_hardware,1012,87,85,False,high,True,True,reject,True,False
wrong_hardware,1012,87,51,True,high,True,True,accept,False,False
wrong_hardware,1012,87,109,False,high,True,True,reject,True,False
wrong_hardware,1013,87,92,False,middle,True,True,flag,False,False
wrong_hardware,1013,87,85,True,middle,True,True,flag,False,False
wrong_hardware,1013,87,51,False,middle,True,True,flag,False,False
wrong_hardware,1013,87,109,False,middle,True,True,flag,False,False
wrong_hardware,1014,85,92,False,middle,True,True,flag,False,False
wrong_hardware,1014,85,87,False,middle,True,True,flag,False,False
wrong_hardware,1014,85,51,False,middle,True,True,flag,False,False
wrong_hardware,1014,85,109,True,middle,True,True,flag,False,False
wrong_hardware,1015,51,92,False,middle,True,True,flag,False,False
wrong_hardware,1015,51,85,True,middle,True,True,flag,False,False
wrong_hardware,1015,51,87,False,middle,True,True,flag,False,False
wrong_hardware,1015,51,109,False,middle,True,True,flag,False,False
wrong_hardware,1016,85,92,True,high,True,True,accept,False,False
wrong_hardware,1016,85,87,False,high,True,True,reject,True,False
wrong_hardware,1016,85,51,False,high,True,True,reject,True,False
wrong_hardware,1016,85,109,False,high,True,True,reject,True,False
wrong_hardware,1017,92,85,False,high,True,True,reject,True,False
wrong_hardware,1017,92,87,False,high,True,True,reject,True,False
wrong_hardware,1017,92,51,True,high,True,True,accept,False,False
wrong_hardware,1017,92,109,False,high,True,True,reject,True,False
wrong_hardware,1018,87,92,False,low,True,True,flag,False,False
wrong_hardware,1018,87,85,False,low,True,True,flag,False,False
wrong_hardware,1018,87,51,False,low,True,True,flag,False,False
wrong_hardware,1018,87,109,False,low,True,True,flag,False,False
wrong_hardware,1019,92,85,False,low,True,True,flag,False,False
wrong_hardware,1019,92,87,True,low,True,True,flag,False,False
wrong_hardware,1019,92,51,False,low,True,True,flag,False,False
wrong_hardware,1019,92,109,False,low,True,True,flag,False,False
wrong_hardware,1020,92,85,False,high,True,True,reject,True,False
wrong_hardware,1020,92,87,False,high,True,True,reject,True,False
wrong_hardware,1020,92,51,False,high,True,True,reject,True,False
wrong_hardware,1020,92,109,False,high,True,True,reject,True,False
wrong_hardware,1021,87,92,False,low,True,True,flag,False,False
wrong_hardware,1021,87,85,False,low,True,True,flag,False,False
wrong_hardware,1021,87,51,True,low,True,True,flag,False,False
wrong_hardware,1021,87,109,False,low,True,True,flag,False,False
wrong_hardware,1022,87,92,False,low,True,True,flag,False,False
wrong_hardware,1022,87,85,True,low,True,True,flag,False,False
wrong_hardware,1022,87,51,False,low,True,True,flag,False,False
wrong_hardware,1022,87,109,False,low,True,True,flag,False,False
wrong_hardware,1023,87,92,False,low,True,True,flag,False,False
wrong_hardware,1023,87,85,False,low,True,True,flag,False,False
wrong_hardware,1023,87,51,True,low,True,True,flag,False,False
wrong_hardware,1023,87,109,False,low,True,True,flag,False,False
wrong_hardware,1024,51,92,True,low,True,True,flag,False,False
wrong_hardware,1024,51,85,False,low,True,True,flag,False,False
wrong_hardware,1024,51,87,False,low,True,True,flag,False,False
wrong_hardware,1024,51,109,False,low,True,True,flag,False,False
wrong_hardware,1025,87,92,False,high,True,True,reject,True,False
wrong_hardware,1025,87,85,True,high,True,True,accept,False,False
wrong_hardware,1025,87,51,False,high,True,True,reject,True,False
wrong_hardware,1025,87,109,False,high,True,True,reject,True,False
wrong_hardware,1026,109,92,False,middle,True,True,flag,False,False
wrong_hardware,1026,109,85,False,middle,True,True,flag,False,False
wrong_hardware,1026,109,87,False,middle,True,True,flag,False,False
wrong_hardware,1026,109,51,False,middle,True,True,flag,False,False
wrong_hardware,1027,92,85,False,low,True,True,flag,False,False
wrong_hardware,1027,92,87,True,low,True,True,flag,False,False
wrong_hardware,1027,92,51,False,low,True,True,flag,False,False
wrong_hardware,1027,92,109,False,low,True,True,flag,False,False
wrong_hardware,1028,92,85,False,high,True,True,reject,True,False
wrong_hardware,1028,92,87,False,high,True,True,reject,True,False
wrong_hardware,1028,92,51,True,high,True,True,accept,False,False
wrong_hardware,1028,92,109,False,high,True,True,reject,True,False
wrong_hardware,1029,92,85,False,middle,True,True,flag,False,False
wrong_hardware,1029,92,87,False,middle,True,True,flag,False,False
wrong_hardware,1029,92,51,False,middle,True,True,flag,False,False
wrong_hardware,1029,92,109,True,middle,True,True,flag,False,False
wrong_hardware,1030,85,92,True,middle,True,True,flag,False,False
wrong_hardware,1030,85,87,False,middle,True,True,flag,False,False
wrong_hardware,1030,85,51,False,middle,True,True,flag,False,False
wrong_hardware,1030,85,109,False,middle,True,True,flag,False,False
wrong_hardware,1031,87,92,True,low,True,True,flag,False,False
wrong_hardware,1031,87,85,False,low,True,True,flag,False,False
wrong_hardware,1031,87,51,False,low,True,True,flag,False,False
wrong_hardware,1031,87,109,False,low,True,True,flag,False,False
wrong_hardware,1032,92,85,False,low,True,True,flag,False,False
wrong_hardware,1032,92,87,False,low,True,True,flag,False,False
wrong_hardware,1032,92,51,True,low,True,True,flag,False,False
wrong_hardware,1032,92,109,False,low,True,True,flag,False,False
wrong_hardware,1033,51,92,False,low,True,True,flag,False,False
wrong_hardware,1033,51,85,False,low,True,True,flag,False,False
wrong_hardware,1033,51,87,False,low,True,True,flag,False,False
wrong_hardware,1033,51,109,True,low,True,True,flag,False,False
wrong_hardware,1034,85,92,False,high,True,True,reject,True,False
wrong_hardware,1034,85,87,True,high,True,True,accept,False,False
wrong_hardware,1034,85,51,False,high,True,True,reject,True,False
wrong_hardware,1034,85,109,False,high,True,True,reject,True,False
wrong_hardware,1035,87,92,False,low,True,True,flag,False,False
wrong_hardware,1035,87,85,False,low,True,True,flag,False,False
wrong_hardware,1035,87,51,False,low,True,True,flag,False,False
wrong_hardware,1035,87,109,False,low,True,True,flag,False,False
wrong_hardware,1036,92,85,False,high,True,True,reject,True,False
wrong_hardware,1036,92,87,False,high,True,True,reject,True,False
wrong_hardware,1036,92,51,False,high,True,True,reject,True,False
wrong_hardware,1036,92,109,True,high,True,True,accept,False,False
wrong_hardware,1037,92,85,True,low,True,True,flag,False,False
wrong_hardware,1037,92,87,False,low,True,True,flag,False,False
wrong_hardware,1037,92,51,False,low,True,True,flag,False,False
wrong_hardware,1037,92,109,False,low,True,True,flag,False,False
wrong_hardware,1038,87,92,False,high,True,True,reject,True,False
wrong_hardware,1038,87,85,False,high,True,True,reject,True,False
wrong_hardware,1038,87,51,False,high,True,True,reject,True,False
wrong_hardware,1038,87,109,True,high,True,True,accept,False,False
wrong_hardware,1039,92,85,True,high,True,True,accept,False,False
wrong_hardware,1039,92,87,False,high,True,True,reject,True,False
wrong_hardware,1039,92,51,False,high,True,True,reject,True,False
wrong_hardware,1039,92,109,False,high,True,True,reject,True,False
wrong_hardware,1040,85,92,False,middle,True,True,flag,False,False
wrong_hardware,1040,85,87,True,middle,True,True,flag,False,False
wrong_hardware,1040,85,51,False,middle,True,True,flag,False,False
wrong_hardware,1040,85,109,False,middle,True,True,flag,False,False
wrong_hardware,1041,109,92,False,high,True,True,reject,True,False
wrong_hardware,1041,109,85,False,high,True,True,reject,True,False
wrong_hardware,1041,109,87,False,high,True,True,reject,True,False
wrong_hardware,1041,109,51,False,high,True,True,reject,True,False
wrong_hardware,1042,87,92,False,high,True,True,reject,True,False
wrong_hardware,1042,87,85,True,high,True,True,accept,False,False
wrong_hardware,1042,87,51,False,high,True,True,reject,True,False
wrong_hardware,1042,87,109,False,high,True,True,reject,True,False
wrong_hardware,1043,85,92,True,low,True,True,flag,False,False
wrong_hardware,1043,85,87,False,low,True,True,flag,False,False
wrong_hardware,1043,85,51,False,low,True,True,flag,False,False
wrong_hardware,1043,85,109,False,low,True,True,flag,False,False
wrong_hardware,1044,51,92,False,low,True,True,flag,False,False
wrong_hardware,1044,51,85,False,low,True,True,flag,False,False
wrong_hardware,1044,51,87,False,low,True,True,flag,False,False
wrong_hardware,1044,51,109,True,low,True,True,flag,False,False
wrong_hardware,1045,87,92,False,high,True,True,reject,True,False
wrong_hardware,1045,87,85,False,high,True,True,reject,True,False
wrong_hardware,1045,87,51,False,high,True,True,reject,True,False
wrong_hardware,1045,87,109,True,high,True,True,accept,False,False
wrong_hardware,1046,51,92,False,high,True,True,reject,True,False
wrong_hardware,1046,51,85,False,high,True,True,reject,True,False
wrong_hardware,1046,51,87,False,high,True,True,reject,True,False
wrong_hardware,1046,51,109,True,high,True,True,accept,False,False
wrong_hardware,1047,87,92,False,low,True,True,flag,False,False
wrong_hardware,1047,87,85,True,low,True,True,flag,False,False
wrong_hardware,1047,87,51,False,low,True,True,flag,False,False
wrong_hardware,1047,87,109,False,low,True,True,flag,False,False
wrong_hardware,1048,51,92,True,middle,True,True,flag,False,False
wrong_hardware,1048,51,85,False,middle,True,True,flag,False,False
wrong_hardware,1048,51,87,False,middle,True,True,flag,False,False
wrong_hardware,1048,51,109,False,middle,True,True,flag,False,False
wrong_hardware,1049,87,92,False,high,True,True,reject,True,False
wrong_hardware,1049,87,85,True,high,True,True,accept,False,False
wrong_hardware,1049,87,51,False,high,True,True,reject,True,False
wrong_hardware,1049,87,109,False,high,True,True,reject,True,False
wrong_hardware,1050,87,92,False,middle,True,True,flag,False,False
wrong_hardware,1050,87,85,False,middle,True,True,flag,False,False
wrong_hardware,1050,87,51,True,middle,True,True,flag,False,False
wrong_hardware,1050,87,109,False,middle,True,True,flag,False,False
wrong_hardware,1051,87,92,False,low,True,True,flag,False,False
wrong_hardware,1051,87,85,True,low,True,True,flag,False,False
wrong_hardware,1051,87,51,False,low,True,True,flag,False,False
wrong_hardware,1051,87,109,False,low,True,True,flag,False,False
wrong_hardware,1052,85,92,False,low,True,True,flag,False,False
wrong_hardware,1052,85,87,False,low,True,True,flag,False,False
wrong_hardware,1052,85,51,False,low,True,True,flag,False,False
wrong_hardware,1052,85,109,False,low,True,True,flag,False,False
wrong_hardware,1053,92,85,False,low,True,True,flag,False,False
wrong_hardware,1053,92,87,False,low,True,True,flag,False,False
wrong_hardware,1053,92,51,True,low,True,True,flag,False,False
wrong_hardware,1053,92,109,False,low,True,True,flag,False,False
wrong_hardware,1054,92,85,True,middle,True,True,flag,False,False
wrong_hardware,1054,92,87,False,middle,True,True,flag,False,False
wrong_hardware,1054,92,51,False,middle,True,True,flag,False,False
wrong_hardware,1054,92,109,False,middle,True,True,flag,False,False
wrong_hardware,1055,85,92,False,high,True,True,reject,True,False
wrong_hardware,1055,85,87,True,high,True,True,accept,False,False
wrong_hardware,1055,85,51,False,high,True,True,reject,True,False
wrong_hardware,1055,85,109,False,high,True,True,reject,True,False
wrong_hardware,1056,92,85,False,low,True,True,flag,False,False
wrong_hardware,1056,92,87,False,low,True,True,flag,False,False
wrong_hardware,1056,92,51,False,low,True,True,flag,False,False
wrong_hardware,1056,92,109,True,low,True,True,flag,False,False
wrong_hardware,1057,92,85,False,low,True,True,flag,False,False
wrong_hardware,1057,92,87,True,low,True,True,flag,False,False
wrong_hardware,1057,92,51,False,low,True,True,flag,False,False
wrong_hardware,1057,92,109,False,low,True,True,flag,False,False
wrong_hardware,1058,85,92,False,low,True,True,flag,False,False
wrong_hardware,1058,85,87,True,low,True,True,flag,False,False
wrong_hardware,1058,85,51,False,low,True,True,flag,False,False
wrong_hardware,1058,85,109,False,low,True,True,flag,False,False
wrong_hardware,1059,85,92,False,high,True,True,reject,True,False
wrong_hardware,1059,85,87,False,high,True,True,reject,True,False
wrong_hardware,1059,85,51,False,high,True,True,reject,True,False
wrong_hardware,1059,85,109,False,high,True,True,reject,True,False
wrong_hardware,1060,92,85,False,low,True,True,flag,False,False
wrong_hardware,1060,92,87,False,low,True,True,flag,False,False
wrong_hardware,1060,92,51,False,low,True,True,flag,False,False
wrong_hardware,1060,92,109,True,low,True,True,flag,False,False
wrong_hardware,1061,85,92,True,high,True,True,accept,False,False
wrong_hardware,1061,85,87,False,high,True,True,reject,True,False
wrong_hardware,1061,85,51,False,high,True,True,reject,True,False
wrong_hardware,1061,85,109,False,high,True,True,reject,True,False
wrong_hardware,1062,87,92,False,low,True,True,flag,False,False
wrong_hardware,1062,87,85,False,low,True,True,flag,False,False
wrong_hardware,1062,87,51,True,low,True,True,flag,False,False
wrong_hardware,1062,87,109,False,low,True,True,flag,False,False
wrong_hardware,1063,92,85,True,high,True,True,accept,False,False
wrong_hardware,1063,92,87,False,high,True,True,reject,True,False
wrong_hardware,1063,92,51,False,high,True,True,reject,True,False
wrong_hardware,1063,92,109,False,high,True,True,reject,True,False
wrong_hardware,1064,87,92,False,middle,True,True,flag,False,False
wrong_hardware,1064,87,85,False,middle,True,True,flag,False,False
wrong_hardware,1064,87,51,False,middle,True,True,flag,False,False
wrong_hardware,1064,87,109,False,middle,True,True,flag,False,False
wrong_hardware,1065,92,85,True,low,True,True,flag,False,False
wrong_hardware,1065,92,87,False,low,True,True,flag,False,False
wrong_hardware,1065,92,51,False,low,True,True,flag,False,False
wrong_hardware,1065,92,109,False,low,True,True,flag,False,False
wrong_hardware,1066,85,92,False,low,True,True,flag,False,False
wrong_hardware,1066,85,87,False,low,True,True,flag,False,False
wrong_hardware,1066,85,51,False,low,True,True,flag,False,False
wrong_hardware,1066,85,109,False,low,True,True,flag,False,False
wrong_hardware,1067,109,92,False,high,True,True,reject,True,False
wrong_hardware,1067,109,85,False,high,True,True,reject,True,False
wrong_hardware,1067,109,87,False,high,True,True,reject,True,False
wrong_hardware,1067,109,51,False,high,True,True,reject,True,False
wrong_hardware,1068,109,92,False,high,True,True,reject,True,False
wrong_hardware,1068,109,85,False,high,True,True,reject,True,False
wrong_hardware,1068,109,87,False,high,True,True,reject,True,False
wrong_hardware,1068,109,51,False,high,True,True,reject,True,False
wrong_hardware,1069,92,85,False,middle,True,True,flag,False,False
wrong_hardware,1069,92,87,False,middle,True,True,flag,False,False
wrong_hardware,1069,92,51,False,middle,True,True,flag,False,False
wrong_hardware,1069,92,109,False,middle,True,True,flag,False,False
wrong_hardware,1070,92,85,False,low,True,True,flag,False,False
wrong_hardware,1070,92,87,False,low,True,True,flag,False,False
wrong_hardware,1070,92,51,False,low,True,True,flag,False,False
wrong_hardware,1070,92,109,True,low,True,True,flag,False,False
wrong_hardware,1071,92,85,True,low,True,True,flag,False,False
wrong_hardware,1071,92,87,False,low,True,True,flag,False,False
wrong_hardware,1071,92,51,False,low,True,True,flag,False,False
wrong_hardware,1071,92,109,False,low,True,True,flag,False,False
wrong_hardware,1072,85,92,False,middle,True,True,flag,False,False
wrong_hardware,1072,85,87,False,middle,True,True,flag,False,False
wrong_hardware,1072,85,51,True,middle,True,True,flag,False,False
wrong_hardware,1072,85,109,False,middle,True,True,flag,False,False
wrong_hardware,1073,87,92,False,high,True,True,reject,True,False
wrong_hardware,1073,87,85,False,high,True,True,reject,True,False
wrong_hardware,1073,87,51,False,high,True,True,reject,True,False
wrong_hardware,1073,87,109,True,high,True,True,accept,False,False
wrong_hardware,1074,92,85,False,low,True,True,flag,False,False
wrong_hardware,1074,92,87,True,low,True,True,flag,False,False
wrong_hardware,1074,92,51,False,low,True,True,flag,False,False
wrong_hardware,1074,92,109,False,low,True,True,flag,False,False
wrong_hardware,1075,51,92,True,high,True,True,accept,False,False
wrong_hardware,1075,51,85,False,high,True,True,reject,True,False
wrong_hardware,1075,51,87,False,high,True,True,reject,True,False
wrong_hardware,1075,51,109,False,high,True,True,reject,True,False
wrong_hardware,1076,87,92,False,high,True,True,reject,True,False
wrong_hardware,1076,87,85,False,high,True,True,reject,True,False
wrong_hardware,1076,87,51,False,high,True,True,reject,True,False
wrong_hardware,1076,87,109,True,high,True,True,accept,False,False
wrong_hardware,1077,51,92,True,low,True,True,flag,False,False
wrong_hardware,1077,51,85,False,low,True,True,flag,False,False
wrong_hardware,1077,51,87,False,low,True,True,flag,False,False
wrong_hardware,1077,51,109,False,low,True,True,flag,False,False
wrong_hardware,1078,92,85,True,low,True,True,flag,False,False
wrong_hardware,1078,92,87,False,low,True,True,flag,False,False
wrong_hardware,1078,92,51,False,low,True,True,flag,False,False
wrong_hardware,1078,92,109,False,low,True,True,flag,False,False
wrong_hardware,1079,87,92,False,low,True,True,flag,False,False
wrong_hardware,1079,87,85,False,low,True,True,flag,False,False
wrong_hardware,1079,87,51,False,low,True,True,flag,False,False
wrong_hardware,1079,87,109,True,low,True,True,flag,False,False
wrong_hardware,1080,85,92,False,high,True,True,reject,True,False
wrong_hardware,1080,85,87,False,high,True,True,reject,True,False
wrong_hardware,1080,85,51,False,high,True,True,reject,True,False
wrong_hardware,1080,85,109,False,high,True,True,reject,True,False
wrong_hardware,1081,92,85,False,low,True,True,flag,False,False
wrong_hardware,1081,92,87,False,low,True,True,flag,False,False
wrong_hardware,1081,92,51,False,low,True,True,flag,False,False
wrong_hardware,1081,92,109,False,low,True,True,flag,False,False
wrong_hardware,1082,51,92,False,low,True,True,flag,False,False
wrong_hardware,1082,51,85,False,low,True,True,flag,False,False
wrong_hardware,1082,51,87,True,low,True,True,flag,False,False
wrong_hardware,1082,51,109,False,low,True,True,flag,False,False
wrong_hardware,1083,51,92,False,low,True,True,flag,False,False
wrong_hardware,1083,51,85,False,low,True,True,flag,False,False
wrong_hardware,1083,51,87,False,low,True,True,flag,False,False
wrong_hardware,1083,51,109,True,low,True,True,flag,False,False
wrong_hardware,1084,87,92,False,low,True,True,flag,False,False
wrong_hardware,1084,87,85,False,low,True,True,flag,False,False
wrong_hardware,1084,87,51,False,low,True,True,flag,False,False
wrong_hardware,1084,87,109,True,low,True,True,flag,False,False
wrong_hardware,1085,87,92,False,low,True,True,flag,False,False
wrong_hardware,1085,87,85,True,low,True,True,flag,False,False
wrong_hardware,1085,87,51,False,low,True,True,flag,False,False
wrong_hardware,1085,87,109,False,low,True,True,flag,False,False
wrong_hardware,1086,85,92,True,high,True,True,accept,False,False
wrong_hardware,1086,85,87,False,high,True,True,reject,True,False
wrong_hardware,1086,85,51,False,high,True,True,reject,True,False
wrong_hardware,1086,85,109,False,high,True,True,reject,True,False
wrong_hardware,1087,87,92,True,low,True,True,flag,False,False
wrong_hardware,1087,87,85,False,low,True,True,flag,False,False
wrong_hardware,1087,87,51,False,low,True,True,flag,False,False
wrong_hardware,1087,87,109,False,low,True,True,flag,False,False
wrong_hardware,1088,85,92,False,high,True,True,reject,True,False
wrong_hardware,1088,85,87,False,high,True,True,reject,True,False
wrong_hardware,1088,85,51,False,high,True,True,reject,True,False
wrong_hardware,1088,85,109,False,high,True,True,reject,True,False
wrong_hardware,1089,109,92,False,low,True,True,flag,False,False
wrong_hardware,1089,109,85,False,low,True,True,flag,False,False
wrong_hardware,1089,109,87,False,low,True,True,flag,False,False
wrong_hardware,1089,109,51,False,low,True,True,flag,False,False
wrong_hardware,1090,87,92,False,low,True,True,flag,False,False
wrong_hardware,1090,87,85,False,low,True,True,flag,False,False
wrong_hardware,1090,87,51,False,low,True,True,flag,False,False
wrong_hardware,1090,87,109,True,low,True,True,flag,False,False
wrong_hardware,1091,87,92,False,high,True,True,reject,True,False
wrong_hardware,1091,87,85,True,high,True,True,accept,False,False
wrong_hardware,1091,87,51,False,high,True,True,reject,True,False
wrong_hardware,1091,87,109,False,high,True,True,reject,True,False
wrong_hardware,1092,87,92,False,middle,True,True,flag,False,False
wrong_hardware,1092,87,85,False,middle,True,True,flag,False,False
wrong_hardware,1092,87,51,False,middle,True,True,flag,False,False
wrong_hardware,1092,87,109,True,middle,True,True,flag,False,False
wrong_hardware,1093,85,92,False,high,True,True,reject,True,False
wrong_hardware,1093,85,87,False,high,True,True,reject,True,False
wrong_hardware,1093,85,51,False,high,True,True,reject,True,False
wrong_hardware,1093,85,109,False,high,True,True,reject,True,False
wrong_hardware,1094,85,92,True,middle,True,True,flag,False,False
wrong_hardware,1094,85,87,False,middle,True,True,flag,False,False
wrong_hardware,1094,85,51,False,middle,True,True,flag,False,False
wrong_hardware,1094,85,109,False,middle,True,True,flag,False,False
wrong_hardware,1095,92,85,True,high,True,True,accept,False,False
wrong_hardware,1095,92,87,False,high,True,True,reject,True,False
wrong_hardware,1095,92,51,False,high,True,True,reject,True,False
wrong_hardware,1095,92,109,False,high,True,True,reject,True,False
wrong_hardware,1096,87,92,False,high,True,True,reject,True,False
wrong_hardware,1096,87,85,False,high,True,True,reject,True,False
wrong_hardware,1096,87,51,False,high,True,True,reject,True,False
wrong_hardware,1096,87,109,False,high,True,True,reject,True,False
wrong_hardware,1097,109,92,False,low,True,True,flag,False,False
wrong_hardware,1097,109,85,True,low,True,True,flag,False,False
wrong_hardware,1097,109,87,False,low,True,True,flag,False,False
wrong_hardware,1097,109,51,False,low,True,True,flag,False,False
wrong_hardware,1098,109,92,False,low,True,True,flag,False,False
wrong_hardware,1098,109,85,False,low,True,True,flag,False,False
wrong_hardware,1098,109,87,True,low,True,True,flag,False,False
wrong_hardware,1098,109,51,False,low,True,True,flag,False,False
wrong_hardware,1099,85,92,False,high,True,True,reject,True,False
wrong_hardware,1099,85,87,False,high,True,True,reject,True,False
wrong_hardware,1099,85,51,False,high,True,True,reject,True,False
wrong_hardware,1099,85,109,False,high,True,True,reject,True,False
wrong_hardware,1100,109,92,False,high,True,True,reject,True,False
wrong_hardware,1100,109,85,False,high,True,True,reject,True,False
wrong_hardware,1100,109,87,True,high,True,True,accept,False,False
wrong_hardware,1100,109,51,False,high,True,True,reject,True,False
wrong_hardware,1101,85,92,False,middle,True,True,flag,False,False
wrong_hardware,1101,85,87,True,middle,True,True,flag,False,False
wrong_hardware,1101,85,51,False,middle,True,True,flag,False,False
wrong_hardware,1101,85,109,False,middle,True,True,flag,False,False
wrong_hardware,1102,92,85,False,high,True,True,reject,True,False
wrong_hardware,1102,92,87,False,high,True,True,reject,True,False
wrong_hardware,1102,92,51,False,high,True,True,reject,True,False
wrong_hardware,1102,92,109,False,high,True,True,reject,True,False
wrong_hardware,1103,87,92,False,middle,True,True,flag,False,False
wrong_hardware,1103,87,85,False,middle,True,True,flag,False,False
wrong_hardware,1103,87,51,False,middle,True,True,flag,False,False
wrong_hardware,1103,87,109,True,middle,True,True,flag,False,False
wrong_hardware,1104,109,92,False,low,True,True,flag,False,False
wrong_hardware,1104,109,85,False,low,True,True,flag,False,False
wrong_hardware,1104,109,87,False,low,True,True,flag,False,False
wrong_hardware,1104,109,51,True,low,True,True,flag,False,False
wrong_hardware,1105,109,92,False,low,True,True,flag,False,False
wrong_hardware,1105,109,85,False,low,True,True,flag,False,False
wrong_hardware,1105,109,87,False,low,True,True,flag,False,False
wrong_hardware,1105,109,51,True,low,True,True,flag,False,False
wrong_hardware,1106,51,92,False,middle,True,True,flag,False,False
wrong_hardware,1106,51,85,False,middle,True,True,flag,False,False
wrong_hardware,1106,51,87,False,middle,True,True,flag,False,False
wrong_hardware,1106,51,109,True,middle,True,True,flag,False,False
wrong_hardware,1107,85,92,False,low,True,True,flag,False,False
wrong_hardware,1107,85,87,False,low,True,True,flag,False,False
wrong_hardware,1107,85,51,True,low,True,True,flag,False,False
wrong_hardware,1107,85,109,False,low,True,True,flag,False,False
wrong_hardware,1108,92,85,False,middle,True,True,flag,False,False
wrong_hardware,1108,92,87,True,middle,True,True,flag,False,False
wrong_hardware,1108,92,51,False,middle,True,True,flag,False,False
wrong_hardware,1108,92,109,False,middle,True,True,flag,False,False
wrong_hardware,1109,51,92,True,low,True,True,flag,False,False
wrong_hardware,1109,51,85,False,low,True,True,flag,False,False
wrong_hardware,1109,51,87,False,low,True,True,flag,False,False
wrong_hardware,1109,51,109,False,low,True,True,flag,False,False
wrong_hardware,1110,51,92,True,high,True,True,accept,False,False
wrong_hardware,1110,51,85,False,high,True,True,reject,True,False
wrong_hardware,1110,51,87,False,high,True,True,reject,True,False
wrong_hardware,1110,51,109,False,high,True,True,reject,True,False
wrong_hardware,1111,92,85,False,middle,True,True,flag,False,False
wrong_hardware,1111,92,87,True,middle,True,True,flag,False,False
wrong_hardware,1111,92,51,False,middle,True,True,flag,False,False
wrong_hardware,1111,92,109,False,middle,True,True,flag,False,False
wrong_hardware,1112,92,85,True,high,True,True,accept,False,False
wrong_hardware,1112,92,87,False,high,True,True,reject,True,False
wrong_hardware,1112,92,51,False,high,True,True,reject,True,False
wrong_hardware,1112,92,109,False,high,True,True,reject,True,False
wrong_hardware,1113,85,92,False,high,True,True,reject,True,False
wrong_hardware,1113,85,87,False,high,True,True,reject,True,False
wrong_hardware,1113,85,51,False,high,True,True,reject,True,False
wrong_hardware,1113,85,109,True,high,True,True,accept,False,False
wrong_hardware,1114,51,92,False,low,True,True,flag,False,False
wrong_hardware,1114,51,85,False,low,True,True,flag,False,False
wrong_hardware,1114,51,87,False,low,True,True,flag,False,False
wrong_hardware,1114,51,109,False,low,True,True,flag,False,False
wrong_hardware,1115,87,92,False,middle,True,True,flag,False,False
wrong_hardware,1115,87,85,False,middle,True,True,flag,False,False
wrong_hardware,1115,87,51,True,middle,True,True,flag,False,False
wrong_hardware,1115,87,109,False,middle,True,True,flag,False,False
wrong_hardware,1116,87,92,False,low,True,True,flag,False,False
wrong_hardware,1116,87,85,True,low,True,True,flag,False,False
wrong_hardware,1116,87,51,False,low,True,True,flag,False,False
wrong_hardware,1116,87,109,False,low,True,True,flag,False,False
wrong_hardware,1117,87,92,False,high,True,True,reject,True,False
wrong_hardware,1117,87,85,False,high,True,True,reject,True,False
wrong_hardware,1117,87,51,False,high,True,True,reject,True,False
wrong_hardware,1117,87,109,False,high,True,True,reject,True,False
wrong_hardware,1118,85,92,False,high,True,True,reject,True,False
wrong_hardware,1118,85,87,True,high,True,True,accept,False,False
wrong_hardware,1118,85,51,False,high,True,True,reject,True,False
wrong_hardware,1118,85,109,False,high,True,True,reject,True,False
wrong_hardware,1119,92,85,True,low,True,True,flag,False,False
wrong_hardware,1119,92,87,False,low,True,True,flag,False,False
wrong_hardware,1119,92,51,False,low,True,True,flag,False,False
wrong_hardware,1119,92,109,False,low,True,True,flag,False,False
wrong_hardware,1120,92,85,False,low,True,True,flag,False,False
wrong_hardware,1120,92,87,False,low,True,True,flag,False,False
wrong_hardware,1120,92,51,False,low,True,True,flag,False,False
wrong_hardware,1120,92,109,True,low,True,True,flag,False,False
wrong_hardware,1121,92,85,False,middle,True,True,flag,False,False
wrong_hardware,1121,92,87,True,middle,True,True,flag,False,False
wrong_hardware,1121,92,51,False,middle,True,True,flag,False,False
wrong_hardware,1121,92,109,False,middle,True,True,flag,False,False
wrong_hardware,1122,51,92,False,high,True,True,reject,True,False
wrong_hardware,1122,51,85,False,high,True,True,reject,True,False
wrong_hardware,1122,51,87,True,high,True,True,accept,False,False
wrong_hardware,1122,51,109,False,high,True,True,reject,True,False
wrong_hardware,1123,109,92,False,middle,True,True,flag,False,False
wrong_hardware,1123,109,85,False,middle,True,True,flag,False,False
wrong_hardware,1123,109,87,False,middle,True,True,flag,False,False
wrong_hardware,1123,109,51,False,middle,True,True,flag,False,False
wrong_hardware,1124,51,92,True,middle,True,True,flag,False,False
wrong_hardware,1124,51,85,False,middle,True,True,flag,False,False
wrong_hardware,1124,51,87,False,middle,True,True,flag,False,False
wrong_hardware,1124,51,109,False,middle,True,True,flag,False,False
wrong_hardware,1125,87,92,False,low,True,True,flag,False,False
wrong_hardware,1125,87,85,False,low,True,True,flag,False,False
wrong_hardware,1125,87,51,True,low,True,True,flag,False,False
wrong_hardware,1125,87,109,False,low,True,True,flag,False,False
wrong_hardware,1126,87,92,False,low,True,True,flag,False,False
wrong_hardware,1126,87,85,False,low,True,True,flag,False,False
wrong_hardware,1126,87,51,False,low,True,True,flag,False,False
wrong_hardware,1126,87,109,False,low,True,True,flag,False,False
wrong_hardware,1127,92,85,False,high,True,True,reject,True,False
wrong_hardware,1127,92,87,False,high,True,True,reject,True,False
wrong_hardware,1127,92,51,False,high,True,True,reject,True,False
wrong_hardware,1127,92,109,False,high,True,True,reject,True,False
wrong_hardware,1128,109,92,False,high,True,True,reject,True,False
wrong_hardware,1128,109,85,True,high,True,True,accept,False,False
wrong_hardware,1128,109,87,False,high,True,True,reject,True,False
wrong_hardware,1128,109,51,False,high,True,True,reject,True,False
wrong_hardware,1129,109,92,False,middle,True,True,flag,False,False
wrong_hardware,1129,109,85,False,middle,True,True,flag,False,False
wrong_hardware,1129,109,87,True,middle,True,True,flag,False,False
wrong_hardware,1129,109,51,False,middle,True,True,flag,False,False
wrong_hardware,1130,51,92,False,middle,True,True,flag,False,False
wrong_hardware,1130,51,85,False,middle,True,True,flag,False,False
wrong_hardware,1130,51,87,False,middle,True,True,flag,False,False
wrong_hardware,1130,51,109,False,middle,True,True,flag,False,False
wrong_hardware,1131,85,92,True,low,True,True,flag,False,False
wrong_hardware,1131,85,87,False,low,True,True,flag,False,False
wrong_hardware,1131,85,51,False,low,True,True,flag,False,False
wrong_hardware,1131,85,109,False,low,True,True,flag,False,False
wrong_hardware,1132,85,92,False,low,True,True,flag,False,False
wrong_hardware,1132,85,87,True,low,True,True,flag,False,False
wrong_hardware,1132,85,51,False,low,True,True,flag,False,False
wrong_hardware,1132,85,109,False,low,True,True,flag,False,False
wrong_hardware,1133,85,92,False,high,True,True,reject,True,False
wrong_hardware,1133,85,87,False,high,True,True,reject,True,False
wrong_hardware,1133,85,51,False,high,True,True,reject,True,False
wrong_hardware,1133,85,109,False,high,True,True,reject,True,False
wrong_hardware,1134,85,92,False,low,True,True,flag,False,False
wrong_hardware,1134,85,87,False,low,True,True,flag,False,False
wrong_hardware,1134,85,51,False,low,True,True,flag,False,False
wrong_hardware,1134,85,109,False,low,True,True,flag,False,False
wrong_hardware,1135,87,92,True,middle,True,True,flag,False,False
wrong_hardware,1135,87,85,False,middle,True,True,flag,False,False
wrong_hardware,1135,87,51,False,middle,True,True,flag,False,False
wrong_hardware,1135,87,109,False,middle,True,True,flag,False,False
wrong_hardware,1136,109,92,False,middle,True,True,flag,False,False
wrong_hardware,1136,109,85,False,middle,True,True,flag,False,False
wrong_hardware,1136,109,87,True,middle,True,True,flag,False,False
wrong_hardware,1136,109,51,False,middle,True,True,flag,False,False
wrong_hardware,1137,87,92,False,low,True,True,flag,False,False
wrong_hardware,1137,87,85,True,low,True,True,flag,False,False
wrong_hardware,1137,87,51,False,low,True,True,flag,False,False
wrong_hardware,1137,87,109,False,low,True,True,flag,False,False
wrong_hardware,1138,92,85,True,high,True,True,accept,False,False
wrong_hardware,1138,92,87,False,high,True,True,reject,True,False
wrong_hardware,1138,92,51,False,high,True,True,reject,True,False
wrong_hardware,1138,92,109,False,high,True,True,reject,True,False
wrong_hardware,1139,92,85,False,high,True,True,reject,True,False
wrong_hardware,1139,92,87,False,high,True,True,reject,True,False
wrong_hardware,1139,92,51,False,high,True,True,reject,True,False
wrong_hardware,1139,92,109,True,high,True,True,accept,False,False
wrong_hardware,1140,92,85,False,middle,True,True,flag,False,False
wrong_hardware,1140,92,87,False,middle,True,True,flag,False,False
wrong_hardware,1140,92,51,False,middle,True,True,flag,False,False
wrong_hardware,1140,92,109,True,middle,True,True,flag,False,False
wrong_hardware,1141,92,85,False,middle,True,True,flag,False,False
wrong_hardware,1141,92,87,False,middle,True,True,flag,False,False
wrong_hardware,1141,92,51,True,middle,True,True,flag,False,False
wrong_hardware,1141,92,109,False,middle,True,True,flag,False,False
wrong_hardware,1142,85,92,False,middle,True,True,flag,False,False
wrong_hardware,1142,85,87,False,middle,True,True,flag,False,False
wrong_hardware,1142,85,51,False,middle,True,True,flag,False,False
wrong_hardware,1142,85,109,False,middle,True,True,flag,False,False
wrong_hardware,1143,85,92,False,low,True,True,flag,False,False
wrong_hardware,1143,85,87,True,low,True,True,flag,False,False
wrong_hardware,1143,85,51,False,low,True,True,flag,False,False
wrong_hardware,1143,85,109,False,low,True,True,flag,False,False
wrong_hardware,1144,87,92,False,low,True,True,flag,False,False
wrong_hardware,1144,87,85,False,low,True,True,flag,False,False
wrong_hardware,1144,87,51,False,low,True,True,flag,False,False
wrong_hardware,1144,87,109,False,low,True,True,flag,False,False
wrong_hardware,1145,92,85,False,middle,True,True,flag,False,False
wrong_hardware,1145,92,87,False,middle,True,True,flag,False,False
wrong_hardware,1145,92,51,False,middle,True,True,flag,False,False
wrong_hardware,1145,92,109,True,middle,True,True,flag,False,False
wrong_hardware,1146,109,92,False,high,True,True,reject,True,False
wrong_hardware,1146,109,85,False,high,True,True,reject,True,False
wrong_hardware,1146,109,87,False,high,True,True,reject,True,False
wrong_hardware,1146,109,51,True,high,True,True,accept,False,False
wrong_hardware,1147,85,92,False,low,True,True,flag,False,False
wrong_hardware,1147,85,87,False,low,True,True,flag,False,False
wrong_hardware,1147,85,51,False,low,True,True,flag,False,False
wrong_hardware,1147,85,109,False,low,True,True,flag,False,False
wrong_hardware,1148,92,85,False,high,True,True,reject,True,False
wrong_hardware,1148,92,87,True,high,True,True,accept,False,False
wrong_hardware,1148,92,51,False,high,True,True,reject,True,False
wrong_hardware,1148,92,109,False,high,True,True,reject,True,False
wrong_hardware,1149,87,92,True,high,True,True,accept,False,False
wrong_hardware,1149,87,85,False,high,True,True,reject,True,False
wrong_hardware,1149,87,51,False,high,True,True,reject,True,False
wrong_hardware,1149,87,109,False,high,True,True,reject,True,False
wrong_hardware,1150,51,92,False,high,True,True,reject,True,False
wrong_hardware,1150,51,85,False,high,True,True,reject,True,False
wrong_hardware,1150,51,87,False,high,True,True,reject,True,False
wrong_hardware,1150,51,109,True,high,True,True,accept,False,False
wrong_hardware,1151,51,92,True,middle,True,True,flag,False,False
wrong_hardware,1151,51,85,False,middle,True,True,flag,False,False
wrong_hardware,1151,51,87,False,middle,True,True,flag,False,False
wrong_hardware,1151,51,109,False,middle,True,True,flag,False,False
wrong_hardware,1152,92,85,False,low,True,True,flag,False,False
wrong_hardware,1152,92,87,False,low,True,True,flag,False,False
wrong_hardware,1152,92,51,True,low,True,True,flag,False,False
wrong_hardware,1152,92,109,False,low,True,True,flag,False,False
wrong_hardware,1153,109,92,False,low,True,True,flag,False,False
wrong_hardware,1153,109,85,False,low,True,True,flag,False,False
wrong_hardware,1153,109,87,False,low,True,True,flag,False,False
wrong_hardware,1153,109,51,False,low,True,True,flag,False,False
wrong_hardware,1154,109,92,True,low,True,True,flag,False,False
wrong_hardware,1154,109,85,False,low,True,True,flag,False,False
wrong_hardware,1154,109,87,False,low,True,True,flag,False,False
wrong_hardware,1154,109,51,False,low,True,True,flag,False,False
wrong_hardware,1155,51,92,False,middle,True,True,flag,False,False
wrong_hardware,1155,51,85,False,middle,True,True,flag,False,False
wrong_hardware,1155,51,87,False,middle,True,True,flag,False,False
wrong_hardware,1155,51,109,False,middle,True,True,flag,False,False
wrong_hardware,1156,109,92,False,high,True,True,reject,True,False
wrong_hardware,1156,109,85,False,high,True,True,reject,True,False
wrong_hardware,1156,109,87,False,high,True,True,reject,True,False
wrong_hardware,1156,109,51,False,high,True,True,reject,True,False
wrong_hardware,1157,92,85,True,high,True,True,accept,False,False
wrong_hardware,1157,92,87,False,high,True,True,reject,True,False
wrong_hardware,1157,92,51,False,high,True,True,reject,True,False
wrong_hardware,1157,92,109,False,high,True,True,reject,True,False
wrong_hardware,1158,51,92,False,low,True,True,flag,False,False
wrong_hardware,1158,51,85,True,low,True,True,flag,False,False
wrong_hardware,1158,51,87,False,low,True,True,flag,False,False
wrong_hardware,1158,51,109,False,low,True,True,flag,False,False
wrong_hardware,1159,87,92,True,low,True,True,flag,False,False
wrong_hardware,1159,87,85,False,low,True,True,flag,False,False
wrong_hardware,1159,87,51,False,low,True,True,flag,False,False
wrong_hardware,1159,87,109,False,low,True,True,flag,False,False
wrong_hardware,1160,109,92,False,high,True,True,reject,True,False
wrong_hardware,1160,109,85,False,high,True,True,reject,True,False
wrong_hardware,1160,109,87,True,high,True,True,accept,False,False
wrong_hardware,1160,109,51,False,high,True,True,reject,True,False
wrong_hardware,1161,109,92,False,low,True,True,flag,False,False
wrong_hardware,1161,109,85,False,low,True,True,flag,False,False
wrong_hardware,1161,109,87,False,low,True,True,flag,False,False
wrong_hardware,1161,109,51,False,low,True,True,flag,False,False
wrong_hardware,1162,87,92,False,middle,True,True,flag,False,False
wrong_hardware,1162,87,85,True,middle,True,True,flag,False,False
wrong_hardware,1162,87,51,False,middle,True,True,flag,False,False
wrong_hardware,1162,87,109,False,middle,True,True,flag,False,False
wrong_hardware,1163,87,92,False,middle,True,True,flag,False,False
wrong_hardware,1163,87,85,False,middle,True,True,flag,False,False
wrong_hardware,1163,87,51,True,middle,True,True,flag,False,False
wrong_hardware,1163,87,109,False,middle,True,True,flag,False,False
wrong_hardware,1164,109,92,False,high,True,True,reject,True,False
wrong_hardware,1164,109,85,False,high,True,True,reject,True,False
wrong_hardware,1164,109,87,True,high,True,True,accept,False,False
wrong_hardware,1164,109,51,False,high,True,True,reject,True,False
wrong_hardware,1165,92,85,False,middle,True,True,flag,False,False
wrong_hardware,1165,92,87,False,middle,True,True,flag,False,False
wrong_hardware,1165,92,51,False,middle,True,True,flag,False,False
wrong_hardware,1165,92,109,True,middle,True,True,flag,False,False
wrong_hardware,1166,51,92,True,high,True,True,accept,False,False
wrong_hardware,1166,51,85,False,high,True,True,reject,True,False
wrong_hardware,1166,51,87,False,high,True,True,reject,True,False
wrong_hardware,1166,51,109,False,high,True,True,reject,True,False
wrong_hardware,1167,109,92,False,high,True,True,reject,True,False
wrong_hardware,1167,109,85,True,high,True,True,accept,False,False
wrong_hardware,1167,109,87,False,high,True,True,reject,True,False
wrong_hardware,1167,109,51,False,high,True,True,reject,True,False
wrong_hardware,1168,92,85,False,high,True,True,reject,True,False
wrong_hardware,1168,92,87,False,high,True,True,reject,True,False
wrong_hardware,1168,92,51,False,high,True,True,reject,True,False
wrong_hardware,1168,92,109,True,high,True,True,accept,False,False
wrong_hardware,1169,51,92,False,low,True,True,flag,False,False
wrong_hardware,1169,51,85,True,low,True,True,flag,False,False
wrong_hardware,1169,51,87,False,low,True,True,flag,False,False
wrong_hardware,1169,51,109,False,low,True,True,flag,False,False
wrong_hardware,1170,109,92,False,middle,True,True,flag,False,False
wrong_hardware,1170,109,85,False,middle,True,True,flag,False,False
wrong_hardware,1170,109,87,False,middle,True,True,flag,False,False
wrong_hardware,1170,109,51,False,middle,True,True,flag,False,False
wrong_hardware,1171,92,85,False,middle,True,True,flag,False,False
wrong_hardware,1171,92,87,True,middle,True,True,flag,False,False
wrong_hardware,1171,92,51,False,middle,True,True,flag,False,False
wrong_hardware,1171,92,109,False,middle,True,True,flag,False,False
wrong_hardware,1172,51,92,False,middle,True,True,flag,False,False
wrong_hardware,1172,51,85,False,middle,True,True,flag,False,False
wrong_hardware,1172,51,87,True,middle,True,True,flag,False,False
wrong_hardware,1172,51,109,False,middle,True,True,flag,False,False
wrong_hardware,1173,85,92,False,middle,True,True,flag,False,False
wrong_hardware,1173,85,87,True,middle,True,True,flag,False,False
wrong_hardware,1173,85,51,False,middle,True,True,flag,False,False
wrong_hardware,1173,85,109,False,middle,True,True,flag,False,False
wrong_hardware,1174,92,85,False,high,True,True,reject,True,False
wrong_hardware,1174,92,87,False,high,True,True,reject,True,False
wrong_hardware,1174,92,51,False,high,True,True,reject,True,False
wrong_hardware,1174,92,109,False,high,True,True,reject,True,False
wrong_hardware,1175,109,92,False,low,True,True,flag,False,False
wrong_hardware,1175,109,85,False,low,True,True,flag,False,False
wrong_hardware,1175,109,87,False,low,True,True,flag,False,False
wrong_hardware,1175,109,51,False,low,True,True,flag,False,False
wrong_hardware,1176,85,92,False,middle,True,True,flag,False,False
wrong_hardware,1176,85,87,False,middle,True,True,flag,False,False
wrong_hardware,1176,85,51,False,middle,True,True,flag,False,False
wrong_hardware,1176,85,109,False,middle,True,True,flag,False,False
wrong_hardware,1177,87,92,False,high,True,True,reject,True,False
wrong_hardware,1177,87,85,True,high,True,True,accept,False,False
wrong_hardware,1177,87,51,False,high,True,True,reject,True,False
wrong_hardware,1177,87,109,False,high,True,True,reject,True,False
wrong_hardware,1178,85,92,False,low,True,True,flag,False,False
wrong_hardware,1178,85,87,False,low,True,True,flag,False,False
wrong_hardware,1178,85,51,False,low,True,True,flag,False,False
wrong_hardware,1178,85,109,True,low,True,True,flag,False,False
wrong_hardware,1179,85,92,False,middle,True,True,flag,False,False
wrong_hardware,1179,85,87,False,middle,True,True,flag,False,False
wrong_hardware,1179,85,51,False,middle,True,True,flag,False,False
wrong_hardware,1179,85,109,False,middle,True,True,flag,False,False
wrong_hardware,1180,109,92,False,high,True,True,reject,True,False
wrong_hardware,1180,109,85,False,high,True,True,reject,True,False
wrong_hardware,1180,109,87,False,high,True,True,reject,True,False
wrong_hardware,1180,109,51,False,high,True,True,reject,True,False
wrong_hardware,1181,51,92,True,low,True,True,flag,False,False
wrong_hardware,1181,51,85,False,low,True,True,flag,False,False
wrong_hardware,1181,51,87,False,low,True,True,flag,False,False
wrong_hardware,1181,51,109,False,low,True,True,flag,False,False
wrong_hardware,1182,51,92,False,low,True,True,flag,False,False
wrong_hardware,1182,51,85,False,low,True,True,flag,False,False
wrong_hardware,1182,51,87,False,low,True,True,flag,False,False
wrong_hardware,1182,51,109,False,low,True,True,flag,False,False
wrong_hardware,1183,85,92,True,low,True,True,flag,False,False
wrong_hardware,1183,85,87,False,low,True,True,flag,False,False
wrong_hardware,1183,85,51,False,low,True,True,flag,False,False
wrong_hardware,1183,85,109,False,low,True,True,flag,False,False
wrong_hardware,1184,85,92,False,high,True,True,reject,True,False
wrong_hardware,1184,85,87,False,high,True,True,reject,True,False
wrong_hardware,1184,85,51,False,high,True,True,reject,True,False
wrong_hardware,1184,85,109,True,high,True,True,accept,False,False
wrong_hardware,1185,85,92,False,high,True,True,reject,True,False
wrong_hardware,1185,85,87,False,high,True,True,reject,True,False
wrong_hardware,1185,85,51,False,high,True,True,reject,True,False
wrong_hardware,1185,85,109,False,high,True,True,reject,True,False
wrong_hardware,1186,51,92,False,high,True,True,reject,True,False
wrong_hardware,1186,51,85,True,high,True,True,accept,False,False
wrong_hardware,1186,51,87,False,high,True,True,reject,True,False
wrong_hardware,1186,51,109,False,high,True,True,reject,True,False
wrong_hardware,1187,85,92,False,middle,True,True,flag,False,False
wrong_hardware,1187,85,87,False,middle,True,True,flag,False,False
wrong_hardware,1187,85,51,True,middle,True,True,flag,False,False
wrong_hardware,1187,85,109,False,middle,True,True,flag,False,False
wrong_hardware,1188,109,92,False,middle,True,True,flag,False,False
wrong_hardware,1188,109,85,False,middle,True,True,flag,False,False
wrong_hardware,1188,109,87,True,middle,True,True,flag,False,False
wrong_hardware,1188,109,51,False,middle,True,True,flag,False,False
wrong_hardware,1189,85,92,False,high,True,True,reject,True,False
wrong_hardware,1189,85,87,False,high,True,True,reject,True,False
wrong_hardware,1189,85,51,False,high,True,True,reject,True,False
wrong_hardware,1189,85,109,False,high,True,True,reject,True,False
wrong_hardware,1190,85,92,False,low,True,True,flag,False,False
wrong_hardware,1190,85,87,True,low,True,True,flag,False,False
wrong_hardware,1190,85,51,False,low,True,True,flag,False,False
wrong_hardware,1190,85,109,False,low,True,True,flag,False,False
wrong_hardware,1191,85,92,False,high,True,True,reject,True,False
wrong_hardware,1191,85,87,False,high,True,True,reject,True,False
wrong_hardware,1191,85,51,True,high,True,True,accept,False,False
wrong_hardware,1191,85,109,False,high,True,True,reject,True,False
wrong_hardware,1192,51,92,False,high,True,True,reject,True,False
wrong_hardware,1192,51,85,False,high,True,True,reject,True,False
wrong_hardware,1192,51,87,False,high,True,True,reject,True,False
wrong_hardware,1192,51,109,True,high,True,True,accept,False,False
wrong_hardware,1193,85,92,True,low,True,True,flag,False,False
wrong_hardware,1193,85,87,False,low,True,True,flag,False,False
wrong_hardware,1193,85,51,False,low,True,True,flag,False,False
wrong_hardware,1193,85,109,False,low,True,True,flag,False,False
wrong_hardware,1194,109,92,False,low,True,True,flag,False,False
wrong_hardware,1194,109,85,True,low,True,True,flag,False,False
wrong_hardware,1194,109,87,False,low,True,True,flag,False,False
wrong_hardware,1194,109,51,False,low,True,True,flag,False,False
wrong_hardware,1195,92,85,True,high,True,True,accept,False,False
wrong_hardware,1195,92,87,False,high,True,True,reject,True,False
wrong_hardware,1195,92,51,False,high,True,True,reject,True,False
wrong_hardware,1195,92,109,False,high,True,True,reject,True,False
wrong_hardware,1196,87,92,True,high,True,True,accept,False,False
wrong_hardware,1196,87,85,False,high,True,True,reject,True,False
wrong_hardware,1196,87,51,False,high,True,True,reject,True,False
wrong_hardware,1196,87,109,False,high,True,True,reject,True,False
wrong_hardware,1197,87,92,True,high,True,True,accept,False,False
wrong_hardware,1197,87,85,False,high,True,True,reject,True,False
wrong_hardware,1197,87,51,False,high,True,True,reject,True,False
wrong_hardware,1197,87,109,False,high,True,True,reject,True,False
wrong_hardware,1198,85,92,False,high,True,True,reject,True,False
wrong_hardware,1198,85,87,False,high,True,True,reject,True,False
wrong_hardware,1198,85,51,False,high,True,True,reject,True,False
wrong_hardware,1198,85,109,False,high,True,True,reject,True,False
wrong_hardware,1199,92,85,True,high,True,True,accept,False,False
wrong_hardware,1199,92,87,False,high,True,True,reject,True,False
wrong_hardware,1199,92,51,False,high,True,True,reject,True,False
wrong_hardware,1199,92,109,False,high,True,True,reject,True,False
wrong_hardware,1200,85,92,False,high,True,True,reject,True,False
wrong_hardware,1200,85,87,False,high,True,True,reject,True,False
wrong_hardware,1200,85,51,False,high,True,True,reject,True,False
wrong_hardware,1200,85,109,False,high,True,True,reject,True,False
wrong_hardware,1201,51,92,False,high,True,True,reject,True,False
wrong_hardware,1201,51,85,False,high,True,True,reject,True,False
wrong_hardware,1201,51,87,False,high,True,True,reject,True,False
wrong_hardware,1201,51,109,False,high,True,True,reject,True,False
wrong_hardware,1202,109,92,False,low,True,True,flag,False,False
wrong_hardware,1202,109,85,True,low,True,True,flag,False,False
wrong_hardware,1202,109,87,False,low,True,True,flag,False,False
wrong_hardware,1202,109,51,False,low,True,True,flag,False,False
wrong_hardware,1203,87,92,False,low,True,True,flag,False,False
wrong_hardware,1203,87,85,False,low,True,True,flag,False,False
wrong_hardware,1203,87,51,False,low,True,True,flag,False,False
wrong_hardware,1203,87,109,False,low,True,True,flag,False,False
wrong_hardware,1204,87,92,True,low,True,True,flag,False,False
wrong_hardware,1204,87,85,False,low,True,True,flag,False,False
wrong_hardware,1204,87,51,False,low,True,True,flag,False,False
wrong_hardware,1204,87,109,False,low,True,True,flag,False,False
wrong_hardware,1205,51,92,True,low,True,True,flag,False,False
wrong_hardware,1205,51,85,False,low,True,True,flag,False,False
wrong_hardware,1205,51,87,False,low,True,True,flag,False,False
wrong_hardware,1205,51,109,False,low,True,True,flag,False,False
wrong_hardware,1206,85,92,False,low,True,True,flag,False,False
wrong_hardware,1206,85,87,False,low,True,True,flag,False,False
wrong_hardware,1206,85,51,False,low,True,True,flag,False,False
wrong_hardware,1206,85,109,True,low,True,True,flag,False,False
wrong_hardware,1207,85,92,False,low,True,True,flag,False,False
wrong_hardware,1207,85,87,False,low,True,True,flag,False,False
wrong_hardware,1207,85,51,True,low,True,True,flag,False,False
wrong_hardware,1207,85,109,False,low,True,True,flag,False,False
wrong_hardware,1208,109,92,True,middle,True,True,flag,False,False
wrong_hardware,1208,109,85,False,middle,True,True,flag,False,False
wrong_hardware,1208,109,87,False,middle,True,True,flag,False,False
wrong_hardware,1208,109,51,False,middle,True,True,flag,False,False
wrong_hardware,1209,51,92,True,middle,True,True,flag,False,False
wrong_hardware,1209,51,85,False,middle,True,True,flag,False,False
wrong_hardware,1209,51,87,False,middle,True,True,flag,False,False
wrong_hardware,1209,51,109,False,middle,True,True,flag,False,False
wrong_hardware,1210,51,92,True,low,True,True,flag,False,False
wrong_hardware,1210,51,85,False,low,True,True,flag,False,False
wrong_hardware,1210,51,87,False,low,True,True,flag,False,False
wrong_hardware,1210,51,109,False,low,True,True,flag,False,False
wrong_hardware,1211,51,92,False,low,True,True,flag,False,False
wrong_hardware,1211,51,85,True,low,True,True,flag,False,False
wrong_hardware,1211,51,87,False,low,True,True,flag,False,False
wrong_hardware,1211,51,109,False,low,True,True,flag,False,False
wrong_hardware,1212,109,92,False,low,True,True,flag,False,False
wrong_hardware,1212,109,85,True,low,True,True,flag,False,False
wrong_hardware,1212,109,87,False,low,True,True,flag,False,False
wrong_hardware,1212,109,51,False,low,True,True,flag,False,False
wrong_hardware,1213,85,92,False,low,True,True,flag,False,False
wrong_hardware,1213,85,87,False,low,True,True,flag,False,False
wrong_hardware,1213,85,51,True,low,True,True,flag,False,False
wrong_hardware,1213,85,109,False,low,True,True,flag,False,False
wrong_hardware,1214,85,92,False,high,True,True,reject,True,False
wrong_hardware,1214,85,87,True,high,True,True,accept,False,False
wrong_hardware,1214,85,51,False,high,True,True,reject,True,False
wrong_hardware,1214,85,109,False,high,True,True,reject,True,False
wrong_hardware,1215,51,92,False,high,True,True,reject,True,False
wrong_hardware,1215,51,85,False,high,True,True,reject,True,False
wrong_hardware,1215,51,87,False,high,True,True,reject,True,False
wrong_hardware,1215,51,109,False,high,True,True,reject,True,False
wrong_hardware,1216,85,92,False,high,True,True,reject,True,False
wrong_hardware,1216,85,87,False,high,True,True,reject,True,False
wrong_hardware,1216,85,51,False,high,True,True,reject,True,False
wrong_hardware,1216,85,109,True,high,True,True,accept,False,False
wrong_hardware,1217,92,85,False,middle,True,True,flag,False,False
wrong_hardware,1217,92,87,True,middle,True,True,flag,False,False
wrong_hardware,1217,92,51,False,middle,True,True,flag,False,False
wrong_hardware,1217,92,109,False,middle,True,True,flag,False,False
wrong_hardware,1218,87,92,False,low,True,True,flag,False,False
wrong_hardware,1218,87,85,False,low,True,True,flag,False,False
wrong_hardware,1218,87,51,True,low,True,True,flag,False,False
wrong_hardware,1218,87,109,False,low,True,True,flag,False,False
wrong_hardware,1219,109,92,False,low,True,True,flag,False,False
wrong_hardware,1219,109,85,False,low,True,True,flag,False,False
wrong_hardware,1219,109,87,True,low,True,True,flag,False,False
wrong_hardware,1219,109,51,False,low,True,True,flag,False,False
wrong_hardware,1220,92,85,False,middle,True,True,flag,False,False
wrong_hardware,1220,92,87,False,middle,True,True,flag,False,False
wrong_hardware,1220,92,51,False,middle,True,True,flag,False,False
wrong_hardware,1220,92,109,True,middle,True,True,flag,False,False
wrong_hardware,1221,92,85,True,high,True,True,accept,False,False
wrong_hardware,1221,92,87,False,high,True,True,reject,True,False
wrong_hardware,1221,92,51,False,high,True,True,reject,True,False
wrong_hardware,1221,92,109,False,high,True,True,reject,True,False
wrong_hardware,1222,92,85,False,high,True,True,reject,True,False
wrong_hardware,1222,92,87,True,high,True,True,accept,False,False
wrong_hardware,1222,92,51,False,high,True,True,reject,True,False
wrong_hardware,1222,92,109,False,high,True,True,reject,True,False
wrong_hardware,1223,51,92,False,high,True,True,reject,True,False
wrong_hardware,1223,51,85,False,high,True,True,reject,True,False
wrong_hardware,1223,51,87,True,high,True,True,accept,False,False
wrong_hardware,1223,51,109,False,high,True,True,reject,True,False
wrong_hardware,1224,109,92,False,low,True,True,flag,False,False
wrong_hardware,1224,109,85,False,low,True,True,flag,False,False
wrong_hardware,1224,109,87,False,low,True,True,flag,False,False
wrong_hardware,1224,109,51,False,low,True,True,flag,False,False
wrong_hardware,1225,85,92,False,low,True,True,flag,False,False
wrong_hardware,1225,85,87,False,low,True,True,flag,False,False
wrong_hardware,1225,85,51,False,low,True,True,flag,False,False
wrong_hardware,1225,85,109,False,low,True,True,flag,False,False
wrong_hardware,1226,109,92,False,middle,True,True,flag,False,False
wrong_hardware,1226,109,85,True,middle,True,True,flag,False,False
wrong_hardware,1226,109,87,False,middle,True,True,flag,False,False
wrong_hardware,1226,109,51,False,middle,True,True,flag,False,False
wrong_hardware,1227,85,92,False,low,True,True,flag,False,False
wrong_hardware,1227,85,87,False,low,True,True,flag,False,False
wrong_hardware,1227,85,51,False,low,True,True,flag,False,False
wrong_hardware,1227,85,109,True,low,True,True,flag,False,False
wrong_hardware,1228,92,85,True,low,True,True,flag,False,False
wrong_hardware,1228,92,87,False,low,True,True,flag,False,False
wrong_hardware,1228,92,51,False,low,True,True,flag,False,False
wrong_hardware,1228,92,109,False,low,True,True,flag,False,False
wrong_hardware,1229,92,85,False,low,True,True,flag,False,False
wrong_hardware,1229,92,87,False,low,True,True,flag,False,False
wrong_hardware,1229,92,51,False,low,True,True,flag,False,False
wrong_hardware,1229,92,109,False,low,True,True,flag,False,False
wrong_hardware,1230,85,92,True,high,True,True,accept,False,False
wrong_hardware,1230,85,87,False,high,True,True,reject,True,False
wrong_hardware,1230,85,51,False,high,True,True,reject,True,False
wrong_hardware,1230,85,109,False,high,True,True,reject,True,False
wrong_hardware,1231,92,85,False,high,True,True,reject,True,False
wrong_hardware,1231,92,87,False,high,True,True,reject,True,False
wrong_hardware,1231,92,51,False,high,True,True,reject,True,False
wrong_hardware,1231,92,109,True,high,True,True,accept,False,False
wrong_hardware,1232,92,85,False,high,True,True,reject,True,False
wrong_hardware,1232,92,87,True,high,True,True,accept,False,False
wrong_hardware,1232,92,51,False,high,True,True,reject,True,False
wrong_hardware,1232,92,109,False,high,True,True,reject,True,False
replay,0,109,109,True,high,True,False,reject,True,True
replay,1,85,85,False,middle,True,False,reject,True,True
replay,2,109,109,False,high,True,False,reject,True,True
replay,3,109,109,False,middle,True,False,reject,True,True
replay,4,92,92,False,low,True,False,reject,True,True
replay,5,85,85,False,low,True,False,reject,True,True
replay,6,85,85,True,middle,True,False,reject,True,True
replay,7,87,87,True,low,True,False,reject,True,True
replay,8,87,87,False,middle,True,False,reject,True,True
replay,9,51,51,False,high,True,False,reject,True,True
replay,10,92,92,False,low,True,False,reject,True,True
replay,11,51,51,False,middle,True,False,reject,True,True
replay,12,109,109,False,low,True,False,reject,True,True
replay,13,85,85,False,middle,True,False,reject,True,True
replay,14,85,85,False,high,True,False,reject,True,True
replay,15,51,51,True,low,True,False,reject,True,True
replay,16,87,87,False,low,True,False,reject,True,True
replay,17,51,51,True,middle,True,False,reject,True,True
replay,18,92,92,False,low,True,False,reject,True,True
replay,19,85,85,True,high,True,False,reject,True,True
replay,20,109,109,False,low,True,False,reject,True,True
replay,21,87,87,False,middle,True,False,reject,True,True
replay,22,87,87,False,high,True,False,reject,True,True
replay,23,109,109,False,middle,True,False,reject,True,True
replay,24,109,109,False,middle,True,False,reject,True,True
replay,25,51,51,False,high,True,False,reject,True,True
replay,26,51,51,False,high,True,False,reject,True,True
replay,27,51,51,True,middle,True,False,reject,True,True
replay,28,109,109,False,high,True,False,reject,True,True
replay,29,85,85,True,high,True,False,reject,True,True
replay,30,51,51,False,low,True,False,reject,True,True
replay,31,109,109,False,low,True,False,reject,True,True
replay,32,109,109,False,low,True,False,reject,True,True
replay,33,92,92,False,middle,True,False,reject,True,True
replay,34,87,87,True,low,True,False,reject,True,True
replay,35,109,109,False,low,True,False,reject,True,True
replay,36,85,85,True,high,True,False,reject,True,True
replay,37,92,92,False,high,True,False,reject,True,True
replay,38,85,85,True,middle,True,False,reject,True,True
replay,39,85,85,True,low,True,False,reject,True,True
replay,40,87,87,False,low,True,False,reject,True,True
replay,41,109,109,False,low,True,False,reject,True,True
replay,42,92,92,False,high,True,False,reject,True,True
replay,43,109,109,True,high,True,False,reject,True,True
replay,44,51,51,True,high,True,False,reject,True,True
replay,45,92,92,True,middle,True,False,reject,True,True
replay,46,87,87,False,low,True,False,reject,True,True
replay,47,87,87,False,low,True,False,reject,True,True
replay,48,87,87,False,high,True,False,reject,True,True
replay,49,87,87,False,low,True,False,reject,True,True
replay,50,51,51,False,high,True,False,reject,True,True
replay,51,92,92,False,low,True,False,reject,True,True
replay,52,51,51,False,high,True,False,reject,True,True
replay,53,109,109,True,middle,True,False,reject,True,True
replay,54,85,85,False,low,True,False,reject,True,True
replay,55,92,92,True,high,True,False,reject,True,True
replay,56,51,51,False,high,True,False,reject,True,True
replay,57,87,87,False,low,True,False,reject,True,True
replay,58,85,85,True,middle,True,False,reject,True,True
replay,59,87,87,False,low,True,False,reject,True,True
replay,60,87,87,False,low,True,False,reject,True,True
replay,61,109,109,False,middle,True,False,reject,True,True
replay,62,87,87,False,middle,True,False,reject,True,True
replay,63,87,87,False,low,True,False,reject,True,True
replay,64,85,85,False,high,True,False,reject,True,True
replay,65,92,92,True,middle,True,False,reject,True,True
replay,66,85,85,False,low,True,False,reject,True,True
replay,67,51,51,False,middle,True,False,reject,True,True
replay,68,92,92,True,middle,True,False,reject,True,True
replay,69,85,85,True,low,True,False,reject,True,True
replay,70,51,51,False,high,True,False,reject,True,True
replay,71,109,109,False,low,True,False,reject,True,True
replay,72,51,51,False,high,True,False,reject,True,True
replay,73,85,85,True,middle,True,False,reject,True,True
replay,74,85,85,True,low,True,False,reject,True,True
replay,75,51,51,False,high,True,False,reject,True,True
replay,76,51,51,False,high,True,False,reject,True,True
replay,77,87,87,False,high,True,False,reject,True,True
replay,78,85,85,False,high,True,False,reject,True,True
replay,79,87,87,False,middle,True,False,reject,True,True
replay,80,85,85,False,low,True,False,reject,True,True
replay,81,51,51,False,low,True,False,reject,True,True
replay,82,92,92,False,middle,True,False,reject,True,True
replay,83,92,92,False,middle,True,False,reject,True,True
replay,84,92,92,False,high,True,False,reject,True,True
replay,85,87,87,True,middle,True,False,reject,True,True
replay,86,87,87,False,low,True,False,reject,True,True
replay,87,92,92,False,high,True,False,reject,True,True
replay,88,85,85,True,low,True,False,reject,True,True
replay,89,51,51,False,high,True,False,reject,True,True
replay,90,109,109,True,high,True,False,reject,True,True
replay,91,51,51,False,high,True,False,reject,True,True
replay,92,85,85,False,low,True,False,reject,True,True
replay,93,87,87,False,middle,True,False,reject,True,True
replay,94,109,109,False,low,True,False,reject,True,True
replay,95,85,85,False,low,True,False,reject,True,True
replay,96,92,92,False,middle,True,False,reject,True,True
replay,97,109,109,False,middle,True,False,reject,True,True
replay,98,51,51,False,high,True,False,reject,True,True
replay,99,109,109,False,low,True,False,reject,True,True
replay,100,109,109,False,middle,True,False,reject,True,True
replay,101,109,109,False,low,True,False,reject,True,True
replay,102,85,85,False,high,True,False,reject,True,True
replay,103,109,109,False,high,True,False,reject,True,True
replay,104,85,85,True,high,True,False,reject,True,True
replay,105,85,85,False,low,True,False,reject,True,True
replay,106,109,109,False,low,True,False,reject,True,True
replay,107,92,92,False,high,True,False,reject,True,True
replay,108,51,51,False,high,True,False,reject,True,True
replay,109,51,51,False,middle,True,False,reject,True,True
replay,110,92,92,False,high,True,False,reject,True,True
replay,111,51,51,False,high,True,False,reject,True,True
replay,112,87,87,True,middle,True,False,reject,True,True
replay,113,92,92,False,low,True,False,reject,True,True
replay,114,87,87,True,low,True,False,reject,True,True
replay,115,85,85,False,middle,True,False,reject,True,True
replay,116,109,109,False,middle,True,False,reject,True,True
replay,117,92,92,False,middle,True,False,reject,True,True
replay,118,109,109,False,low,True,False,reject,True,True
replay,119,85,85,True,high,True,False,reject,True,True
replay,120,87,87,False,high,True,False,reject,True,True
replay,121,85,85,True,high,True,False,reject,True,True
replay,122,51,51,False,high,True,False,reject,True,True
replay,123,92,92,True,low,True,False,reject,True,True
replay,124,51,51,False,middle,True,False,reject,True,True
replay,125,92,92,True,middle,True,False,reject,True,True
replay,126,109,109,True,middle,True,False,reject,True,True
replay,127,85,85,False,high,True,False,reject,True,True
replay,128,85,85,False,low,True,False,reject,True,True
replay,129,51,51,False,low,True,False,reject,True,True
replay,130,92,92,False,middle,True,False,reject,True,True
replay,131,87,87,True,middle,True,False,reject,True,True
replay,132,85,85,True,high,True,False,reject,True,True
replay,133,109,109,False,high,True,False,reject,True,True
replay,134,92,92,False,middle,True,False,reject,True,True
replay,135,51,51,False,high,True,False,reject,True,True
replay,136,85,85,True,high,True,False,reject,True,True
replay,137,51,51,False,middle,True,False,reject,True,True
replay,138,87,87,False,high,True,False,reject,True,True
replay,139,87,87,True,middle,True,False,reject,True,True
replay,140,92,92,False,middle,True,False,reject,True,True
replay,141,92,92,True,high,True,False,reject,True,True
replay,142,85,85,False,low,True,False,reject,True,True
replay,143,51,51,False,high,True,False,reject,True,True
replay,144,92,92,False,middle,True,False,reject,True,True
replay,145,92,92,True,high,True,False,reject,True,True
replay,146,109,109,False,high,True,False,reject,True,True
replay,147,87,87,False,low,True,False,reject,True,True
replay,148,51,51,False,middle,True,False,reject,True,True
replay,149,85,85,False,high,True,False,reject,True,True
replay,150,109,109,False,middle,True,False,reject,True,True
replay,151,92,92,True,low,True,False,reject,True,True
replay,152,92,92,False,low,True,False,reject,True,True
replay,153,109,109,True,low,True,False,reject,True,True
replay,154,87,87,False,high,True,False,reject,True,True
replay,155,51,51,False,low,True,False,reject,True,True
replay,156,85,85,True,low,True,False,reject,True,True
replay,157,92,92,False,middle,True,False,reject,True,True
replay,158,51,51,False,middle,True,False,reject,True,True
replay,159,51,51,False,middle,True,False,reject,True,True
replay,160,92,92,False,low,True,False,reject,True,True
replay,161,109,109,False,high,True,False,reject,True,True
replay,162,109,109,False,low,True,False,reject,True,True
replay,163,85,85,False,middle,True,False,reject,True,True
replay,164,109,109,False,low,True,False,reject,True,True
replay,165,51,51,False,middle,True,False,reject,True,True
replay,166,85,85,False,middle,True,False,reject,True,True
replay,167,51,51,False,middle,True,False,reject,True,True
replay,168,92,92,False,middle,True,False,reject,True,True
replay,169,109,109,False,high,True,False,reject,True,True
replay,170,87,87,False,high,True,False,reject,True,True
replay,171,109,109,False,low,True,False,reject,True,True
replay,172,92,92,True,high,True,False,reject,True,True
replay,173,109,109,False,middle,True,False,reject,True,True
replay,174,87,87,False,middle,True,False,reject,True,True
replay,175,51,51,False,low,True,False,reject,True,True
replay,176,92,92,True,middle,True,False,reject,True,True
replay,177,109,109,False,high,True,False,reject,True,True
replay,178,109,109,False,middle,True,False,reject,True,True
replay,179,109,109,False,low,True,False,reject,True,True
replay,180,51,51,False,low,True,False,reject,True,True
replay,181,85,85,False,high,True,False,reject,True,True
replay,182,51,51,False,low,True,False,reject,True,True
replay,183,109,109,False,low,True,False,reject,True,True
replay,184,92,92,True,high,True,False,reject,True,True
replay,185,85,85,False,middle,True,False,reject,True,True
replay,186,85,85,False,low,True,False,reject,True,True
replay,187,51,51,False,low,True,False,reject,True,True
replay,188,87,87,False,middle,True,False,reject,True,True
replay,189,51,51,False,low,True,False,reject,True,True
replay,190,85,85,True,low,True,False,reject,True,True
replay,191,109,109,False,high,True,False,reject,True,True
replay,192,51,51,False,high,True,False,reject,True,True
replay,193,87,87,False,low,True,False,reject,True,True
replay,194,87,87,False,low,True,False,reject,True,True
replay,195,87,87,False,middle,True,False,reject,True,True
replay,196,85,85,False,middle,True,False,reject,True,True
replay,197,51,51,False,middle,True,False,reject,True,True
replay,198,109,109,False,high,True,False,reject,True,True
replay,199,87,87,False,middle,True,False,reject,True,True
replay,200,92,92,False,high,True,False,reject,True,True
replay,201,85,85,True,low,True,False,reject,True,True
replay,202,85,85,True,low,True,False,reject,True,True
replay,203,51,51,False,low,True,False,reject,True,True
replay,204,85,85,False,low,True,False,reject,True,True
replay,205,51,51,False,low,True,False,reject,True,True
replay,206,87,87,False,middle,True,False,reject,True,True
replay,207,51,51,False,middle,True,False,reject,True,True
replay,208,87,87,True,middle,True,False,reject,True,True
replay,209,109,109,True,low,True,False,reject,True,True
replay,210,92,92,False,high,True,False,reject,True,True
replay,211,85,85,False,high,True,False,reject,True,True
replay,212,92,92,False,high,True,False,reject,True,True
replay,213,87,87,False,low,True,False,reject,True,True
replay,214,109,109,False,middle,True,False,reject,True,True
replay,215,85,85,False,high,True,False,reject,True,True
replay,216,85,85,True,high,True,False,reject,True,True
replay,217,51,51,False,high,True,False,reject,True,True
replay,218,85,85,True,high,True,False,reject,True,True
replay,219,109,109,True,high,True,False,reject,True,True
replay,220,109,109,True,low,True,False,reject,True,True
replay,221,87,87,False,high,True,False,reject,True,True
replay,222,87,87,False,middle,True,False,reject,True,True
replay,223,87,87,False,low,True,False,reject,True,True
replay,224,109,109,False,middle,True,False,reject,True,True
replay,225,85,85,False,low,True,False,reject,True,True
replay,226,87,87,True,high,True,False,reject,True,True
replay,227,109,109,False,low,True,False,reject,True,True
replay,228,51,51,False,high,True,False,reject,True,True
replay,229,87,87,False,middle,True,False,reject,True,True
replay,230,92,92,False,high,True,False,reject,True,True
replay,231,51,51,True,low,True,False,reject,True,True
replay,232,109,109,False,middle,True,False,reject,True,True
replay,233,87,87,False,middle,True,False,reject,True,True
replay,234,109,109,True,high,True,False,reject,True,True
replay,235,87,87,True,low,True,False,reject,True,True
replay,236,85,85,False,low,True,False,reject,True,True
replay,237,51,51,False,high,True,False,reject,True,True
replay,238,51,51,False,low,True,False,reject,True,True
replay,239,51,51,True,low,True,False,reject,True,True
replay,240,51,51,False,middle,True,False,reject,True,True
replay,241,87,87,True,low,True,False,reject,True,True
replay,242,109,109,False,middle,True,False,reject,True,True
replay,243,92,92,True,middle,True,False,reject,True,True
replay,244,92,92,False,high,True,False,reject,True,True
replay,245,109,109,True,middle,True,False,reject,True,True
replay,246,87,87,False,high,True,False,reject,True,True
replay,247,109,109,False,low,True,False,reject,True,True
replay,248,51,51,False,high,True,False,reject,True,True
replay,249,87,87,False,middle,True,False,reject,True,True
replay,250,109,109,True,middle,True,False,reject,True,True
replay,251,85,85,False,low,True,False,reject,True,True
replay,252,109,109,False,high,True,False,reject,True,True
replay,253,92,92,False,high,True,False,reject,True,True
replay,254,92,92,True,middle,True,False,reject,True,True
replay,255,109,109,False,low,True,False,reject,True,True
replay,256,92,92,False,high,True,False,reject,True,True
replay,257,51,51,False,low,True,False,reject,True,True
replay,258,85,85,False,high,True,False,reject,True,True
replay,259,92,92,True,middle,True,False,reject,True,True
replay,260,109,109,False,low,True,False,reject,True,True
replay,261,109,109,False,middle,True,False,reject,True,True
replay,262,51,51,False,high,True,False,reject,True,True
replay,263,85,85,True,high,True,False,reject,True,True
replay,264,92,92,True,middle,True,False,reject,True,True
replay,265,85,85,False,high,True,False,reject,True,True
replay,266,51,51,False,middle,True,False,reject,True,True
replay,267,85,85,False,high,True,False,reject,True,True
replay,268,109,109,True,low,True,False,reject,True,True
replay,269,87,87,False,middle,True,False,reject,True,True
replay,270,51,51,False,high,True,False,reject,True,True
replay,271,87,87,True,middle,True,False,reject,True,True
replay,272,92,92,False,high,True,False,reject,True,True
replay,273,87,87,False,middle,True,False,reject,True,True
replay,274,87,87,False,middle,True,False,reject,True,True
replay,275,85,85,True,high,True,False,reject,True,True
replay,276,87,87,True,middle,True,False,reject,True,True
replay,277,51,51,False,middle,True,False,reject,True,True
replay,278,51,51,True,high,True,False,reject,True,True
replay,279,85,85,True,low,True,False,reject,True,True
replay,280,109,109,True,middle,True,False,reject,True,True
replay,281,51,51,False,middle,True,False,reject,True,True
replay,282,109,109,False,low,True,False,reject,True,True
replay,283,85,85,True,high,True,False,reject,True,True
replay,284,85,85,False,low,True,False,reject,True,True
replay,285,109,109,False,high,True,False,reject,True,True
replay,286,87,87,False,middle,True,False,reject,True,True
replay,287,87,87,False,low,True,False,reject,True,True
replay,288,85,85,True,high,True,False,reject,True,True
replay,289,109,109,True,low,True,False,reject,True,True
replay,290,109,109,False,low,True,False,reject,True,True
replay,291,85,85,False,high,True,False,reject,True,True
replay,292,87,87,False,middle,True,False,reject,True,True
replay,293,51,51,False,high,True,False,reject,True,True
replay,294,109,109,True,middle,True,False,reject,True,True
replay,295,109,109,False,low,True,False,reject,True,True
replay,296,92,92,False,high,True,False,reject,True,True
replay,297,51,51,False,high,True,False,reject,True,True
replay,298,109,109,False,middle,True,False,reject,True,True
replay,299,87,87,False,low,True,False,reject,True,True
replay,300,109,109,True,high,True,False,reject,True,True
replay,301,109,109,False,middle,True,False,reject,True,True
replay,302,87,87,False,middle,True,False,reject,True,True
replay,303,85,85,True,middle,True,False,reject,True,True
replay,304,109,109,False,high,True,False,reject,True,True
replay,305,92,92,False,low,True,False,reject,True,True
replay,306,109,109,False,low,True,False,reject,True,True
replay,307,51,51,False,middle,True,False,reject,True,True
replay,308,85,85,True,low,True,False,reject,True,True
replay,309,109,109,False,low,True,False,reject,True,True
replay,310,92,92,False,low,True,False,reject,True,True
replay,311,92,92,False,high,True,False,reject,True,True
replay,312,87,87,False,high,True,False,reject,True,True
replay,313,51,51,False,high,True,False,reject,True,True
replay,314,85,85,True,high,True,False,reject,True,True
replay,315,87,87,True,middle,True,False,reject,True,True
replay,316,92,92,False,low,True,False,reject,True,True
replay,317,85,85,True,low,True,False,reject,True,True
replay,318,109,109,False,low,True,False,reject,True,True
replay,319,92,92,False,low,True,False,reject,True,True
replay,320,87,87,False,low,True,False,reject,True,True
replay,321,92,92,False,low,True,False,reject,True,True
replay,322,85,85,True,middle,True,False,reject,True,True
replay,323,87,87,False,middle,True,False,reject,True,True
replay,324,87,87,True,low,True,False,reject,True,True
replay,325,109,109,False,high,True,False,reject,True,True
replay,326,85,85,False,middle,True,False,reject,True,True
replay,327,85,85,False,low,True,False,reject,True,True
replay,328,51,51,True,low,True,False,reject,True,True
replay,329,87,87,False,high,True,False,reject,True,True
replay,330,109,109,True,high,True,False,reject,True,True
replay,331,85,85,True,middle,True,False,reject,True,True
replay,332,92,92,True,middle,True,False,reject,True,True
replay,333,87,87,False,low,True,False,reject,True,True
replay,334,85,85,False,high,True,False,reject,True,True
replay,335,85,85,False,high,True,False,reject,True,True
replay,336,92,92,False,low,True,False,reject,True,True
replay,337,51,51,True,low,True,False,reject,True,True
replay,338,85,85,False,middle,True,False,reject,True,True
replay,339,51,51,False,low,True,False,reject,True,True
replay,340,109,109,False,high,True,False,reject,True,True
replay,341,109,109,False,high,True,False,reject,True,True
replay,342,87,87,False,low,True,False,reject,True,True
replay,343,109,109,False,low,True,False,reject,True,True
replay,344,87,87,True,low,True,False,reject,True,True
replay,345,109,109,False,high,True,False,reject,True,True
replay,346,85,85,False,low,True,False,reject,True,True
replay,347,51,51,True,low,True,False,reject,True,True
replay,348,85,85,False,middle,True,False,reject,True,True
replay,349,87,87,True,middle,True,False,reject,True,True
replay,350,85,85,True,low,True,False,reject,True,True
replay,351,85,85,False,low,True,False,reject,True,True
replay,352,85,85,True,low,True,False,reject,True,True
replay,353,85,85,False,low,True,False,reject,True,True
replay,354,85,85,True,high,True,False,reject,True,True
replay,355,51,51,True,low,True,False,reject,True,True
replay,356,87,87,False,low,True,False,reject,True,True
replay,357,51,51,False,high,True,False,reject,True,True
replay,358,51,51,False,low,True,False,reject,True,True
replay,359,109,109,True,high,True,False,reject,True,True
replay,360,87,87,False,high,True,False,reject,True,True
replay,361,85,85,True,low,True,False,reject,True,True
replay,362,109,109,False,low,True,False,reject,True,True
replay,363,92,92,False,low,True,False,reject,True,True
replay,364,51,51,True,high,True,False,reject,True,True
replay,365,92,92,False,middle,True,False,reject,True,True
replay,366,85,85,False,middle,True,False,reject,True,True
replay,367,109,109,False,middle,True,False,reject,True,True
replay,368,51,51,False,middle,True,False,reject,True,True
replay,369,87,87,False,low,True,False,reject,True,True
replay,370,87,87,False,high,True,False,reject,True,True
replay,371,51,51,False,middle,True,False,reject,True,True
replay,372,51,51,False,middle,True,False,reject,True,True
replay,373,109,109,False,middle,True,False,reject,True,True
replay,374,92,92,True,middle,True,False,reject,True,True
replay,375,51,51,False,low,True,False,reject,True,True
replay,376,92,92,True,high,True,False,reject,True,True
replay,377,92,92,False,low,True,False,reject,True,True
replay,378,109,109,False,low,True,False,reject,True,True
replay,379,51,51,False,high,True,False,reject,True,True
replay,380,87,87,False,middle,True,False,reject,True,True
replay,381,92,92,True,high,True,False,reject,True,True
replay,382,109,109,False,high,True,False,reject,True,True
replay,383,92,92,True,middle,True,False,reject,True,True
replay,384,85,85,False,high,True,False,reject,True,True
replay,385,92,92,False,high,True,False,reject,True,True
replay,386,51,51,False,high,True,False,reject,True,True
replay,387,85,85,False,high,True,False,reject,True,True
replay,388,85,85,False,low,True,False,reject,True,True
replay,389,87,87,False,middle,True,False,reject,True,True
replay,390,87,87,False,high,True,False,reject,True,True
replay,391,109,109,False,low,True,False,reject,True,True
replay,392,85,85,False,high,True,False,reject,True,True
replay,393,87,87,False,high,True,False,reject,True,True
replay,394,92,92,False,middle,True,False,reject,True,True
replay,395,85,85,False,middle,True,False,reject,True,True
replay,396,92,92,False,high,True,False,reject,True,True
replay,397,92,92,True,low,True,False,reject,True,True
replay,398,92,92,False,middle,True,False,reject,True,True
replay,399,85,85,False,high,True,False,reject,True,True
replay,400,109,109,False,middle,True,False,reject,True,True
replay,401,92,92,False,middle,True,False,reject,True,True
replay,402,87,87,True,high,True,False,reject,True,True
replay,403,87,87,False,low,True,False,reject,True,True
replay,404,85,85,False,high,True,False,reject,True,True
replay,405,85,85,True,middle,True,False,reject,True,True
replay,406,51,51,False,high,True,False,reject,True,True
replay,407,109,109,True,middle,True,False,reject,True,True
replay,408,87,87,True,high,True,False,reject,True,True
replay,409,87,87,False,low,True,False,reject,True,True
replay,410,109,109,True,high,True,False,reject,True,True
replay,411,51,51,False,middle,True,False,reject,True,True
replay,412,92,92,False,low,True,False,reject,True,True
replay,413,51,51,False,low,True,False,reject,True,True
replay,414,92,92,False,middle,True,False,reject,True,True
replay,415,51,51,True,low,True,False,reject,True,True
replay,416,92,92,False,middle,True,False,reject,True,True
replay,417,51,51,False,low,True,False,reject,True,True
replay,418,85,85,False,high,True,False,reject,True,True
replay,419,87,87,True,middle,True,False,reject,True,True
replay,420,51,51,False,middle,True,False,reject,True,True
replay,421,92,92,False,middle,True,False,reject,True,True
replay,422,85,85,False,low,True,False,reject,True,True
replay,423,92,92,False,low,True,False,reject,True,True
replay,424,51,51,True,low,True,False,reject,True,True
replay,425,51,51,True,high,True,False,reject,True,True
replay,426,51,51,False,low,True,False,reject,True,True
replay,427,51,51,True,high,True,False,reject,True,True
replay,428,51,51,False,middle,True,False,reject,True,True
replay,429,87,87,False,middle,True,False,reject,True,True
replay,430,87,87,True,high,True,False,reject,True,True
replay,431,109,109,False,high,True,False,reject,True,True
replay,432,109,109,False,middle,True,False,reject,True,True
replay,433,85,85,False,low,True,False,reject,True,True
replay,434,92,92,True,low,True,False,reject,True,True
replay,435,87,87,False,low,True,False,reject,True,True
replay,436,87,87,False,high,True,False,reject,True,True
replay,437,92,92,False,high,True,False,reject,True,True
replay,438,51,51,False,low,True,False,reject,True,True
replay,439,51,51,False,low,True,False,reject,True,True
replay,440,51,51,False,low,True,False,reject,True,True
replay,441,87,87,False,middle,True,False,reject,True,True
replay,442,51,51,False,low,True,False,reject,True,True
replay,443,109,109,False,middle,True,False,reject,True,True
replay,444,87,87,False,low,True,False,reject,True,True
replay,445,109,109,False,middle,True,False,reject,True,True
replay,446,87,87,False,high,True,False,reject,True,True
replay,447,92,92,False,middle,True,False,reject,True,True
replay,448,51,51,False,high,True,False,reject,True,True
replay,449,51,51,False,middle,True,False,reject,True,True
replay,450,51,51,False,low,True,False,reject,True,True
replay,451,87,87,True,low,True,False,reject,True,True
replay,452,92,92,False,low,True,False,reject,True,True
replay,453,92,92,False,high,True,False,reject,True,True
replay,454,109,109,False,high,True,False,reject,True,True
replay,455,109,109,True,high,True,False,reject,True,True
replay,456,87,87,False,middle,True,False,reject,True,True
replay,457,92,92,False,high,True,False,reject,True,True
replay,458,109,109,False,low,True,False,reject,True,True
replay,459,85,85,True,high,True,False,reject,True,True
replay,460,87,87,False,middle,True,False,reject,True,True
replay,461,51,51,True,high,True,False,reject,True,True
replay,462,51,51,True,middle,True,False,reject,True,True
replay,463,92,92,False,low,True,False,reject,True,True
replay,464,109,109,False,middle,True,False,reject,True,True
replay,465,87,87,False,low,True,False,reject,True,True
replay,466,51,51,False,middle,True,False,reject,True,True
replay,467,92,92,False,high,True,False,reject,True,True
replay,468,92,92,False,middle,True,False,reject,True,True
replay,469,51,51,False,low,True,False,reject,True,True
replay,470,109,109,False,middle,True,False,reject,True,True
replay,471,51,51,False,high,True,False,reject,True,True
replay,472,51,51,False,middle,True,False,reject,True,True
replay,473,85,85,False,middle,True,False,reject,True,True
replay,474,92,92,False,low,True,False,reject,True,True
replay,475,85,85,False,low,True,False,reject,True,True
replay,476,51,51,False,high,True,False,reject,True,True
replay,477,109,109,False,high,True,False,reject,True,True
replay,478,85,85,False,middle,True,False,reject,True,True
replay,479,92,92,False,low,True,False,reject,True,True
replay,480,109,109,False,low,True,False,reject,True,True
replay,481,85,85,False,low,True,False,reject,True,True
replay,482,92,92,False,high,True,False,reject,True,True
replay,483,51,51,False,middle,True,False,reject,True,True
replay,484,87,87,False,low,True,False,reject,True,True
replay,485,87,87,True,high,True,False,reject,True,True
replay,486,85,85,False,low,True,False,reject,True,True
replay,487,51,51,False,high,True,False,reject,True,True
replay,488,109,109,False,middle,True,False,reject,True,True
replay,489,92,92,True,low,True,False,reject,True,True
replay,490,92,92,True,middle,True,False,reject,True,True
replay,491,87,87,False,middle,True,False,reject,True,True
replay,492,87,87,False,low,True,False,reject,True,True
replay,493,92,92,False,high,True,False,reject,True,True
replay,494,51,51,False,middle,True,False,reject,True,True
replay,495,87,87,False,high,True,False,reject,True,True
replay,496,85,85,True,high,True,False,reject,True,True
replay,497,85,85,False,middle,True,False,reject,True,True
replay,498,87,87,True,high,True,False,reject,True,True
replay,499,87,87,False,high,True,False,reject,True,True
replay,500,85,85,True,middle,True,False,reject,True,True
replay,501,51,51,False,middle,True,False,reject,True,True
replay,502,87,87,False,middle,True,False,reject,True,True
replay,503,51,51,False,low,True,False,reject,True,True
replay,504,51,51,False,low,True,False,reject,True,True
replay,505,87,87,False,middle,True,False,reject,True,True
replay,506,109,109,False,low,True,False,reject,True,True
replay,507,92,92,False,low,True,False,reject,True,True
replay,508,109,109,True,middle,True,False,reject,True,True
replay,509,87,87,True,low,True,False,reject,True,True
replay,510,85,85,False,low,True,False,reject,True,True
replay,511,51,51,True,high,True,False,reject,True,True
replay,512,51,51,False,low,True,False,reject,True,True
replay,513,51,51,False,high,True,False,reject,True,True
replay,514,92,92,True,middle,True,False,reject,True,True
replay,515,109,109,False,high,True,False,reject,True,True
replay,516,87,87,False,high,True,False,reject,True,True
replay,517,87,87,False,low,True,False,reject,True,True
replay,518,51,51,False,low,True,False,reject,True,True
replay,519,92,92,False,low,True,False,reject,True,True
replay,520,85,85,False,high,True,False,reject,True,True
replay,521,109,109,True,middle,True,False,reject,True,True
replay,522,87,87,False,middle,True,False,reject,True,True
replay,523,51,51,False,high,True,False,reject,True,True
replay,524,85,85,False,high,True,False,reject,True,True
replay,525,51,51,False,high,True,False,reject,True,True
replay,526,109,109,True,low,True,False,reject,True,True
replay,527,109,109,True,low,True,False,reject,True,True
replay,528,109,109,False,high,True,False,reject,True,True
replay,529,85,85,False,low,True,False,reject,True,True
replay,530,109,109,False,middle,True,False,reject,True,True
replay,531,92,92,False,middle,True,False,reject,True,True
replay,532,85,85,True,middle,True,False,reject,True,True
replay,533,109,109,False,middle,True,False,reject,True,True
replay,534,51,51,True,high,True,False,reject,True,True
replay,535,92,92,False,high,True,False,reject,True,True
replay,536,87,87,True,middle,True,False,reject,True,True
replay,537,92,92,False,high,True,False,reject,True,True
replay,538,51,51,False,middle,True,False,reject,True,True
replay,539,85,85,True,high,True,False,reject,True,True
replay,540,109,109,False,low,True,False,reject,True,True
replay,541,87,87,True,low,True,False,reject,True,True
replay,542,51,51,False,low,True,False,reject,True,True
replay,543,51,51,True,middle,True,False,reject,True,True
replay,544,85,85,False,low,True,False,reject,True,True
replay,545,92,92,False,low,True,False,reject,True,True
replay,546,109,109,True,low,True,False,reject,True,True
replay,547,92,92,False,middle,True,False,reject,True,True
replay,548,85,85,False,low,True,False,reject,True,True
replay,549,87,87,True,low,True,False,reject,True,True
replay,550,87,87,False,high,True,False,reject,True,True
replay,551,109,109,False,middle,True,False,reject,True,True
replay,552,85,85,False,middle,True,False,reject,True,True
replay,553,87,87,False,middle,True,False,reject,True,True
replay,554,51,51,False,high,True,False,reject,True,True
replay,555,85,85,False,high,True,False,reject,True,True
replay,556,92,92,False,middle,True,False,reject,True,True
replay,557,85,85,False,low,True,False,reject,True,True
replay,558,92,92,True,middle,True,False,reject,True,True
replay,559,87,87,False,low,True,False,reject,True,True
replay,560,51,51,True,low,True,False,reject,True,True
replay,561,109,109,False,high,True,False,reject,True,True
replay,562,85,85,True,high,True,False,reject,True,True
replay,563,85,85,False,low,True,False,reject,True,True
replay,564,87,87,False,high,True,False,reject,True,True
replay,565,109,109,False,low,True,False,reject,True,True
replay,566,87,87,True,low,True,False,reject,True,True
replay,567,92,92,False,low,True,False,reject,True,True
replay,568,87,87,False,low,True,False,reject,True,True
replay,569,92,92,False,low,True,False,reject,True,True
replay,570,92,92,False,high,True,False,reject,True,True
replay,571,109,109,True,middle,True,False,reject,True,True
replay,572,51,51,False,low,True,False,reject,True,True
replay,573,92,92,False,middle,True,False,reject,True,True
replay,574,51,51,False,high,True,False,reject,True,True
replay,575,51,51,False,low,True,False,reject,True,True
replay,576,87,87,False,middle,True,False,reject,True,True
replay,577,92,92,True,middle,True,False,reject,True,True
replay,578,109,109,False,high,True,False,reject,True,True
replay,579,109,109,True,low,True,False,reject,True,True
replay,580,92,92,False,high,True,False,reject,True,True
replay,581,109,109,False,high,True,False,reject,True,True
replay,582,85,85,False,high,True,False,reject,True,True
replay,583,51,51,False,middle,True,False,reject,True,True
replay,584,92,92,False,middle,True,False,reject,True,True
replay,585,92,92,False,middle,True,False,reject,True,True
replay,586,87,87,False,low,True,False,reject,True,True
replay,587,87,87,False,middle,True,False,reject,True,True
replay,588,109,109,False,high,True,False,reject,True,True
replay,589,92,92,True,middle,True,False,reject,True,True
replay,590,109,109,False,high,True,False,reject,True,True
replay,591,109,109,True,low,True,False,reject,True,True
replay,592,87,87,True,high,True,False,reject,True,True
replay,593,92,92,False,low,True,False,reject,True,True
replay,594,85,85,True,high,True,False,reject,True,True
replay,595,51,51,False,middle,True,False,reject,True,True
replay,596,85,85,True,high,True,False,reject,True,True
replay,597,92,92,False,low,True,False,reject,True,True
replay,598,85,85,False,middle,True,False,reject,True,True
replay,599,51,51,False,high,True,False,reject,True,True
replay,600,92,92,False,high,True,False,reject,True,True
replay,601,51,51,False,middle,True,False,reject,True,True
replay,602,109,109,False,low,True,False,reject,True,True
replay,603,87,87,False,middle,True,False,reject,True,True
replay,604,109,109,False,high,True,False,reject,True,True
replay,605,51,51,False,high,True,False,reject,True,True
replay,606,109,109,False,middle,True,False,reject,True,True
replay,607,87,87,False,low,True,False,reject,True,True
replay,608,109,109,False,low,True,False,reject,True,True
replay,609,109,109,True,low,True,False,reject,True,True
replay,610,92,92,False,high,True,False,reject,True,True
replay,611,85,85,True,high,True,False,reject,True,True
replay,612,92,92,False,high,True,False,reject,True,True
replay,613,85,85,True,low,True,False,reject,True,True
replay,614,92,92,False,low,True,False,reject,True,True
replay,615,51,51,False,middle,True,False,reject,True,True
replay,616,109,109,True,low,True,False,reject,True,True
replay,617,85,85,True,middle,True,False,reject,True,True
replay,618,87,87,False,high,True,False,reject,True,True
replay,619,51,51,True,low,True,False,reject,True,True
replay,620,85,85,True,low,True,False,reject,True,True
replay,621,109,109,False,middle,True,False,reject,True,True
replay,622,87,87,False,low,True,False,reject,True,True
replay,623,87,87,False,middle,True,False,reject,True,True
replay,624,92,92,False,low,True,False,reject,True,True
replay,625,85,85,False,middle,True,False,reject,True,True
replay,626,92,92,False,low,True,False,reject,True,True
replay,627,109,109,False,middle,True,False,reject,True,True
replay,628,92,92,False,high,True,False,reject,True,True
replay,629,85,85,True,high,True,False,reject,True,True
replay,630,51,51,False,high,True,False,reject,True,True
replay,631,92,92,False,high,True,False,reject,True,True
replay,632,92,92,False,middle,True,False,reject,True,True
replay,633,85,85,False,low,True,False,reject,True,True
replay,634,92,92,False,high,True,False,reject,True,True
replay,635,92,92,False,high,True,False,reject,True,True
replay,636,92,92,False,middle,True,False,reject,True,True
replay,637,92,92,True,low,True,False,reject,True,True
replay,638,92,92,False,high,True,False,reject,True,True
replay,639,92,92,False,middle,True,False,reject,True,True
replay,640,87,87,False,low,True,False,reject,True,True
replay,641,51,51,False,high,True,False,reject,True,True
replay,642,109,109,True,low,True,False,reject,True,True
replay,643,51,51,False,low,True,False,reject,True,True
replay,644,92,92,False,low,True,False,reject,True,True
replay,645,109,109,True,middle,True,False,reject,True,True
replay,646,109,109,False,middle,True,False,reject,True,True
replay,647,92,92,True,low,True,False,reject,True,True
replay,648,85,85,True,low,True,False,reject,True,True
replay,649,51,51,False,high,True,False,reject,True,True
replay,650,85,85,True,low,True,False,reject,True,True
replay,651,85,85,False,middle,True,False,reject,True,True
replay,652,87,87,False,middle,True,False,reject,True,True
replay,653,92,92,True,high,True,False,reject,True,True
replay,654,109,109,False,low,True,False,reject,True,True
replay,655,92,92,True,low,True,False,reject,True,True
replay,656,85,85,False,high,True,False,reject,True,True
replay,657,109,109,False,middle,True,False,reject,True,True
replay,658,109,109,False,high,True,False,reject,True,True
replay,659,109,109,False,middle,True,False,reject,True,True
replay,660,85,85,False,high,True,False,reject,True,True
replay,661,92,92,False,low,True,False,reject,True,True
replay,662,92,92,False,high,True,False,reject,True,True
replay,663,85,85,False,high,True,False,reject,True,True
replay,664,85,85,False,low,True,False,reject,True,True
replay,665,51,51,True,high,True,False,reject,True,True
replay,666,92,92,True,middle,True,False,reject,True,True
replay,667,109,109,False,high,True,False,reject,True,True
replay,668,92,92,False,middle,True,False,reject,True,True
replay,669,109,109,True,low,True,False,reject,True,True
replay,670,85,85,False,low,True,False,reject,True,True
replay,671,109,109,False,middle,True,False,reject,True,True
replay,672,85,85,False,middle,True,False,reject,True,True
replay,673,51,51,False,middle,True,False,reject,True,True
replay,674,87,87,False,middle,True,False,reject,True,True
replay,675,85,85,False,low,True,False,reject,True,True
replay,676,85,85,True,middle,True,False,reject,True,True
replay,677,85,85,False,middle,True,False,reject,True,True
replay,678,109,109,False,middle,True,False,reject,True,True
replay,679,85,85,False,middle,True,False,reject,True,True
replay,680,109,109,False,high,True,False,reject,True,True
replay,681,92,92,False,middle,True,False,reject,True,True
replay,682,109,109,False,middle,True,False,reject,True,True
replay,683,109,109,False,high,True,False,reject,True,True
replay,684,51,51,False,middle,True,False,reject,True,True
replay,685,92,92,True,low,True,False,reject,True,True
replay,686,92,92,False,low,True,False,reject,True,True
replay,687,109,109,False,middle,True,False,reject,True,True
replay,688,85,85,False,low,True,False,reject,True,True
replay,689,87,87,False,middle,True,False,reject,True,True
replay,690,85,85,False,middle,True,False,reject,True,True
replay,691,109,109,False,middle,True,False,reject,True,True
replay,692,109,109,False,low,True,False,reject,True,True
replay,693,109,109,False,low,True,False,reject,True,True
replay,694,51,51,True,high,True,False,reject,True,True
replay,695,85,85,False,high,True,False,reject,True,True
replay,696,51,51,False,low,True,False,reject,True,True
replay,697,109,109,False,high,True,False,reject,True,True
replay,698,92,92,True,low,True,False,reject,True,True
replay,699,92,92,True,high,True,False,reject,True,True
replay,700,109,109,False,high,True,False,reject,True,True
replay,701,51,51,False,middle,True,False,reject,True,True
replay,702,109,109,True,middle,True,False,reject,True,True
replay,703,51,51,False,low,True,False,reject,True,True
replay,704,92,92,True,middle,True,False,reject,True,True
replay,705,51,51,False,high,True,False,reject,True,True
replay,706,85,85,False,high,True,False,reject,True,True
replay,707,85,85,False,middle,True,False,reject,True,True
replay,708,85,85,False,low,True,False,reject,True,True
replay,709,92,92,False,low,True,False,reject,True,True
replay,710,87,87,False,low,True,False,reject,True,True
replay,711,87,87,True,middle,True,False,reject,True,True
replay,712,87,87,False,high,True,False,reject,True,True
replay,713,87,87,True,low,True,False,reject,True,True
replay,714,109,109,False,middle,True,False,reject,True,True
replay,715,51,51,True,high,True,False,reject,True,True
replay,716,85,85,False,high,True,False,reject,True,True
replay,717,92,92,True,high,True,False,reject,True,True
replay,718,87,87,False,middle,True,False,reject,True,True
replay,719,87,87,False,middle,True,False,reject,True,True
replay,720,51,51,False,middle,True,False,reject,True,True
replay,721,85,85,False,low,True,False,reject,True,True
replay,722,92,92,False,low,True,False,reject,True,True
replay,723,87,87,False,low,True,False,reject,True,True
replay,724,51,51,False,high,True,False,reject,True,True
replay,725,85,85,False,high,True,False,reject,True,True
replay,726,85,85,False,low,True,False,reject,True,True
replay,727,51,51,False,low,True,False,reject,True,True
replay,728,87,87,False,middle,True,False,reject,True,True
replay,729,92,92,False,middle,True,False,reject,True,True
replay,730,85,85,False,low,True,False,reject,True,True
replay,731,51,51,False,high,True,False,reject,True,True
replay,732,92,92,True,low,True,False,reject,True,True
replay,733,92,92,False,middle,True,False,reject,True,True
replay,734,51,51,False,high,True,False,reject,True,True
replay,735,92,92,True,low,True,False,reject,True,True
replay,736,85,85,False,high,True,False,reject,True,True
replay,737,92,92,False,high,True,False,reject,True,True
replay,738,109,109,True,high,True,False,reject,True,True
replay,739,87,87,False,low,True,False,reject,True,True
replay,740,51,51,False,high,True,False,reject,True,True
replay,741,87,87,True,low,True,False,reject,True,True
replay,742,51,51,False,low,True,False,reject,True,True
replay,743,92,92,False,middle,True,False,reject,True,True
replay,744,51,51,False,high,True,False,reject,True,True
replay,745,92,92,False,low,True,False,reject,True,True
replay,746,87,87,True,low,True,False,reject,True,True
replay,747,109,109,False,low,True,False,reject,True,True
replay,748,109,109,False,low,True,False,reject,True,True
replay,749,51,51,False,low,True,False,reject,True,True
replay,750,109,109,False,low,True,False,reject,True,True
replay,751,109,109,True,high,True,False,reject,True,True
replay,752,92,92,False,middle,True,False,reject,True,True
replay,753,109,109,False,high,True,False,reject,True,True
replay,754,109,109,True,low,True,False,reject,True,True
replay,755,85,85,False,middle,True,False,reject,True,True
replay,756,87,87,False,high,True,False,reject,True,True
replay,757,87,87,False,middle,True,False,reject,True,True
replay,758,51,51,False,middle,True,False,reject,True,True
replay,759,109,109,True,high,True,False,reject,True,True
replay,760,109,109,True,middle,True,False,reject,True,True
replay,761,51,51,False,low,True,False,reject,True,True
replay,762,51,51,False,middle,True,False,reject,True,True
replay,763,92,92,False,low,True,False,reject,True,True
replay,764,92,92,True,low,True,False,reject,True,True
replay,765,51,51,False,low,True,False,reject,True,True
replay,766,92,92,False,low,True,False,reject,True,True
replay,767,92,92,False,middle,True,False,reject,True,True
replay,768,51,51,False,low,True,False,reject,True,True
replay,769,109,109,False,low,True,False,reject,True,True
replay,770,85,85,True,low,True,False,reject,True,True
replay,771,51,51,False,middle,True,False,reject,True,True
replay,772,109,109,True,low,True,False,reject,True,True
replay,773,92,92,False,low,True,False,reject,True,True
replay,774,87,87,False,low,True,False,reject,True,True
replay,775,51,51,False,high,True,False,reject,True,True
replay,776,87,87,False,middle,True,False,reject,True,True
replay,777,109,109,False,high,True,False,reject,True,True
replay,778,87,87,False,high,True,False,reject,True,True
replay,779,87,87,False,low,True,False,reject,True,True
replay,780,87,87,False,low,True,False,reject,True,True
replay,781,51,51,False,middle,True,False,reject,True,True
replay,782,51,51,True,middle,True,False,reject,True,True
replay,783,92,92,False,high,True,False,reject,True,True
replay,784,51,51,True,middle,True,False,reject,True,True
replay,785,92,92,False,high,True,False,reject,True,True
replay,786,92,92,True,high,True,False,reject,True,True
replay,787,87,87,True,low,True,False,reject,True,True
replay,788,109,109,False,middle,True,False,reject,True,True
replay,789,87,87,False,middle,True,False,reject,True,True
replay,790,109,109,False,low,True,False,reject,True,True
replay,791,85,85,False,high,True,False,reject,True,True
replay,792,92,92,False,high,True,False,reject,True,True
replay,793,51,51,False,low,True,False,reject,True,True
replay,794,85,85,False,high,True,False,reject,True,True
replay,795,87,87,False,high,True,False,reject,True,True
replay,796,87,87,False,high,True,False,reject,True,True
replay,797,92,92,True,low,True,False,reject,True,True
replay,798,92,92,False,high,True,False,reject,True,True
replay,799,87,87,False,middle,True,False,reject,True,True
replay,800,87,87,False,high,True,False,reject,True,True
replay,801,85,85,False,high,True,False,reject,True,True
replay,802,92,92,False,high,True,False,reject,True,True
replay,803,87,87,False,low,True,False,reject,True,True
replay,804,87,87,False,middle,True,False,reject,True,True
replay,805,92,92,False,high,True,False,reject,True,True
replay,806,51,51,False,high,True,False,reject,True,True
replay,807,85,85,False,high,True,False,reject,True,True
replay,808,87,87,False,low,True,False,reject,True,True
replay,809,85,85,False,high,True,False,reject,True,True
replay,810,92,92,False,high,True,False,reject,True,True
replay,811,85,85,True,high,True,False,reject,True,True
replay,812,92,92,True,high,True,False,reject,True,True
replay,813,85,85,True,middle,True,False,reject,True,True
replay,814,87,87,False,high,True,False,reject,True,True
replay,815,85,85,False,high,True,False,reject,True,True
replay,816,109,109,False,high,True,False,reject,True,True
replay,817,109,109,False,middle,True,False,reject,True,True
replay,818,109,109,True,middle,True,False,reject,True,True
replay,819,109,109,False,high,True,False,reject,True,True
replay,820,109,109,True,high,True,False,reject,True,True
replay,821,92,92,False,high,True,False,reject,True,True
replay,822,92,92,False,low,True,False,reject,True,True
replay,823,92,92,False,low,True,False,reject,True,True
replay,824,87,87,False,middle,True,False,reject,True,True
replay,825,109,109,False,high,True,False,reject,True,True
replay,826,109,109,True,middle,True,False,reject,True,True
replay,827,51,51,False,middle,True,False,reject,True,True
replay,828,51,51,True,low,True,False,reject,True,True
replay,829,51,51,False,middle,True,False,reject,True,True
replay,830,85,85,False,low,True,False,reject,True,True
replay,831,85,85,True,high,True,False,reject,True,True
replay,832,51,51,True,high,True,False,reject,True,True
replay,833,51,51,False,low,True,False,reject,True,True
replay,834,87,87,False,high,True,False,reject,True,True
replay,835,51,51,False,high,True,False,reject,True,True
replay,836,51,51,False,low,True,False,reject,True,True
replay,837,109,109,False,middle,True,False,reject,True,True
replay,838,87,87,False,middle,True,False,reject,True,True
replay,839,87,87,False,high,True,False,reject,True,True
replay,840,109,109,False,high,True,False,reject,True,True
replay,841,85,85,False,middle,True,False,reject,True,True
replay,842,109,109,False,high,True,False,reject,True,True
replay,843,51,51,True,low,True,False,reject,True,True
replay,844,87,87,False,low,True,False,reject,True,True
replay,845,87,87,False,low,True,False,reject,True,True
replay,846,92,92,False,high,True,False,reject,True,True
replay,847,92,92,False,low,True,False,reject,True,True
replay,848,85,85,False,low,True,False,reject,True,True
replay,849,51,51,False,low,True,False,reject,True,True
replay,850,92,92,False,low,True,False,reject,True,True
replay,851,109,109,True,high,True,False,reject,True,True
replay,852,87,87,False,high,True,False,reject,True,True
replay,853,87,87,True,middle,True,False,reject,True,True
replay,854,51,51,False,low,True,False,reject,True,True
replay,855,85,85,True,low,True,False,reject,True,True
replay,856,51,51,False,middle,True,False,reject,True,True
replay,857,85,85,False,low,True,False,reject,True,True
replay,858,109,109,True,high,True,False,reject,True,True
replay,859,87,87,False,low,True,False,reject,True,True
replay,860,92,92,False,low,True,False,reject,True,True
replay,861,85,85,False,middle,True,False,reject,True,True
replay,862,51,51,False,low,True,False,reject,True,True
replay,863,87,87,True,middle,True,False,reject,True,True
replay,864,85,85,False,high,True,False,reject,True,True
replay,865,87,87,False,high,True,False,reject,True,True
replay,866,109,109,False,middle,True,False,reject,True,True
replay,867,92,92,False,middle,True,False,reject,True,True
replay,868,92,92,False,high,True,False,reject,True,True
replay,869,109,109,False,low,True,False,reject,True,True
replay,870,51,51,False,low,True,False,reject,True,True
replay,871,85,85,True,high,True,False,reject,True,True
replay,872,85,85,True,high,True,False,reject,True,True
replay,873,51,51,False,high,True,False,reject,True,True
replay,874,85,85,False,middle,True,False,reject,True,True
replay,875,51,51,False,middle,True,False,reject,True,True
replay,876,87,87,False,middle,True,False,reject,True,True
replay,877,85,85,True,middle,True,False,reject,True,True
replay,878,92,92,False,low,True,False,reject,True,True
replay,879,51,51,True,low,True,False,reject,True,True
replay,880,87,87,False,high,True,False,reject,True,True
replay,881,92,92,False,high,True,False,reject,True,True
replay,882,92,92,False,middle,True,False,reject,True,True
replay,883,87,87,False,low,True,False,reject,True,True
replay,884,109,109,True,low,True,False,reject,True,True
replay,885,51,51,True,low,True,False,reject,True,True
replay,886,109,109,False,high,True,False,reject,True,True
replay,887,87,87,False,high,True,False,reject,True,True
replay,888,109,109,False,middle,True,False,reject,True,True
replay,889,109,109,False,high,True,False,reject,True,True
replay,890,51,51,False,middle,True,False,reject,True,True
replay,891,92,92,False,middle,True,False,reject,True,True
replay,892,51,51,True,low,True,False,reject,True,True
replay,893,109,109,False,high,True,False,reject,True,True
replay,894,109,109,False,high,True,False,reject,True,True
replay,895,109,109,False,low,True,False,reject,True,True
replay,896,51,51,False,middle,True,False,reject,True,True
replay,897,87,87,False,low,True,False,reject,True,True
replay,898,85,85,False,low,True,False,reject,True,True
replay,899,92,92,False,low,True,False,reject,True,True
replay,900,92,92,False,high,True,False,reject,True,True
replay,901,109,109,True,low,True,False,reject,True,True
replay,902,85,85,True,low,True,False,reject,True,True
replay,903,92,92,False,low,True,False,reject,True,True
replay,904,92,92,True,middle,True,False,reject,True,True
replay,905,51,51,False,low,True,False,reject,True,True
replay,906,109,109,False,low,True,False,reject,True,True
replay,907,92,92,True,high,True,False,reject,True,True
replay,908,85,85,False,low,True,False,reject,True,True
replay,909,51,51,False,high,True,False,reject,True,True
replay,910,85,85,True,middle,True,False,reject,True,True
replay,911,92,92,False,high,True,False,reject,True,True
replay,912,109,109,False,high,True,False,reject,True,True
replay,913,85,85,True,high,True,False,reject,True,True
replay,914,109,109,True,low,True,False,reject,True,True
replay,915,87,87,False,low,True,False,reject,True,True
replay,916,87,87,False,middle,True,False,reject,True,True
replay,917,109,109,True,middle,True,False,reject,True,True
replay,918,87,87,False,low,True,False,reject,True,True
replay,919,51,51,False,middle,True,False,reject,True,True
replay,920,51,51,False,high,True,False,reject,True,True
replay,921,109,109,True,middle,True,False,reject,True,True
replay,922,92,92,False,low,True,False,reject,True,True
replay,923,109,109,False,middle,True,False,reject,True,True
replay,924,85,85,False,low,True,False,reject,True,True
replay,925,87,87,False,low,True,False,reject,True,True
replay,926,85,85,False,low,True,False,reject,True,True
replay,927,87,87,False,middle,True,False,reject,True,True
replay,928,87,87,False,low,True,False,reject,True,True
replay,929,87,87,False,high,True,False,reject,True,True
replay,930,51,51,False,high,True,False,reject,True,True
replay,931,92,92,False,high,True,False,reject,True,True
replay,932,92,92,False,high,True,False,reject,True,True
replay,933,85,85,True,high,True,False,reject,True,True
replay,934,87,87,False,high,True,False,reject,True,True
replay,935,85,85,False,high,True,False,reject,True,True
replay,936,87,87,True,middle,True,False,reject,True,True
replay,937,85,85,False,high,True,False,reject,True,True
replay,938,51,51,False,middle,True,False,reject,True,True
replay,939,109,109,False,high,True,False,reject,True,True
replay,940,92,92,False,low,True,False,reject,True,True
replay,941,109,109,False,high,True,False,reject,True,True
replay,942,87,87,False,low,True,False,reject,True,True
replay,943,85,85,False,high,True,False,reject,True,True
replay,944,85,85,False,high,True,False,reject,True,True
replay,945,85,85,True,low,True,False,reject,True,True
replay,946,85,85,True,high,True,False,reject,True,True
replay,947,51,51,True,low,True,False,reject,True,True
replay,948,92,92,False,high,True,False,reject,True,True
replay,949,85,85,False,low,True,False,reject,True,True
replay,950,87,87,False,high,True,False,reject,True,True
replay,951,51,51,False,low,True,False,reject,True,True
replay,952,85,85,False,low,True,False,reject,True,True
replay,953,85,85,True,low,True,False,reject,True,True
replay,954,85,85,True,middle,True,False,reject,True,True
replay,955,85,85,True,middle,True,False,reject,True,True
replay,956,109,109,False,middle,True,False,reject,True,True
replay,957,85,85,True,high,True,False,reject,True,True
replay,958,87,87,False,low,True,False,reject,True,True
replay,959,85,85,False,low,True,False,reject,True,True
replay,960,109,109,False,middle,True,False,reject,True,True
replay,961,85,85,True,middle,True,False,reject,True,True
replay,962,87,87,False,low,True,False,reject,True,True
replay,963,85,85,False,middle,True,False,reject,True,True
replay,964,109,109,False,low,True,False,reject,True,True
replay,965,92,92,False,low,True,False,reject,True,True
replay,966,85,85,False,low,True,False,reject,True,True
replay,967,109,109,False,low,True,False,reject,True,True
replay,968,85,85,False,middle,True,False,reject,True,True
replay,969,51,51,False,middle,True,False,reject,True,True
replay,970,92,92,True,low,True,False,reject,True,True
replay,971,87,87,False,high,True,False,reject,True,True
replay,972,87,87,False,low,True,False,reject,True,True
replay,973,87,87,False,low,True,False,reject,True,True
replay,974,85,85,False,middle,True,False,reject,True,True
replay,975,87,87,False,middle,True,False,reject,True,True
replay,976,85,85,False,low,True,False,reject,True,True
replay,977,87,87,True,high,True,False,reject,True,True
replay,978,87,87,False,high,True,False,reject,True,True
replay,979,85,85,True,middle,True,False,reject,True,True
replay,980,87,87,False,middle,True,False,reject,True,True
replay,981,92,92,False,low,True,False,reject,True,True
replay,982,85,85,False,middle,True,False,reject,True,True
replay,983,92,92,False,middle,True,False,reject,True,True
replay,984,87,87,True,low,True,False,reject,True,True
replay,985,92,92,False,high,True,False,reject,True,True
replay,986,85,85,False,low,True,False,reject,True,True
replay,987,92,92,False,high,True,False,reject,True,True
replay,988,51,51,False,low,True,False,reject,True,True
replay,989,87,87,False,middle,True,False,reject,True,True
replay,990,109,109,True,middle,True,False,reject,True,True
replay,991,87,87,False,low,True,False,reject,True,True
replay,992,51,51,False,high,True,False,reject,True,True
replay,993,51,51,False,low,True,False,reject,True,True
replay,994,87,87,False,low,True,False,reject,True,True
replay,995,92,92,False,high,True,False,reject,True,True
replay,996,92,92,True,middle,True,False,reject,True,True
replay,997,92,92,False,middle,True,False,reject,True,True
replay,998,51,51,False,high,True,False,reject,True,True
replay,999,92,92,False,low,True,False,reject,True,True
replay,1000,109,109,False,low,True,False,reject,True,True
replay,1001,87,87,True,high,True,False,reject,True,True
replay,1002,92,92,False,low,True,False,reject,True,True
replay,1003,92,92,False,middle,True,False,reject,True,True
replay,1004,51,51,False,middle,True,False,reject,True,True
replay,1005,92,92,True,middle,True,False,reject,True,True
replay,1006,109,109,False,low,True,False,reject,True,True
replay,1007,51,51,False,high,True,False,reject,True,True
replay,1008,51,51,True,low,True,False,reject,True,True
replay,1009,87,87,True,low,True,False,reject,True,True
replay,1010,51,51,False,high,True,False,reject,True,True
replay,1011,87,87,False,high,True,False,reject,True,True
replay,1012,87,87,False,high,True,False,reject,True,True
replay,1013,87,87,False,middle,True,False,reject,True,True
replay,1014,85,85,False,middle,True,False,reject,True,True
replay,1015,51,51,False,middle,True,False,reject,True,True
replay,1016,85,85,False,high,True,False,reject,True,True
replay,1017,92,92,False,high,True,False,reject,True,True
replay,1018,87,87,True,low,True,False,reject,True,True
replay,1019,92,92,False,low,True,False,reject,True,True
replay,1020,92,92,True,high,True,False,reject,True,True
replay,1021,87,87,False,low,True,False,reject,True,True
replay,1022,87,87,False,low,True,False,reject,True,True
replay,1023,87,87,False,low,True,False,reject,True,True
replay,1024,51,51,False,low,True,False,reject,True,True
replay,1025,87,87,False,high,True,False,reject,True,True
replay,1026,109,109,True,middle,True,False,reject,True,True
replay,1027,92,92,False,low,True,False,reject,True,True
replay,1028,92,92,False,high,True,False,reject,True,True
replay,1029,92,92,False,middle,True,False,reject,True,True
replay,1030,85,85,False,middle,True,False,reject,True,True
replay,1031,87,87,False,low,True,False,reject,True,True
replay,1032,92,92,False,low,True,False,reject,True,True
replay,1033,51,51,False,low,True,False,reject,True,True
replay,1034,85,85,False,high,True,False,reject,True,True
replay,1035,87,87,True,low,True,False,reject,True,True
replay,1036,92,92,False,high,True,False,reject,True,True
replay,1037,92,92,False,low,True,False,reject,True,True
replay,1038,87,87,False,high,True,False,reject,True,True
replay,1039,92,92,False,high,True,False,reject,True,True
replay,1040,85,85,False,middle,True,False,reject,True,True
replay,1041,109,109,True,high,True,False,reject,True,True
replay,1042,87,87,False,high,True,False,reject,True,True
replay,1043,85,85,False,low,True,False,reject,True,True
replay,1044,51,51,False,low,True,False,reject,True,True
replay,1045,87,87,False,high,True,False,reject,True,True
replay,1046,51,51,False,high,True,False,reject,True,True
replay,1047,87,87,False,low,True,False,reject,True,True
replay,1048,51,51,False,middle,True,False,reject,True,True
replay,1049,87,87,False,high,True,False,reject,True,True
replay,1050,87,87,False,middle,True,False,reject,True,True
replay,1051,87,87,False,low,True,False,reject,True,True
replay,1052,85,85,True,low,True,False,reject,True,True
replay,1053,92,92,False,low,True,False,reject,True,True
replay,1054,92,92,False,middle,True,False,reject,True,True
replay,1055,85,85,False,high,True,False,reject,True,True
replay,1056,92,92,False,low,True,False,reject,True,True
replay,1057,92,92,False,low,True,False,reject,True,True
replay,1058,85,85,False,low,True,False,reject,True,True
replay,1059,85,85,True,high,True,False,reject,True,True
replay,1060,92,92,False,low,True,False,reject,True,True
replay,1061,85,85,False,high,True,False,reject,True,True
replay,1062,87,87,False,low,True,False,reject,True,True
replay,1063,92,92,False,high,True,False,reject,True,True
replay,1064,87,87,True,middle,True,False,reject,True,True
replay,1065,92,92,False,low,True,False,reject,True,True
replay,1066,85,85,True,low,True,False,reject,True,True
replay,1067,109,109,True,high,True,False,reject,True,True
replay,1068,109,109,True,high,True,False,reject,True,True
replay,1069,92,92,True,middle,True,False,reject,True,True
replay,1070,92,92,False,low,True,False,reject,True,True
replay,1071,92,92,False,low,True,False,reject,True,True
replay,1072,85,85,False,middle,True,False,reject,True,True
replay,1073,87,87,False,high,True,False,reject,True,True
replay,1074,92,92,False,low,True,False,reject,True,True
replay,1075,51,51,False,high,True,False,reject,True,True
replay,1076,87,87,False,high,True,False,reject,True,True
replay,1077,51,51,False,low,True,False,reject,True,True
replay,1078,92,92,False,low,True,False,reject,True,True
replay,1079,87,87,False,low,True,False,reject,True,True
replay,1080,85,85,True,high,True,False,reject,True,True
replay,1081,92,92,True,low,True,False,reject,True,True
replay,1082,51,51,False,low,True,False,reject,True,True
replay,1083,51,51,False,low,True,False,reject,True,True
replay,1084,87,87,False,low,True,False,reject,True,True
replay,1085,87,87,False,low,True,False,reject,True,True
replay,1086,85,85,False,high,True,False,reject,True,True
replay,1087,87,87,False,low,True,False,reject,True,True
replay,1088,85,85,True,high,True,False,reject,True,True
replay,1089,109,109,True,low,True,False,reject,True,True
replay,1090,87,87,False,low,True,False,reject,True,True
replay,1091,87,87,False,high,True,False,reject,True,True
replay,1092,87,87,False,middle,True,False,reject,True,True
replay,1093,85,85,True,high,True,False,reject,True,True
replay,1094,85,85,False,middle,True,False,reject,True,True
replay,1095,92,92,False,high,True,False,reject,True,True
replay,1096,87,87,True,high,True,False,reject,True,True
replay,1097,109,109,False,low,True,False,reject,True,True
replay,1098,109,109,False,low,True,False,reject,True,True
replay,1099,85,85,True,high,True,False,reject,True,True
replay,1100,109,109,False,high,True,False,reject,True,True
replay,1101,85,85,False,middle,True,False,reject,True,True
replay,1102,92,92,True,high,True,False,reject,True,True
replay,1103,87,87,False,middle,True,False,reject,True,True
replay,1104,109,109,False,low,True,False,reject,True,True
replay,1105,109,109,False,low,True,False,reject,True,True
replay,1106,51,51,False,middle,True,False,reject,True,True
replay,1107,85,85,False,low,True,False,reject,True,True
replay,1108,92,92,False,middle,True,False,reject,True,True
replay,1109,51,51,False,low,True,False,reject,True,True
replay,1110,51,51,False,high,True,False,reject,True,True
replay,1111,92,92,False,middle,True,False,reject,True,True
replay,1112,92,92,False,high,True,False,reject,True,True
replay,1113,85,85,False,high,True,False,reject,True,True
replay,1114,51,51,True,low,True,False,reject,True,True
replay,1115,87,87,False,middle,True,False,reject,True,True
replay,1116,87,87,False,low,True,False,reject,True,True
replay,1117,87,87,True,high,True,False,reject,True,True
replay,1118,85,85,False,high,True,False,reject,True,True
replay,1119,92,92,False,low,True,False,reject,True,True
replay,1120,92,92,False,low,True,False,reject,True,True
replay,1121,92,92,False,middle,True,False,reject,True,True
replay,1122,51,51,False,high,True,False,reject,True,True
replay,1123,109,109,True,middle,True,False,reject,True,True
replay,1124,51,51,False,middle,True,False,reject,True,True
replay,1125,87,87,False,low,True,False,reject,True,True
replay,1126,87,87,True,low,True,False,reject,True,True
replay,1127,92,92,True,high,True,False,reject,True,True
replay,1128,109,109,False,high,True,False,reject,True,True
replay,1129,109,109,False,middle,True,False,reject,True,True
replay,1130,51,51,True,middle,True,False,reject,True,True
replay,1131,85,85,False,low,True,False,reject,True,True
replay,1132,85,85,False,low,True,False,reject,True,True
replay,1133,85,85,True,high,True,False,reject,True,True
replay,1134,85,85,True,low,True,False,reject,True,True
replay,1135,87,87,False,middle,True,False,reject,True,True
replay,1136,109,109,False,middle,True,False,reject,True,True
replay,1137,87,87,False,low,True,False,reject,True,True
replay,1138,92,92,False,high,True,False,reject,True,True
replay,1139,92,92,False,high,True,False,reject,True,True
replay,1140,92,92,False,middle,True,False,reject,True,True
replay,1141,92,92,False,middle,True,False,reject,True,True
replay,1142,85,85,True,middle,True,False,reject,True,True
replay,1143,85,85,False,low,True,False,reject,True,True
replay,1144,87,87,True,low,True,False,reject,True,True
replay,1145,92,92,False,middle,True,False,reject,True,True
replay,1146,109,109,False,high,True,False,reject,True,True
replay,1147,85,85,True,low,True,False,reject,True,True
replay,1148,92,92,False,high,True,False,reject,True,True
replay,1149,87,87,False,high,True,False,reject,True,True
replay,1150,51,51,False,high,True,False,reject,True,True
replay,1151,51,51,False,middle,True,False,reject,True,True
replay,1152,92,92,False,low,True,False,reject,True,True
replay,1153,109,109,True,low,True,False,reject,True,True
replay,1154,109,109,False,low,True,False,reject,True,True
replay,1155,51,51,True,middle,True,False,reject,True,True
replay,1156,109,109,True,high,True,False,reject,True,True
replay,1157,92,92,False,high,True,False,reject,True,True
replay,1158,51,51,False,low,True,False,reject,True,True
replay,1159,87,87,False,low,True,False,reject,True,True
replay,1160,109,109,False,high,True,False,reject,True,True
replay,1161,109,109,True,low,True,False,reject,True,True
replay,1162,87,87,False,middle,True,False,reject,True,True
replay,1163,87,87,False,middle,True,False,reject,True,True
replay,1164,109,109,False,high,True,False,reject,True,True
replay,1165,92,92,False,middle,True,False,reject,True,True
replay,1166,51,51,False,high,True,False,reject,True,True
replay,1167,109,109,False,high,True,False,reject,True,True
replay,1168,92,92,False,high,True,False,reject,True,True
replay,1169,51,51,False,low,True,False,reject,True,True
replay,1170,109,109,True,middle,True,False,reject,True,True
replay,1171,92,92,False,middle,True,False,reject,True,True
replay,1172,51,51,False,middle,True,False,reject,True,True
replay,1173,85,85,False,middle,True,False,reject,True,True
replay,1174,92,92,True,high,True,False,reject,True,True
replay,1175,109,109,True,low,True,False,reject,True,True
replay,1176,85,85,True,middle,True,False,reject,True,True
replay,1177,87,87,False,high,True,False,reject,True,True
replay,1178,85,85,False,low,True,False,reject,True,True
replay,1179,85,85,True,middle,True,False,reject,True,True
replay,1180,109,109,True,high,True,False,reject,True,True
replay,1181,51,51,False,low,True,False,reject,True,True
replay,1182,51,51,True,low,True,False,reject,True,True
replay,1183,85,85,False,low,True,False,reject,True,True
replay,1184,85,85,False,high,True,False,reject,True,True
replay,1185,85,85,True,high,True,False,reject,True,True
replay,1186,51,51,False,high,True,False,reject,True,True
replay,1187,85,85,False,middle,True,False,reject,True,True
replay,1188,109,109,False,middle,True,False,reject,True,True
replay,1189,85,85,True,high,True,False,reject,True,True
replay,1190,85,85,False,low,True,False,reject,True,True
replay,1191,85,85,False,high,True,False,reject,True,True
replay,1192,51,51,False,high,True,False,reject,True,True
replay,1193,85,85,False,low,True,False,reject,True,True
replay,1194,109,109,False,low,True,False,reject,True,True
replay,1195,92,92,False,high,True,False,reject,True,True
replay,1196,87,87,False,high,True,False,reject,True,True
replay,1197,87,87,False,high,True,False,reject,True,True
replay,1198,85,85,True,high,True,False,reject,True,True
replay,1199,92,92,False,high,True,False,reject,True,True
replay,1200,85,85,True,high,True,False,reject,True,True
replay,1201,51,51,True,high,True,False,reject,True,True
replay,1202,109,109,False,low,True,False,reject,True,True
replay,1203,87,87,True,low,True,False,reject,True,True
replay,1204,87,87,False,low,True,False,reject,True,True
replay,1205,51,51,False,low,True,False,reject,True,True
replay,1206,85,85,False,low,True,False,reject,True,True
replay,1207,85,85,False,low,True,False,reject,True,True
replay,1208,109,109,False,middle,True,False,reject,True,True
replay,1209,51,51,False,middle,True,False,reject,True,True
replay,1210,51,51,False,low,True,False,reject,True,True
replay,1211,51,51,False,low,True,False,reject,True,True
replay,1212,109,109,False,low,True,False,reject,True,True
replay,1213,85,85,False,low,True,False,reject,True,True
replay,1214,85,85,False,high,True,False,reject,True,True
replay,1215,51,51,True,high,True,False,reject,True,True
replay,1216,85,85,False,high,True,False,reject,True,True
replay,1217,92,92,False,middle,True,False,reject,True,True
replay,1218,87,87,False,low,True,False,reject,True,True
replay,1219,109,109,False,low,True,False,reject,True,True
replay,1220,92,92,False,middle,True,False,reject,True,True
replay,1221,92,92,False,high,True,False,reject,True,True
replay,1222,92,92,False,high,True,False,reject,True,True
replay,1223,51,51,False,high,True,False,reject,True,True
replay,1224,109,109,True,low,True,False,reject,True,True
replay,1225,85,85,True,low,True,False,reject,True,True
replay,1226,109,109,False,middle,True,False,reject,True,True
replay,1227,85,85,False,low,True,False,reject,True,True
replay,1228,92,92,False,low,True,False,reject,True,True
replay,1229,92,92,True,low,True,False,reject,True,True
replay,1230,85,85,False,high,True,False,reject,True,True
replay,1231,92,92,False,high,True,False,reject,True,True
replay,1232,92,92,False,high,True,False,reject,True,True
